package	version	interface	namespace	command	target	source_url
python-heatclient	4.1.0	OSC	openstack.orchestration.v1	openstack orchestration build info	heatclient.osc.v1.build_info:BuildInfo	https://opendev.org/openstack/python-heatclient/src/tag/4.1.0/setup.cfg#L40
python-heatclient	4.1.0	OSC	openstack.orchestration.v1	openstack orchestration resource type list	heatclient.osc.v1.resource_type:ResourceTypeList	https://opendev.org/openstack/python-heatclient/src/tag/4.1.0/setup.cfg#L45
python-heatclient	4.1.0	OSC	openstack.orchestration.v1	openstack orchestration resource type show	heatclient.osc.v1.resource_type:ResourceTypeShow	https://opendev.org/openstack/python-heatclient/src/tag/4.1.0/setup.cfg#L46
python-heatclient	4.1.0	OSC	openstack.orchestration.v1	openstack orchestration service list	heatclient.osc.v1.service:ListService	https://opendev.org/openstack/python-heatclient/src/tag/4.1.0/setup.cfg#L41
python-heatclient	4.1.0	OSC	openstack.orchestration.v1	openstack orchestration template function list	heatclient.osc.v1.template:FunctionList	https://opendev.org/openstack/python-heatclient/src/tag/4.1.0/setup.cfg#L42
python-heatclient	4.1.0	OSC	openstack.orchestration.v1	openstack orchestration template validate	heatclient.osc.v1.template:Validate	https://opendev.org/openstack/python-heatclient/src/tag/4.1.0/setup.cfg#L43
python-heatclient	4.1.0	OSC	openstack.orchestration.v1	openstack orchestration template version list	heatclient.osc.v1.template:VersionList	https://opendev.org/openstack/python-heatclient/src/tag/4.1.0/setup.cfg#L44
python-heatclient	4.1.0	OSC	openstack.orchestration.v1	openstack software config create	heatclient.osc.v1.software_config:CreateConfig	https://opendev.org/openstack/python-heatclient/src/tag/4.1.0/setup.cfg#L47
python-heatclient	4.1.0	OSC	openstack.orchestration.v1	openstack software config delete	heatclient.osc.v1.software_config:DeleteConfig	https://opendev.org/openstack/python-heatclient/src/tag/4.1.0/setup.cfg#L48
python-heatclient	4.1.0	OSC	openstack.orchestration.v1	openstack software config list	heatclient.osc.v1.software_config:ListConfig	https://opendev.org/openstack/python-heatclient/src/tag/4.1.0/setup.cfg#L49
python-heatclient	4.1.0	OSC	openstack.orchestration.v1	openstack software config show	heatclient.osc.v1.software_config:ShowConfig	https://opendev.org/openstack/python-heatclient/src/tag/4.1.0/setup.cfg#L50
python-heatclient	4.1.0	OSC	openstack.orchestration.v1	openstack software deployment create	heatclient.osc.v1.software_deployment:CreateDeployment	https://opendev.org/openstack/python-heatclient/src/tag/4.1.0/setup.cfg#L51
python-heatclient	4.1.0	OSC	openstack.orchestration.v1	openstack software deployment delete	heatclient.osc.v1.software_deployment:DeleteDeployment	https://opendev.org/openstack/python-heatclient/src/tag/4.1.0/setup.cfg#L52
python-heatclient	4.1.0	OSC	openstack.orchestration.v1	openstack software deployment list	heatclient.osc.v1.software_deployment:ListDeployment	https://opendev.org/openstack/python-heatclient/src/tag/4.1.0/setup.cfg#L53
python-heatclient	4.1.0	OSC	openstack.orchestration.v1	openstack software deployment metadata show	heatclient.osc.v1.software_deployment:ShowMetadataDeployment	https://opendev.org/openstack/python-heatclient/src/tag/4.1.0/setup.cfg#L54
python-heatclient	4.1.0	OSC	openstack.orchestration.v1	openstack software deployment output show	heatclient.osc.v1.software_deployment:ShowOutputDeployment	https://opendev.org/openstack/python-heatclient/src/tag/4.1.0/setup.cfg#L55
python-heatclient	4.1.0	OSC	openstack.orchestration.v1	openstack software deployment show	heatclient.osc.v1.software_deployment:ShowDeployment	https://opendev.org/openstack/python-heatclient/src/tag/4.1.0/setup.cfg#L56
python-heatclient	4.1.0	OSC	openstack.orchestration.v1	openstack stack abandon	heatclient.osc.v1.stack:AbandonStack	https://opendev.org/openstack/python-heatclient/src/tag/4.1.0/setup.cfg#L57
python-heatclient	4.1.0	OSC	openstack.orchestration.v1	openstack stack adopt	heatclient.osc.v1.stack:AdoptStack	https://opendev.org/openstack/python-heatclient/src/tag/4.1.0/setup.cfg#L59
python-heatclient	4.1.0	OSC	openstack.orchestration.v1	openstack stack cancel	heatclient.osc.v1.stack:CancelStack	https://opendev.org/openstack/python-heatclient/src/tag/4.1.0/setup.cfg#L60
python-heatclient	4.1.0	OSC	openstack.orchestration.v1	openstack stack check	heatclient.osc.v1.stack:CheckStack	https://opendev.org/openstack/python-heatclient/src/tag/4.1.0/setup.cfg#L61
python-heatclient	4.1.0	OSC	openstack.orchestration.v1	openstack stack create	heatclient.osc.v1.stack:CreateStack	https://opendev.org/openstack/python-heatclient/src/tag/4.1.0/setup.cfg#L62
python-heatclient	4.1.0	OSC	openstack.orchestration.v1	openstack stack delete	heatclient.osc.v1.stack:DeleteStack	https://opendev.org/openstack/python-heatclient/src/tag/4.1.0/setup.cfg#L63
python-heatclient	4.1.0	OSC	openstack.orchestration.v1	openstack stack environment show	heatclient.osc.v1.stack:EnvironmentShowStack	https://opendev.org/openstack/python-heatclient/src/tag/4.1.0/setup.cfg#L66
python-heatclient	4.1.0	OSC	openstack.orchestration.v1	openstack stack event list	heatclient.osc.v1.event:ListEvent	https://opendev.org/openstack/python-heatclient/src/tag/4.1.0/setup.cfg#L64
python-heatclient	4.1.0	OSC	openstack.orchestration.v1	openstack stack event show	heatclient.osc.v1.event:ShowEvent	https://opendev.org/openstack/python-heatclient/src/tag/4.1.0/setup.cfg#L65
python-heatclient	4.1.0	OSC	openstack.orchestration.v1	openstack stack export	heatclient.osc.v1.stack:ExportStack	https://opendev.org/openstack/python-heatclient/src/tag/4.1.0/setup.cfg#L58
python-heatclient	4.1.0	OSC	openstack.orchestration.v1	openstack stack failures list	heatclient.osc.v1.stack_failures:ListStackFailures	https://opendev.org/openstack/python-heatclient/src/tag/4.1.0/setup.cfg#L67
python-heatclient	4.1.0	OSC	openstack.orchestration.v1	openstack stack file list	heatclient.osc.v1.stack:ListFileStack	https://opendev.org/openstack/python-heatclient/src/tag/4.1.0/setup.cfg#L68
python-heatclient	4.1.0	OSC	openstack.orchestration.v1	openstack stack hook clear	heatclient.osc.v1.stack:StackHookClear	https://opendev.org/openstack/python-heatclient/src/tag/4.1.0/setup.cfg#L69
python-heatclient	4.1.0	OSC	openstack.orchestration.v1	openstack stack hook poll	heatclient.osc.v1.stack:StackHookPoll	https://opendev.org/openstack/python-heatclient/src/tag/4.1.0/setup.cfg#L70
python-heatclient	4.1.0	OSC	openstack.orchestration.v1	openstack stack list	heatclient.osc.v1.stack:ListStack	https://opendev.org/openstack/python-heatclient/src/tag/4.1.0/setup.cfg#L71
python-heatclient	4.1.0	OSC	openstack.orchestration.v1	openstack stack output list	heatclient.osc.v1.stack:OutputListStack	https://opendev.org/openstack/python-heatclient/src/tag/4.1.0/setup.cfg#L72
python-heatclient	4.1.0	OSC	openstack.orchestration.v1	openstack stack output show	heatclient.osc.v1.stack:OutputShowStack	https://opendev.org/openstack/python-heatclient/src/tag/4.1.0/setup.cfg#L73
python-heatclient	4.1.0	OSC	openstack.orchestration.v1	openstack stack resource list	heatclient.osc.v1.resource:ResourceList	https://opendev.org/openstack/python-heatclient/src/tag/4.1.0/setup.cfg#L74
python-heatclient	4.1.0	OSC	openstack.orchestration.v1	openstack stack resource mark unhealthy	heatclient.osc.v1.resource:ResourceMarkUnhealthy	https://opendev.org/openstack/python-heatclient/src/tag/4.1.0/setup.cfg#L75
python-heatclient	4.1.0	OSC	openstack.orchestration.v1	openstack stack resource metadata	heatclient.osc.v1.resource:ResourceMetadata	https://opendev.org/openstack/python-heatclient/src/tag/4.1.0/setup.cfg#L76
python-heatclient	4.1.0	OSC	openstack.orchestration.v1	openstack stack resource show	heatclient.osc.v1.resource:ResourceShow	https://opendev.org/openstack/python-heatclient/src/tag/4.1.0/setup.cfg#L77
python-heatclient	4.1.0	OSC	openstack.orchestration.v1	openstack stack resource signal	heatclient.osc.v1.resource:ResourceSignal	https://opendev.org/openstack/python-heatclient/src/tag/4.1.0/setup.cfg#L78
python-heatclient	4.1.0	OSC	openstack.orchestration.v1	openstack stack resume	heatclient.osc.v1.stack:ResumeStack	https://opendev.org/openstack/python-heatclient/src/tag/4.1.0/setup.cfg#L79
python-heatclient	4.1.0	OSC	openstack.orchestration.v1	openstack stack show	heatclient.osc.v1.stack:ShowStack	https://opendev.org/openstack/python-heatclient/src/tag/4.1.0/setup.cfg#L80
python-heatclient	4.1.0	OSC	openstack.orchestration.v1	openstack stack snapshot create	heatclient.osc.v1.snapshot:CreateSnapshot	https://opendev.org/openstack/python-heatclient/src/tag/4.1.0/setup.cfg#L81
python-heatclient	4.1.0	OSC	openstack.orchestration.v1	openstack stack snapshot delete	heatclient.osc.v1.snapshot:DeleteSnapshot	https://opendev.org/openstack/python-heatclient/src/tag/4.1.0/setup.cfg#L82
python-heatclient	4.1.0	OSC	openstack.orchestration.v1	openstack stack snapshot list	heatclient.osc.v1.snapshot:ListSnapshot	https://opendev.org/openstack/python-heatclient/src/tag/4.1.0/setup.cfg#L83
python-heatclient	4.1.0	OSC	openstack.orchestration.v1	openstack stack snapshot restore	heatclient.osc.v1.snapshot:RestoreSnapshot	https://opendev.org/openstack/python-heatclient/src/tag/4.1.0/setup.cfg#L84
python-heatclient	4.1.0	OSC	openstack.orchestration.v1	openstack stack snapshot show	heatclient.osc.v1.snapshot:ShowSnapshot	https://opendev.org/openstack/python-heatclient/src/tag/4.1.0/setup.cfg#L85
python-heatclient	4.1.0	OSC	openstack.orchestration.v1	openstack stack suspend	heatclient.osc.v1.stack:SuspendStack	https://opendev.org/openstack/python-heatclient/src/tag/4.1.0/setup.cfg#L86
python-heatclient	4.1.0	OSC	openstack.orchestration.v1	openstack stack template show	heatclient.osc.v1.stack:TemplateShowStack	https://opendev.org/openstack/python-heatclient/src/tag/4.1.0/setup.cfg#L87
python-heatclient	4.1.0	OSC	openstack.orchestration.v1	openstack stack update	heatclient.osc.v1.stack:UpdateStack	https://opendev.org/openstack/python-heatclient/src/tag/4.1.0/setup.cfg#L88
python-ironicclient	5.10.0	OSC	openstack.baremetal.v1	openstack baremetal allocation create	ironicclient.osc.v1.baremetal_allocation:CreateBaremetalAllocation	https://github.com/openstack/python-ironicclient/blob/5.10.0/setup.cfg
python-ironicclient	5.10.0	OSC	openstack.baremetal.v1	openstack baremetal allocation delete	ironicclient.osc.v1.baremetal_allocation:DeleteBaremetalAllocation	https://github.com/openstack/python-ironicclient/blob/5.10.0/setup.cfg
python-ironicclient	5.10.0	OSC	openstack.baremetal.v1	openstack baremetal allocation list	ironicclient.osc.v1.baremetal_allocation:ListBaremetalAllocation	https://github.com/openstack/python-ironicclient/blob/5.10.0/setup.cfg
python-ironicclient	5.10.0	OSC	openstack.baremetal.v1	openstack baremetal allocation set	ironicclient.osc.v1.baremetal_allocation:SetBaremetalAllocation	https://github.com/openstack/python-ironicclient/blob/5.10.0/setup.cfg
python-ironicclient	5.10.0	OSC	openstack.baremetal.v1	openstack baremetal allocation show	ironicclient.osc.v1.baremetal_allocation:ShowBaremetalAllocation	https://github.com/openstack/python-ironicclient/blob/5.10.0/setup.cfg
python-ironicclient	5.10.0	OSC	openstack.baremetal.v1	openstack baremetal allocation unset	ironicclient.osc.v1.baremetal_allocation:UnsetBaremetalAllocation	https://github.com/openstack/python-ironicclient/blob/5.10.0/setup.cfg
python-ironicclient	5.10.0	OSC	openstack.baremetal.v1	openstack baremetal chassis create	ironicclient.osc.v1.baremetal_chassis:CreateBaremetalChassis	https://github.com/openstack/python-ironicclient/blob/5.10.0/setup.cfg
python-ironicclient	5.10.0	OSC	openstack.baremetal.v1	openstack baremetal chassis delete	ironicclient.osc.v1.baremetal_chassis:DeleteBaremetalChassis	https://github.com/openstack/python-ironicclient/blob/5.10.0/setup.cfg
python-ironicclient	5.10.0	OSC	openstack.baremetal.v1	openstack baremetal chassis list	ironicclient.osc.v1.baremetal_chassis:ListBaremetalChassis	https://github.com/openstack/python-ironicclient/blob/5.10.0/setup.cfg
python-ironicclient	5.10.0	OSC	openstack.baremetal.v1	openstack baremetal chassis set	ironicclient.osc.v1.baremetal_chassis:SetBaremetalChassis	https://github.com/openstack/python-ironicclient/blob/5.10.0/setup.cfg
python-ironicclient	5.10.0	OSC	openstack.baremetal.v1	openstack baremetal chassis show	ironicclient.osc.v1.baremetal_chassis:ShowBaremetalChassis	https://github.com/openstack/python-ironicclient/blob/5.10.0/setup.cfg
python-ironicclient	5.10.0	OSC	openstack.baremetal.v1	openstack baremetal chassis unset	ironicclient.osc.v1.baremetal_chassis:UnsetBaremetalChassis	https://github.com/openstack/python-ironicclient/blob/5.10.0/setup.cfg
python-ironicclient	5.10.0	OSC	openstack.baremetal.v1	openstack baremetal conductor list	ironicclient.osc.v1.baremetal_conductor:ListBaremetalConductor	https://github.com/openstack/python-ironicclient/blob/5.10.0/setup.cfg
python-ironicclient	5.10.0	OSC	openstack.baremetal.v1	openstack baremetal conductor show	ironicclient.osc.v1.baremetal_conductor:ShowBaremetalConductor	https://github.com/openstack/python-ironicclient/blob/5.10.0/setup.cfg
python-ironicclient	5.10.0	OSC	openstack.baremetal.v1	openstack baremetal create	ironicclient.osc.v1.baremetal_create:CreateBaremetal	https://github.com/openstack/python-ironicclient/blob/5.10.0/setup.cfg
python-ironicclient	5.10.0	OSC	openstack.baremetal.v1	openstack baremetal deploy template create	ironicclient.osc.v1.baremetal_deploy_template:CreateBaremetalDeployTemplate	https://github.com/openstack/python-ironicclient/blob/5.10.0/setup.cfg
python-ironicclient	5.10.0	OSC	openstack.baremetal.v1	openstack baremetal deploy template delete	ironicclient.osc.v1.baremetal_deploy_template:DeleteBaremetalDeployTemplate	https://github.com/openstack/python-ironicclient/blob/5.10.0/setup.cfg
python-ironicclient	5.10.0	OSC	openstack.baremetal.v1	openstack baremetal deploy template list	ironicclient.osc.v1.baremetal_deploy_template:ListBaremetalDeployTemplate	https://github.com/openstack/python-ironicclient/blob/5.10.0/setup.cfg
python-ironicclient	5.10.0	OSC	openstack.baremetal.v1	openstack baremetal deploy template set	ironicclient.osc.v1.baremetal_deploy_template:SetBaremetalDeployTemplate	https://github.com/openstack/python-ironicclient/blob/5.10.0/setup.cfg
python-ironicclient	5.10.0	OSC	openstack.baremetal.v1	openstack baremetal deploy template show	ironicclient.osc.v1.baremetal_deploy_template:ShowBaremetalDeployTemplate	https://github.com/openstack/python-ironicclient/blob/5.10.0/setup.cfg
python-ironicclient	5.10.0	OSC	openstack.baremetal.v1	openstack baremetal deploy template unset	ironicclient.osc.v1.baremetal_deploy_template:UnsetBaremetalDeployTemplate	https://github.com/openstack/python-ironicclient/blob/5.10.0/setup.cfg
python-ironicclient	5.10.0	OSC	openstack.baremetal.v1	openstack baremetal driver list	ironicclient.osc.v1.baremetal_driver:ListBaremetalDriver	https://github.com/openstack/python-ironicclient/blob/5.10.0/setup.cfg
python-ironicclient	5.10.0	OSC	openstack.baremetal.v1	openstack baremetal driver passthru call	ironicclient.osc.v1.baremetal_driver:PassthruCallBaremetalDriver	https://github.com/openstack/python-ironicclient/blob/5.10.0/setup.cfg
python-ironicclient	5.10.0	OSC	openstack.baremetal.v1	openstack baremetal driver passthru list	ironicclient.osc.v1.baremetal_driver:PassthruListBaremetalDriver	https://github.com/openstack/python-ironicclient/blob/5.10.0/setup.cfg
python-ironicclient	5.10.0	OSC	openstack.baremetal.v1	openstack baremetal driver property list	ironicclient.osc.v1.baremetal_driver:ListBaremetalDriverProperty	https://github.com/openstack/python-ironicclient/blob/5.10.0/setup.cfg
python-ironicclient	5.10.0	OSC	openstack.baremetal.v1	openstack baremetal driver raid property list	ironicclient.osc.v1.baremetal_driver:ListBaremetalDriverRaidProperty	https://github.com/openstack/python-ironicclient/blob/5.10.0/setup.cfg
python-ironicclient	5.10.0	OSC	openstack.baremetal.v1	openstack baremetal driver show	ironicclient.osc.v1.baremetal_driver:ShowBaremetalDriver	https://github.com/openstack/python-ironicclient/blob/5.10.0/setup.cfg
python-ironicclient	5.10.0	OSC	openstack.baremetal.v1	openstack baremetal node abort	ironicclient.osc.v1.baremetal_node:AbortBaremetalNode	https://github.com/openstack/python-ironicclient/blob/5.10.0/setup.cfg
python-ironicclient	5.10.0	OSC	openstack.baremetal.v1	openstack baremetal node add trait	ironicclient.osc.v1.baremetal_node:AddTraitBaremetalNode	https://github.com/openstack/python-ironicclient/blob/5.10.0/setup.cfg
python-ironicclient	5.10.0	OSC	openstack.baremetal.v1	openstack baremetal node adopt	ironicclient.osc.v1.baremetal_node:AdoptBaremetalNode	https://github.com/openstack/python-ironicclient/blob/5.10.0/setup.cfg
python-ironicclient	5.10.0	OSC	openstack.baremetal.v1	openstack baremetal node bios setting list	ironicclient.osc.v1.baremetal_node:ListBIOSSettingBaremetalNode	https://github.com/openstack/python-ironicclient/blob/5.10.0/setup.cfg
python-ironicclient	5.10.0	OSC	openstack.baremetal.v1	openstack baremetal node bios setting show	ironicclient.osc.v1.baremetal_node:BIOSSettingShowBaremetalNode	https://github.com/openstack/python-ironicclient/blob/5.10.0/setup.cfg
python-ironicclient	5.10.0	OSC	openstack.baremetal.v1	openstack baremetal node boot device set	ironicclient.osc.v1.baremetal_node:BootdeviceSetBaremetalNode	https://github.com/openstack/python-ironicclient/blob/5.10.0/setup.cfg
python-ironicclient	5.10.0	OSC	openstack.baremetal.v1	openstack baremetal node boot device show	ironicclient.osc.v1.baremetal_node:BootdeviceShowBaremetalNode	https://github.com/openstack/python-ironicclient/blob/5.10.0/setup.cfg
python-ironicclient	5.10.0	OSC	openstack.baremetal.v1	openstack baremetal node boot mode set	ironicclient.osc.v1.baremetal_node:BootmodeSetBaremetalNode	https://github.com/openstack/python-ironicclient/blob/5.10.0/setup.cfg
python-ironicclient	5.10.0	OSC	openstack.baremetal.v1	openstack baremetal node children list	ironicclient.osc.v1.baremetal_node:NodeChildrenList	https://github.com/openstack/python-ironicclient/blob/5.10.0/setup.cfg
python-ironicclient	5.10.0	OSC	openstack.baremetal.v1	openstack baremetal node clean	ironicclient.osc.v1.baremetal_node:CleanBaremetalNode	https://github.com/openstack/python-ironicclient/blob/5.10.0/setup.cfg
python-ironicclient	5.10.0	OSC	openstack.baremetal.v1	openstack baremetal node console disable	ironicclient.osc.v1.baremetal_node:ConsoleDisableBaremetalNode	https://github.com/openstack/python-ironicclient/blob/5.10.0/setup.cfg
python-ironicclient	5.10.0	OSC	openstack.baremetal.v1	openstack baremetal node console enable	ironicclient.osc.v1.baremetal_node:ConsoleEnableBaremetalNode	https://github.com/openstack/python-ironicclient/blob/5.10.0/setup.cfg
python-ironicclient	5.10.0	OSC	openstack.baremetal.v1	openstack baremetal node console show	ironicclient.osc.v1.baremetal_node:ConsoleShowBaremetalNode	https://github.com/openstack/python-ironicclient/blob/5.10.0/setup.cfg
python-ironicclient	5.10.0	OSC	openstack.baremetal.v1	openstack baremetal node create	ironicclient.osc.v1.baremetal_node:CreateBaremetalNode	https://github.com/openstack/python-ironicclient/blob/5.10.0/setup.cfg
python-ironicclient	5.10.0	OSC	openstack.baremetal.v1	openstack baremetal node delete	ironicclient.osc.v1.baremetal_node:DeleteBaremetalNode	https://github.com/openstack/python-ironicclient/blob/5.10.0/setup.cfg
python-ironicclient	5.10.0	OSC	openstack.baremetal.v1	openstack baremetal node deploy	ironicclient.osc.v1.baremetal_node:DeployBaremetalNode	https://github.com/openstack/python-ironicclient/blob/5.10.0/setup.cfg
python-ironicclient	5.10.0	OSC	openstack.baremetal.v1	openstack baremetal node firmware list	ironicclient.osc.v1.baremetal_node:ListFirmwareComponentBaremetalNode	https://github.com/openstack/python-ironicclient/blob/5.10.0/setup.cfg
python-ironicclient	5.10.0	OSC	openstack.baremetal.v1	openstack baremetal node history get	ironicclient.osc.v1.baremetal_node:NodeHistoryEventGet	https://github.com/openstack/python-ironicclient/blob/5.10.0/setup.cfg
python-ironicclient	5.10.0	OSC	openstack.baremetal.v1	openstack baremetal node history list	ironicclient.osc.v1.baremetal_node:NodeHistoryList	https://github.com/openstack/python-ironicclient/blob/5.10.0/setup.cfg
python-ironicclient	5.10.0	OSC	openstack.baremetal.v1	openstack baremetal node inject nmi	ironicclient.osc.v1.baremetal_node:InjectNmiBaremetalNode	https://github.com/openstack/python-ironicclient/blob/5.10.0/setup.cfg
python-ironicclient	5.10.0	OSC	openstack.baremetal.v1	openstack baremetal node inspect	ironicclient.osc.v1.baremetal_node:InspectBaremetalNode	https://github.com/openstack/python-ironicclient/blob/5.10.0/setup.cfg
python-ironicclient	5.10.0	OSC	openstack.baremetal.v1	openstack baremetal node inventory save	ironicclient.osc.v1.baremetal_node:NodeInventorySave	https://github.com/openstack/python-ironicclient/blob/5.10.0/setup.cfg
python-ironicclient	5.10.0	OSC	openstack.baremetal.v1	openstack baremetal node list	ironicclient.osc.v1.baremetal_node:ListBaremetalNode	https://github.com/openstack/python-ironicclient/blob/5.10.0/setup.cfg
python-ironicclient	5.10.0	OSC	openstack.baremetal.v1	openstack baremetal node maintenance set	ironicclient.osc.v1.baremetal_node:MaintenanceSetBaremetalNode	https://github.com/openstack/python-ironicclient/blob/5.10.0/setup.cfg
python-ironicclient	5.10.0	OSC	openstack.baremetal.v1	openstack baremetal node maintenance unset	ironicclient.osc.v1.baremetal_node:MaintenanceUnsetBaremetalNode	https://github.com/openstack/python-ironicclient/blob/5.10.0/setup.cfg
python-ironicclient	5.10.0	OSC	openstack.baremetal.v1	openstack baremetal node manage	ironicclient.osc.v1.baremetal_node:ManageBaremetalNode	https://github.com/openstack/python-ironicclient/blob/5.10.0/setup.cfg
python-ironicclient	5.10.0	OSC	openstack.baremetal.v1	openstack baremetal node passthru call	ironicclient.osc.v1.baremetal_node:PassthruCallBaremetalNode	https://github.com/openstack/python-ironicclient/blob/5.10.0/setup.cfg
python-ironicclient	5.10.0	OSC	openstack.baremetal.v1	openstack baremetal node passthru list	ironicclient.osc.v1.baremetal_node:PassthruListBaremetalNode	https://github.com/openstack/python-ironicclient/blob/5.10.0/setup.cfg
python-ironicclient	5.10.0	OSC	openstack.baremetal.v1	openstack baremetal node power off	ironicclient.osc.v1.baremetal_node:PowerOffBaremetalNode	https://github.com/openstack/python-ironicclient/blob/5.10.0/setup.cfg
python-ironicclient	5.10.0	OSC	openstack.baremetal.v1	openstack baremetal node power on	ironicclient.osc.v1.baremetal_node:PowerOnBaremetalNode	https://github.com/openstack/python-ironicclient/blob/5.10.0/setup.cfg
python-ironicclient	5.10.0	OSC	openstack.baremetal.v1	openstack baremetal node provide	ironicclient.osc.v1.baremetal_node:ProvideBaremetalNode	https://github.com/openstack/python-ironicclient/blob/5.10.0/setup.cfg
python-ironicclient	5.10.0	OSC	openstack.baremetal.v1	openstack baremetal node reboot	ironicclient.osc.v1.baremetal_node:RebootBaremetalNode	https://github.com/openstack/python-ironicclient/blob/5.10.0/setup.cfg
python-ironicclient	5.10.0	OSC	openstack.baremetal.v1	openstack baremetal node rebuild	ironicclient.osc.v1.baremetal_node:RebuildBaremetalNode	https://github.com/openstack/python-ironicclient/blob/5.10.0/setup.cfg
python-ironicclient	5.10.0	OSC	openstack.baremetal.v1	openstack baremetal node remove trait	ironicclient.osc.v1.baremetal_node:RemoveTraitBaremetalNode	https://github.com/openstack/python-ironicclient/blob/5.10.0/setup.cfg
python-ironicclient	5.10.0	OSC	openstack.baremetal.v1	openstack baremetal node rescue	ironicclient.osc.v1.baremetal_node:RescueBaremetalNode	https://github.com/openstack/python-ironicclient/blob/5.10.0/setup.cfg
python-ironicclient	5.10.0	OSC	openstack.baremetal.v1	openstack baremetal node secure boot off	ironicclient.osc.v1.baremetal_node:SecurebootOffBaremetalNode	https://github.com/openstack/python-ironicclient/blob/5.10.0/setup.cfg
python-ironicclient	5.10.0	OSC	openstack.baremetal.v1	openstack baremetal node secure boot on	ironicclient.osc.v1.baremetal_node:SecurebootOnBaremetalNode	https://github.com/openstack/python-ironicclient/blob/5.10.0/setup.cfg
python-ironicclient	5.10.0	OSC	openstack.baremetal.v1	openstack baremetal node service	ironicclient.osc.v1.baremetal_node:ServiceBaremetalNode	https://github.com/openstack/python-ironicclient/blob/5.10.0/setup.cfg
python-ironicclient	5.10.0	OSC	openstack.baremetal.v1	openstack baremetal node set	ironicclient.osc.v1.baremetal_node:SetBaremetalNode	https://github.com/openstack/python-ironicclient/blob/5.10.0/setup.cfg
python-ironicclient	5.10.0	OSC	openstack.baremetal.v1	openstack baremetal node show	ironicclient.osc.v1.baremetal_node:ShowBaremetalNode	https://github.com/openstack/python-ironicclient/blob/5.10.0/setup.cfg
python-ironicclient	5.10.0	OSC	openstack.baremetal.v1	openstack baremetal node trait list	ironicclient.osc.v1.baremetal_node:ListTraitsBaremetalNode	https://github.com/openstack/python-ironicclient/blob/5.10.0/setup.cfg
python-ironicclient	5.10.0	OSC	openstack.baremetal.v1	openstack baremetal node undeploy	ironicclient.osc.v1.baremetal_node:UndeployBaremetalNode	https://github.com/openstack/python-ironicclient/blob/5.10.0/setup.cfg
python-ironicclient	5.10.0	OSC	openstack.baremetal.v1	openstack baremetal node unhold	ironicclient.osc.v1.baremetal_node:UnholdBaremetalNode	https://github.com/openstack/python-ironicclient/blob/5.10.0/setup.cfg
python-ironicclient	5.10.0	OSC	openstack.baremetal.v1	openstack baremetal node unrescue	ironicclient.osc.v1.baremetal_node:UnrescueBaremetalNode	https://github.com/openstack/python-ironicclient/blob/5.10.0/setup.cfg
python-ironicclient	5.10.0	OSC	openstack.baremetal.v1	openstack baremetal node unset	ironicclient.osc.v1.baremetal_node:UnsetBaremetalNode	https://github.com/openstack/python-ironicclient/blob/5.10.0/setup.cfg
python-ironicclient	5.10.0	OSC	openstack.baremetal.v1	openstack baremetal node validate	ironicclient.osc.v1.baremetal_node:ValidateBaremetalNode	https://github.com/openstack/python-ironicclient/blob/5.10.0/setup.cfg
python-ironicclient	5.10.0	OSC	openstack.baremetal.v1	openstack baremetal node vif attach	ironicclient.osc.v1.baremetal_node:VifAttachBaremetalNode	https://github.com/openstack/python-ironicclient/blob/5.10.0/setup.cfg
python-ironicclient	5.10.0	OSC	openstack.baremetal.v1	openstack baremetal node vif detach	ironicclient.osc.v1.baremetal_node:VifDetachBaremetalNode	https://github.com/openstack/python-ironicclient/blob/5.10.0/setup.cfg
python-ironicclient	5.10.0	OSC	openstack.baremetal.v1	openstack baremetal node vif list	ironicclient.osc.v1.baremetal_node:VifListBaremetalNode	https://github.com/openstack/python-ironicclient/blob/5.10.0/setup.cfg
python-ironicclient	5.10.0	OSC	openstack.baremetal.v1	openstack baremetal port create	ironicclient.osc.v1.baremetal_port:CreateBaremetalPort	https://github.com/openstack/python-ironicclient/blob/5.10.0/setup.cfg
python-ironicclient	5.10.0	OSC	openstack.baremetal.v1	openstack baremetal port delete	ironicclient.osc.v1.baremetal_port:DeleteBaremetalPort	https://github.com/openstack/python-ironicclient/blob/5.10.0/setup.cfg
python-ironicclient	5.10.0	OSC	openstack.baremetal.v1	openstack baremetal port group create	ironicclient.osc.v1.baremetal_portgroup:CreateBaremetalPortGroup	https://github.com/openstack/python-ironicclient/blob/5.10.0/setup.cfg
python-ironicclient	5.10.0	OSC	openstack.baremetal.v1	openstack baremetal port group delete	ironicclient.osc.v1.baremetal_portgroup:DeleteBaremetalPortGroup	https://github.com/openstack/python-ironicclient/blob/5.10.0/setup.cfg
python-ironicclient	5.10.0	OSC	openstack.baremetal.v1	openstack baremetal port group list	ironicclient.osc.v1.baremetal_portgroup:ListBaremetalPortGroup	https://github.com/openstack/python-ironicclient/blob/5.10.0/setup.cfg
python-ironicclient	5.10.0	OSC	openstack.baremetal.v1	openstack baremetal port group set	ironicclient.osc.v1.baremetal_portgroup:SetBaremetalPortGroup	https://github.com/openstack/python-ironicclient/blob/5.10.0/setup.cfg
python-ironicclient	5.10.0	OSC	openstack.baremetal.v1	openstack baremetal port group show	ironicclient.osc.v1.baremetal_portgroup:ShowBaremetalPortGroup	https://github.com/openstack/python-ironicclient/blob/5.10.0/setup.cfg
python-ironicclient	5.10.0	OSC	openstack.baremetal.v1	openstack baremetal port group unset	ironicclient.osc.v1.baremetal_portgroup:UnsetBaremetalPortGroup	https://github.com/openstack/python-ironicclient/blob/5.10.0/setup.cfg
python-ironicclient	5.10.0	OSC	openstack.baremetal.v1	openstack baremetal port list	ironicclient.osc.v1.baremetal_port:ListBaremetalPort	https://github.com/openstack/python-ironicclient/blob/5.10.0/setup.cfg
python-ironicclient	5.10.0	OSC	openstack.baremetal.v1	openstack baremetal port set	ironicclient.osc.v1.baremetal_port:SetBaremetalPort	https://github.com/openstack/python-ironicclient/blob/5.10.0/setup.cfg
python-ironicclient	5.10.0	OSC	openstack.baremetal.v1	openstack baremetal port show	ironicclient.osc.v1.baremetal_port:ShowBaremetalPort	https://github.com/openstack/python-ironicclient/blob/5.10.0/setup.cfg
python-ironicclient	5.10.0	OSC	openstack.baremetal.v1	openstack baremetal port unset	ironicclient.osc.v1.baremetal_port:UnsetBaremetalPort	https://github.com/openstack/python-ironicclient/blob/5.10.0/setup.cfg
python-ironicclient	5.10.0	OSC	openstack.baremetal.v1	openstack baremetal runbook create	ironicclient.osc.v1.baremetal_runbook:CreateBaremetalRunbook	https://github.com/openstack/python-ironicclient/blob/5.10.0/setup.cfg
python-ironicclient	5.10.0	OSC	openstack.baremetal.v1	openstack baremetal runbook delete	ironicclient.osc.v1.baremetal_runbook:DeleteBaremetalRunbook	https://github.com/openstack/python-ironicclient/blob/5.10.0/setup.cfg
python-ironicclient	5.10.0	OSC	openstack.baremetal.v1	openstack baremetal runbook list	ironicclient.osc.v1.baremetal_runbook:ListBaremetalRunbook	https://github.com/openstack/python-ironicclient/blob/5.10.0/setup.cfg
python-ironicclient	5.10.0	OSC	openstack.baremetal.v1	openstack baremetal runbook set	ironicclient.osc.v1.baremetal_runbook:SetBaremetalRunbook	https://github.com/openstack/python-ironicclient/blob/5.10.0/setup.cfg
python-ironicclient	5.10.0	OSC	openstack.baremetal.v1	openstack baremetal runbook show	ironicclient.osc.v1.baremetal_runbook:ShowBaremetalRunbook	https://github.com/openstack/python-ironicclient/blob/5.10.0/setup.cfg
python-ironicclient	5.10.0	OSC	openstack.baremetal.v1	openstack baremetal runbook unset	ironicclient.osc.v1.baremetal_runbook:UnsetBaremetalRunbook	https://github.com/openstack/python-ironicclient/blob/5.10.0/setup.cfg
python-ironicclient	5.10.0	OSC	openstack.baremetal.v1	openstack baremetal shard list	ironicclient.osc.v1.baremetal_shard:ListBaremetalShard	https://github.com/openstack/python-ironicclient/blob/5.10.0/setup.cfg
python-ironicclient	5.10.0	OSC	openstack.baremetal.v1	openstack baremetal volume connector create	ironicclient.osc.v1.baremetal_volume_connector:CreateBaremetalVolumeConnector	https://github.com/openstack/python-ironicclient/blob/5.10.0/setup.cfg
python-ironicclient	5.10.0	OSC	openstack.baremetal.v1	openstack baremetal volume connector delete	ironicclient.osc.v1.baremetal_volume_connector:DeleteBaremetalVolumeConnector	https://github.com/openstack/python-ironicclient/blob/5.10.0/setup.cfg
python-ironicclient	5.10.0	OSC	openstack.baremetal.v1	openstack baremetal volume connector list	ironicclient.osc.v1.baremetal_volume_connector:ListBaremetalVolumeConnector	https://github.com/openstack/python-ironicclient/blob/5.10.0/setup.cfg
python-ironicclient	5.10.0	OSC	openstack.baremetal.v1	openstack baremetal volume connector set	ironicclient.osc.v1.baremetal_volume_connector:SetBaremetalVolumeConnector	https://github.com/openstack/python-ironicclient/blob/5.10.0/setup.cfg
python-ironicclient	5.10.0	OSC	openstack.baremetal.v1	openstack baremetal volume connector show	ironicclient.osc.v1.baremetal_volume_connector:ShowBaremetalVolumeConnector	https://github.com/openstack/python-ironicclient/blob/5.10.0/setup.cfg
python-ironicclient	5.10.0	OSC	openstack.baremetal.v1	openstack baremetal volume connector unset	ironicclient.osc.v1.baremetal_volume_connector:UnsetBaremetalVolumeConnector	https://github.com/openstack/python-ironicclient/blob/5.10.0/setup.cfg
python-ironicclient	5.10.0	OSC	openstack.baremetal.v1	openstack baremetal volume target create	ironicclient.osc.v1.baremetal_volume_target:CreateBaremetalVolumeTarget	https://github.com/openstack/python-ironicclient/blob/5.10.0/setup.cfg
python-ironicclient	5.10.0	OSC	openstack.baremetal.v1	openstack baremetal volume target delete	ironicclient.osc.v1.baremetal_volume_target:DeleteBaremetalVolumeTarget	https://github.com/openstack/python-ironicclient/blob/5.10.0/setup.cfg
python-ironicclient	5.10.0	OSC	openstack.baremetal.v1	openstack baremetal volume target list	ironicclient.osc.v1.baremetal_volume_target:ListBaremetalVolumeTarget	https://github.com/openstack/python-ironicclient/blob/5.10.0/setup.cfg
python-ironicclient	5.10.0	OSC	openstack.baremetal.v1	openstack baremetal volume target set	ironicclient.osc.v1.baremetal_volume_target:SetBaremetalVolumeTarget	https://github.com/openstack/python-ironicclient/blob/5.10.0/setup.cfg
python-ironicclient	5.10.0	OSC	openstack.baremetal.v1	openstack baremetal volume target show	ironicclient.osc.v1.baremetal_volume_target:ShowBaremetalVolumeTarget	https://github.com/openstack/python-ironicclient/blob/5.10.0/setup.cfg
python-ironicclient	5.10.0	OSC	openstack.baremetal.v1	openstack baremetal volume target unset	ironicclient.osc.v1.baremetal_volume_target:UnsetBaremetalVolumeTarget	https://github.com/openstack/python-ironicclient/blob/5.10.0/setup.cfg
python-masakariclient	8.6.0	OSC	openstack.ha.v1	openstack notification create	masakariclient.osc.v1.notification:CreateNotification	https://github.com/openstack/python-masakariclient/blob/8.6.0/setup.cfg#L34
python-masakariclient	8.6.0	OSC	openstack.ha.v1	openstack notification list	masakariclient.osc.v1.notification:ListNotification	https://github.com/openstack/python-masakariclient/blob/8.6.0/setup.cfg#L36
python-masakariclient	8.6.0	OSC	openstack.ha.v1	openstack notification show	masakariclient.osc.v1.notification:ShowNotification	https://github.com/openstack/python-masakariclient/blob/8.6.0/setup.cfg#L35
python-masakariclient	8.6.0	OSC	openstack.ha.v1	openstack notification vmove list	masakariclient.osc.v1.vmove:ListVMove	https://github.com/openstack/python-masakariclient/blob/8.6.0/setup.cfg#L38
python-masakariclient	8.6.0	OSC	openstack.ha.v1	openstack notification vmove show	masakariclient.osc.v1.vmove:ShowVMove	https://github.com/openstack/python-masakariclient/blob/8.6.0/setup.cfg#L37
python-masakariclient	8.6.0	OSC	openstack.ha.v1	openstack segment create	masakariclient.osc.v1.segment:CreateSegment	https://github.com/openstack/python-masakariclient/blob/8.6.0/setup.cfg#L39
python-masakariclient	8.6.0	OSC	openstack.ha.v1	openstack segment delete	masakariclient.osc.v1.segment:DeleteSegment	https://github.com/openstack/python-masakariclient/blob/8.6.0/setup.cfg#L41
python-masakariclient	8.6.0	OSC	openstack.ha.v1	openstack segment host create	masakariclient.osc.v1.host:CreateHost	https://github.com/openstack/python-masakariclient/blob/8.6.0/setup.cfg#L44
python-masakariclient	8.6.0	OSC	openstack.ha.v1	openstack segment host delete	masakariclient.osc.v1.host:DeleteHost	https://github.com/openstack/python-masakariclient/blob/8.6.0/setup.cfg#L47
python-masakariclient	8.6.0	OSC	openstack.ha.v1	openstack segment host list	masakariclient.osc.v1.host:ListHost	https://github.com/openstack/python-masakariclient/blob/8.6.0/setup.cfg#L46
python-masakariclient	8.6.0	OSC	openstack.ha.v1	openstack segment host show	masakariclient.osc.v1.host:ShowHost	https://github.com/openstack/python-masakariclient/blob/8.6.0/setup.cfg#L45
python-masakariclient	8.6.0	OSC	openstack.ha.v1	openstack segment host update	masakariclient.osc.v1.host:UpdateHost	https://github.com/openstack/python-masakariclient/blob/8.6.0/setup.cfg#L48
python-masakariclient	8.6.0	OSC	openstack.ha.v1	openstack segment list	masakariclient.osc.v1.segment:ListSegment	https://github.com/openstack/python-masakariclient/blob/8.6.0/setup.cfg#L43
python-masakariclient	8.6.0	OSC	openstack.ha.v1	openstack segment show	masakariclient.osc.v1.segment:ShowSegment	https://github.com/openstack/python-masakariclient/blob/8.6.0/setup.cfg#L42
python-masakariclient	8.6.0	OSC	openstack.ha.v1	openstack segment update	masakariclient.osc.v1.segment:UpdateSegment	https://github.com/openstack/python-masakariclient/blob/8.6.0/setup.cfg#L40
python-mistralclient	5.4.0	OSC	openstack.workflow_engine.v2	openstack action definition create	mistralclient.commands.v2.actions:Create	https://opendev.org/openstack/python-mistralclient/src/tag/5.4.0/setup.cfg#L84
python-mistralclient	5.4.0	OSC	openstack.workflow_engine.v2	openstack action definition definition show	mistralclient.commands.v2.actions:GetDefinition	https://opendev.org/openstack/python-mistralclient/src/tag/5.4.0/setup.cfg#L87
python-mistralclient	5.4.0	OSC	openstack.workflow_engine.v2	openstack action definition delete	mistralclient.commands.v2.actions:Delete	https://opendev.org/openstack/python-mistralclient/src/tag/5.4.0/setup.cfg#L85
python-mistralclient	5.4.0	OSC	openstack.workflow_engine.v2	openstack action definition list	mistralclient.commands.v2.actions:List	https://opendev.org/openstack/python-mistralclient/src/tag/5.4.0/setup.cfg#L82
python-mistralclient	5.4.0	OSC	openstack.workflow_engine.v2	openstack action definition show	mistralclient.commands.v2.actions:Get	https://opendev.org/openstack/python-mistralclient/src/tag/5.4.0/setup.cfg#L83
python-mistralclient	5.4.0	OSC	openstack.workflow_engine.v2	openstack action definition update	mistralclient.commands.v2.actions:Update	https://opendev.org/openstack/python-mistralclient/src/tag/5.4.0/setup.cfg#L86
python-mistralclient	5.4.0	OSC	openstack.workflow_engine.v2	openstack action execution delete	mistralclient.commands.v2.action_executions:Delete	https://opendev.org/openstack/python-mistralclient/src/tag/5.4.0/setup.cfg#L64
python-mistralclient	5.4.0	OSC	openstack.workflow_engine.v2	openstack action execution input show	mistralclient.commands.v2.action_executions:GetInput	https://opendev.org/openstack/python-mistralclient/src/tag/5.4.0/setup.cfg#L61
python-mistralclient	5.4.0	OSC	openstack.workflow_engine.v2	openstack action execution list	mistralclient.commands.v2.action_executions:List	https://opendev.org/openstack/python-mistralclient/src/tag/5.4.0/setup.cfg#L59
python-mistralclient	5.4.0	OSC	openstack.workflow_engine.v2	openstack action execution output show	mistralclient.commands.v2.action_executions:GetOutput	https://opendev.org/openstack/python-mistralclient/src/tag/5.4.0/setup.cfg#L62
python-mistralclient	5.4.0	OSC	openstack.workflow_engine.v2	openstack action execution run	mistralclient.commands.v2.action_executions:Create	https://opendev.org/openstack/python-mistralclient/src/tag/5.4.0/setup.cfg#L58
python-mistralclient	5.4.0	OSC	openstack.workflow_engine.v2	openstack action execution show	mistralclient.commands.v2.action_executions:Get	https://opendev.org/openstack/python-mistralclient/src/tag/5.4.0/setup.cfg#L60
python-mistralclient	5.4.0	OSC	openstack.workflow_engine.v2	openstack action execution update	mistralclient.commands.v2.action_executions:Update	https://opendev.org/openstack/python-mistralclient/src/tag/5.4.0/setup.cfg#L63
python-mistralclient	5.4.0	OSC	openstack.workflow_engine.v2	openstack code source content show	mistralclient.commands.v2.code_sources:GetContent	https://opendev.org/openstack/python-mistralclient/src/tag/5.4.0/setup.cfg#L112
python-mistralclient	5.4.0	OSC	openstack.workflow_engine.v2	openstack code source create	mistralclient.commands.v2.code_sources:Create	https://opendev.org/openstack/python-mistralclient/src/tag/5.4.0/setup.cfg#L109
python-mistralclient	5.4.0	OSC	openstack.workflow_engine.v2	openstack code source delete	mistralclient.commands.v2.code_sources:Delete	https://opendev.org/openstack/python-mistralclient/src/tag/5.4.0/setup.cfg#L110
python-mistralclient	5.4.0	OSC	openstack.workflow_engine.v2	openstack code source list	mistralclient.commands.v2.code_sources:List	https://opendev.org/openstack/python-mistralclient/src/tag/5.4.0/setup.cfg#L107
python-mistralclient	5.4.0	OSC	openstack.workflow_engine.v2	openstack code source show	mistralclient.commands.v2.code_sources:Get	https://opendev.org/openstack/python-mistralclient/src/tag/5.4.0/setup.cfg#L108
python-mistralclient	5.4.0	OSC	openstack.workflow_engine.v2	openstack code source update	mistralclient.commands.v2.code_sources:Update	https://opendev.org/openstack/python-mistralclient/src/tag/5.4.0/setup.cfg#L111
python-mistralclient	5.4.0	OSC	openstack.workflow_engine.v2	openstack cron trigger create	mistralclient.commands.v2.cron_triggers:Create	https://opendev.org/openstack/python-mistralclient/src/tag/5.4.0/setup.cfg#L91
python-mistralclient	5.4.0	OSC	openstack.workflow_engine.v2	openstack cron trigger delete	mistralclient.commands.v2.cron_triggers:Delete	https://opendev.org/openstack/python-mistralclient/src/tag/5.4.0/setup.cfg#L92
python-mistralclient	5.4.0	OSC	openstack.workflow_engine.v2	openstack cron trigger list	mistralclient.commands.v2.cron_triggers:List	https://opendev.org/openstack/python-mistralclient/src/tag/5.4.0/setup.cfg#L89
python-mistralclient	5.4.0	OSC	openstack.workflow_engine.v2	openstack cron trigger show	mistralclient.commands.v2.cron_triggers:Get	https://opendev.org/openstack/python-mistralclient/src/tag/5.4.0/setup.cfg#L90
python-mistralclient	5.4.0	OSC	openstack.workflow_engine.v2	openstack dynamic action create	mistralclient.commands.v2.dynamic_actions:Create	https://opendev.org/openstack/python-mistralclient/src/tag/5.4.0/setup.cfg#L116
python-mistralclient	5.4.0	OSC	openstack.workflow_engine.v2	openstack dynamic action delete	mistralclient.commands.v2.dynamic_actions:Delete	https://opendev.org/openstack/python-mistralclient/src/tag/5.4.0/setup.cfg#L117
python-mistralclient	5.4.0	OSC	openstack.workflow_engine.v2	openstack dynamic action list	mistralclient.commands.v2.dynamic_actions:List	https://opendev.org/openstack/python-mistralclient/src/tag/5.4.0/setup.cfg#L114
python-mistralclient	5.4.0	OSC	openstack.workflow_engine.v2	openstack dynamic action show	mistralclient.commands.v2.dynamic_actions:Get	https://opendev.org/openstack/python-mistralclient/src/tag/5.4.0/setup.cfg#L115
python-mistralclient	5.4.0	OSC	openstack.workflow_engine.v2	openstack dynamic action update	mistralclient.commands.v2.dynamic_actions:Update	https://opendev.org/openstack/python-mistralclient/src/tag/5.4.0/setup.cfg#L118
python-mistralclient	5.4.0	OSC	openstack.workflow_engine.v2	openstack event trigger create	mistralclient.commands.v2.event_triggers:Create	https://opendev.org/openstack/python-mistralclient/src/tag/5.4.0/setup.cfg#L96
python-mistralclient	5.4.0	OSC	openstack.workflow_engine.v2	openstack event trigger delete	mistralclient.commands.v2.event_triggers:Delete	https://opendev.org/openstack/python-mistralclient/src/tag/5.4.0/setup.cfg#L97
python-mistralclient	5.4.0	OSC	openstack.workflow_engine.v2	openstack event trigger list	mistralclient.commands.v2.event_triggers:List	https://opendev.org/openstack/python-mistralclient/src/tag/5.4.0/setup.cfg#L94
python-mistralclient	5.4.0	OSC	openstack.workflow_engine.v2	openstack event trigger show	mistralclient.commands.v2.event_triggers:Get	https://opendev.org/openstack/python-mistralclient/src/tag/5.4.0/setup.cfg#L95
python-mistralclient	5.4.0	OSC	openstack.workflow_engine.v2	openstack resource member create	mistralclient.commands.v2.members:Create	https://opendev.org/openstack/python-mistralclient/src/tag/5.4.0/setup.cfg#L103
python-mistralclient	5.4.0	OSC	openstack.workflow_engine.v2	openstack resource member delete	mistralclient.commands.v2.members:Delete	https://opendev.org/openstack/python-mistralclient/src/tag/5.4.0/setup.cfg#L104
python-mistralclient	5.4.0	OSC	openstack.workflow_engine.v2	openstack resource member list	mistralclient.commands.v2.members:List	https://opendev.org/openstack/python-mistralclient/src/tag/5.4.0/setup.cfg#L101
python-mistralclient	5.4.0	OSC	openstack.workflow_engine.v2	openstack resource member show	mistralclient.commands.v2.members:Get	https://opendev.org/openstack/python-mistralclient/src/tag/5.4.0/setup.cfg#L102
python-mistralclient	5.4.0	OSC	openstack.workflow_engine.v2	openstack resource member update	mistralclient.commands.v2.members:Update	https://opendev.org/openstack/python-mistralclient/src/tag/5.4.0/setup.cfg#L105
python-mistralclient	5.4.0	OSC	openstack.workflow_engine.v2	openstack task execution list	mistralclient.commands.v2.tasks:List	https://opendev.org/openstack/python-mistralclient/src/tag/5.4.0/setup.cfg#L76
python-mistralclient	5.4.0	OSC	openstack.workflow_engine.v2	openstack task execution published show	mistralclient.commands.v2.tasks:GetPublished	https://opendev.org/openstack/python-mistralclient/src/tag/5.4.0/setup.cfg#L78
python-mistralclient	5.4.0	OSC	openstack.workflow_engine.v2	openstack task execution rerun	mistralclient.commands.v2.tasks:Rerun	https://opendev.org/openstack/python-mistralclient/src/tag/5.4.0/setup.cfg#L80
python-mistralclient	5.4.0	OSC	openstack.workflow_engine.v2	openstack task execution result show	mistralclient.commands.v2.tasks:GetResult	https://opendev.org/openstack/python-mistralclient/src/tag/5.4.0/setup.cfg#L79
python-mistralclient	5.4.0	OSC	openstack.workflow_engine.v2	openstack task execution show	mistralclient.commands.v2.tasks:Get	https://opendev.org/openstack/python-mistralclient/src/tag/5.4.0/setup.cfg#L77
python-mistralclient	5.4.0	OSC	openstack.workflow_engine.v2	openstack workbook create	mistralclient.commands.v2.workbooks:Create	https://opendev.org/openstack/python-mistralclient/src/tag/5.4.0/setup.cfg#L38
python-mistralclient	5.4.0	OSC	openstack.workflow_engine.v2	openstack workbook definition show	mistralclient.commands.v2.workbooks:GetDefinition	https://opendev.org/openstack/python-mistralclient/src/tag/5.4.0/setup.cfg#L41
python-mistralclient	5.4.0	OSC	openstack.workflow_engine.v2	openstack workbook delete	mistralclient.commands.v2.workbooks:Delete	https://opendev.org/openstack/python-mistralclient/src/tag/5.4.0/setup.cfg#L39
python-mistralclient	5.4.0	OSC	openstack.workflow_engine.v2	openstack workbook list	mistralclient.commands.v2.workbooks:List	https://opendev.org/openstack/python-mistralclient/src/tag/5.4.0/setup.cfg#L36
python-mistralclient	5.4.0	OSC	openstack.workflow_engine.v2	openstack workbook show	mistralclient.commands.v2.workbooks:Get	https://opendev.org/openstack/python-mistralclient/src/tag/5.4.0/setup.cfg#L37
python-mistralclient	5.4.0	OSC	openstack.workflow_engine.v2	openstack workbook update	mistralclient.commands.v2.workbooks:Update	https://opendev.org/openstack/python-mistralclient/src/tag/5.4.0/setup.cfg#L40
python-mistralclient	5.4.0	OSC	openstack.workflow_engine.v2	openstack workbook validate	mistralclient.commands.v2.workbooks:Validate	https://opendev.org/openstack/python-mistralclient/src/tag/5.4.0/setup.cfg#L42
python-mistralclient	5.4.0	OSC	openstack.workflow_engine.v2	openstack workflow create	mistralclient.commands.v2.workflows:Create	https://opendev.org/openstack/python-mistralclient/src/tag/5.4.0/setup.cfg#L46
python-mistralclient	5.4.0	OSC	openstack.workflow_engine.v2	openstack workflow definition show	mistralclient.commands.v2.workflows:GetDefinition	https://opendev.org/openstack/python-mistralclient/src/tag/5.4.0/setup.cfg#L49
python-mistralclient	5.4.0	OSC	openstack.workflow_engine.v2	openstack workflow delete	mistralclient.commands.v2.workflows:Delete	https://opendev.org/openstack/python-mistralclient/src/tag/5.4.0/setup.cfg#L47
python-mistralclient	5.4.0	OSC	openstack.workflow_engine.v2	openstack workflow engine service list	mistralclient.commands.v2.services:List	https://opendev.org/openstack/python-mistralclient/src/tag/5.4.0/setup.cfg#L99
python-mistralclient	5.4.0	OSC	openstack.workflow_engine.v2	openstack workflow env create	mistralclient.commands.v2.environments:Create	https://opendev.org/openstack/python-mistralclient/src/tag/5.4.0/setup.cfg#L52
python-mistralclient	5.4.0	OSC	openstack.workflow_engine.v2	openstack workflow env delete	mistralclient.commands.v2.environments:Delete	https://opendev.org/openstack/python-mistralclient/src/tag/5.4.0/setup.cfg#L53
python-mistralclient	5.4.0	OSC	openstack.workflow_engine.v2	openstack workflow env list	mistralclient.commands.v2.environments:List	https://opendev.org/openstack/python-mistralclient/src/tag/5.4.0/setup.cfg#L55
python-mistralclient	5.4.0	OSC	openstack.workflow_engine.v2	openstack workflow env show	mistralclient.commands.v2.environments:Get	https://opendev.org/openstack/python-mistralclient/src/tag/5.4.0/setup.cfg#L56
python-mistralclient	5.4.0	OSC	openstack.workflow_engine.v2	openstack workflow env update	mistralclient.commands.v2.environments:Update	https://opendev.org/openstack/python-mistralclient/src/tag/5.4.0/setup.cfg#L54
python-mistralclient	5.4.0	OSC	openstack.workflow_engine.v2	openstack workflow execution create	mistralclient.commands.v2.executions:Create	https://opendev.org/openstack/python-mistralclient/src/tag/5.4.0/setup.cfg#L66
python-mistralclient	5.4.0	OSC	openstack.workflow_engine.v2	openstack workflow execution delete	mistralclient.commands.v2.executions:Delete	https://opendev.org/openstack/python-mistralclient/src/tag/5.4.0/setup.cfg#L67
python-mistralclient	5.4.0	OSC	openstack.workflow_engine.v2	openstack workflow execution input show	mistralclient.commands.v2.executions:GetInput	https://opendev.org/openstack/python-mistralclient/src/tag/5.4.0/setup.cfg#L71
python-mistralclient	5.4.0	OSC	openstack.workflow_engine.v2	openstack workflow execution list	mistralclient.commands.v2.executions:List	https://opendev.org/openstack/python-mistralclient/src/tag/5.4.0/setup.cfg#L69
python-mistralclient	5.4.0	OSC	openstack.workflow_engine.v2	openstack workflow execution output show	mistralclient.commands.v2.executions:GetOutput	https://opendev.org/openstack/python-mistralclient/src/tag/5.4.0/setup.cfg#L72
python-mistralclient	5.4.0	OSC	openstack.workflow_engine.v2	openstack workflow execution published show	mistralclient.commands.v2.executions:GetPublished	https://opendev.org/openstack/python-mistralclient/src/tag/5.4.0/setup.cfg#L74
python-mistralclient	5.4.0	OSC	openstack.workflow_engine.v2	openstack workflow execution report show	mistralclient.commands.v2.executions:GetReport	https://opendev.org/openstack/python-mistralclient/src/tag/5.4.0/setup.cfg#L73
python-mistralclient	5.4.0	OSC	openstack.workflow_engine.v2	openstack workflow execution show	mistralclient.commands.v2.executions:Get	https://opendev.org/openstack/python-mistralclient/src/tag/5.4.0/setup.cfg#L70
python-mistralclient	5.4.0	OSC	openstack.workflow_engine.v2	openstack workflow execution update	mistralclient.commands.v2.executions:Update	https://opendev.org/openstack/python-mistralclient/src/tag/5.4.0/setup.cfg#L68
python-mistralclient	5.4.0	OSC	openstack.workflow_engine.v2	openstack workflow list	mistralclient.commands.v2.workflows:List	https://opendev.org/openstack/python-mistralclient/src/tag/5.4.0/setup.cfg#L44
python-mistralclient	5.4.0	OSC	openstack.workflow_engine.v2	openstack workflow show	mistralclient.commands.v2.workflows:Get	https://opendev.org/openstack/python-mistralclient/src/tag/5.4.0/setup.cfg#L45
python-mistralclient	5.4.0	OSC	openstack.workflow_engine.v2	openstack workflow update	mistralclient.commands.v2.workflows:Update	https://opendev.org/openstack/python-mistralclient/src/tag/5.4.0/setup.cfg#L48
python-mistralclient	5.4.0	OSC	openstack.workflow_engine.v2	openstack workflow validate	mistralclient.commands.v2.workflows:Validate	https://opendev.org/openstack/python-mistralclient/src/tag/5.4.0/setup.cfg#L50
python-mistralclient	5.4.0	standalone	mistral.shell	mistral action-create	mistralclient.commands.v2.actions.Create	https://opendev.org/openstack/python-mistralclient/src/tag/5.4.0/mistralclient/shell.py#L751
python-mistralclient	5.4.0	standalone	mistral.shell	mistral action-delete	mistralclient.commands.v2.actions.Delete	https://opendev.org/openstack/python-mistralclient/src/tag/5.4.0/mistralclient/shell.py#L752
python-mistralclient	5.4.0	standalone	mistral.shell	mistral action-execution-delete	mistralclient.commands.v2.action_executions.Delete	https://opendev.org/openstack/python-mistralclient/src/tag/5.4.0/mistralclient/shell.py#L725
python-mistralclient	5.4.0	standalone	mistral.shell	mistral action-execution-get	mistralclient.commands.v2.action_executions.Get	https://opendev.org/openstack/python-mistralclient/src/tag/5.4.0/mistralclient/shell.py#L717
python-mistralclient	5.4.0	standalone	mistral.shell	mistral action-execution-get-input	mistralclient.commands.v2.action_executions.GetInput	https://opendev.org/openstack/python-mistralclient/src/tag/5.4.0/mistralclient/shell.py#L719
python-mistralclient	5.4.0	standalone	mistral.shell	mistral action-execution-get-output	mistralclient.commands.v2.action_executions.GetOutput	https://opendev.org/openstack/python-mistralclient/src/tag/5.4.0/mistralclient/shell.py#L721
python-mistralclient	5.4.0	standalone	mistral.shell	mistral action-execution-list	mistralclient.commands.v2.action_executions.List	https://opendev.org/openstack/python-mistralclient/src/tag/5.4.0/mistralclient/shell.py#L715
python-mistralclient	5.4.0	standalone	mistral.shell	mistral action-execution-update	mistralclient.commands.v2.action_executions.Update	https://opendev.org/openstack/python-mistralclient/src/tag/5.4.0/mistralclient/shell.py#L723
python-mistralclient	5.4.0	standalone	mistral.shell	mistral action-get	mistralclient.commands.v2.actions.Get	https://opendev.org/openstack/python-mistralclient/src/tag/5.4.0/mistralclient/shell.py#L750
python-mistralclient	5.4.0	standalone	mistral.shell	mistral action-get-definition	mistralclient.commands.v2.actions.GetDefinition	https://opendev.org/openstack/python-mistralclient/src/tag/5.4.0/mistralclient/shell.py#L754
python-mistralclient	5.4.0	standalone	mistral.shell	mistral action-list	mistralclient.commands.v2.actions.List	https://opendev.org/openstack/python-mistralclient/src/tag/5.4.0/mistralclient/shell.py#L749
python-mistralclient	5.4.0	standalone	mistral.shell	mistral action-update	mistralclient.commands.v2.actions.Update	https://opendev.org/openstack/python-mistralclient/src/tag/5.4.0/mistralclient/shell.py#L753
python-mistralclient	5.4.0	standalone	mistral.shell	mistral action-validate	mistralclient.commands.v2.actions.Validate	https://opendev.org/openstack/python-mistralclient/src/tag/5.4.0/mistralclient/shell.py#L756
python-mistralclient	5.4.0	standalone	mistral.shell	mistral bash-completion	BashCompletionCommand	https://opendev.org/openstack/python-mistralclient/src/tag/5.4.0/mistralclient/shell.py#L689
python-mistralclient	5.4.0	standalone	mistral.shell	mistral code-source-create	mistralclient.commands.v2.code_sources.Create	https://opendev.org/openstack/python-mistralclient/src/tag/5.4.0/mistralclient/shell.py#L776
python-mistralclient	5.4.0	standalone	mistral.shell	mistral code-source-delete	mistralclient.commands.v2.code_sources.Delete	https://opendev.org/openstack/python-mistralclient/src/tag/5.4.0/mistralclient/shell.py#L782
python-mistralclient	5.4.0	standalone	mistral.shell	mistral code-source-get	mistralclient.commands.v2.code_sources.Get	https://opendev.org/openstack/python-mistralclient/src/tag/5.4.0/mistralclient/shell.py#L778
python-mistralclient	5.4.0	standalone	mistral.shell	mistral code-source-get-content	mistralclient.commands.v2.code_sources.GetContent	https://opendev.org/openstack/python-mistralclient/src/tag/5.4.0/mistralclient/shell.py#L784
python-mistralclient	5.4.0	standalone	mistral.shell	mistral code-source-list	mistralclient.commands.v2.code_sources.List	https://opendev.org/openstack/python-mistralclient/src/tag/5.4.0/mistralclient/shell.py#L781
python-mistralclient	5.4.0	standalone	mistral.shell	mistral code-source-update	mistralclient.commands.v2.code_sources.Update	https://opendev.org/openstack/python-mistralclient/src/tag/5.4.0/mistralclient/shell.py#L779
python-mistralclient	5.4.0	standalone	mistral.shell	mistral cron-trigger-create	mistralclient.commands.v2.cron_triggers.Create	https://opendev.org/openstack/python-mistralclient/src/tag/5.4.0/mistralclient/shell.py#L759
python-mistralclient	5.4.0	standalone	mistral.shell	mistral cron-trigger-delete	mistralclient.commands.v2.cron_triggers.Delete	https://opendev.org/openstack/python-mistralclient/src/tag/5.4.0/mistralclient/shell.py#L761
python-mistralclient	5.4.0	standalone	mistral.shell	mistral cron-trigger-get	mistralclient.commands.v2.cron_triggers.Get	https://opendev.org/openstack/python-mistralclient/src/tag/5.4.0/mistralclient/shell.py#L758
python-mistralclient	5.4.0	standalone	mistral.shell	mistral cron-trigger-list	mistralclient.commands.v2.cron_triggers.List	https://opendev.org/openstack/python-mistralclient/src/tag/5.4.0/mistralclient/shell.py#L757
python-mistralclient	5.4.0	standalone	mistral.shell	mistral dynamic-action-create	mistralclient.commands.v2.dynamic_actions.Create	https://opendev.org/openstack/python-mistralclient/src/tag/5.4.0/mistralclient/shell.py#L786
python-mistralclient	5.4.0	standalone	mistral.shell	mistral dynamic-action-delete	mistralclient.commands.v2.dynamic_actions.Delete	https://opendev.org/openstack/python-mistralclient/src/tag/5.4.0/mistralclient/shell.py#L794
python-mistralclient	5.4.0	standalone	mistral.shell	mistral dynamic-action-get	mistralclient.commands.v2.dynamic_actions.Get	https://opendev.org/openstack/python-mistralclient/src/tag/5.4.0/mistralclient/shell.py#L788
python-mistralclient	5.4.0	standalone	mistral.shell	mistral dynamic-action-list	mistralclient.commands.v2.dynamic_actions.List	https://opendev.org/openstack/python-mistralclient/src/tag/5.4.0/mistralclient/shell.py#L792
python-mistralclient	5.4.0	standalone	mistral.shell	mistral dynamic-action-update	mistralclient.commands.v2.dynamic_actions.Update	https://opendev.org/openstack/python-mistralclient/src/tag/5.4.0/mistralclient/shell.py#L790
python-mistralclient	5.4.0	standalone	mistral.shell	mistral environment-create	mistralclient.commands.v2.environments.Create	https://opendev.org/openstack/python-mistralclient/src/tag/5.4.0/mistralclient/shell.py#L706
python-mistralclient	5.4.0	standalone	mistral.shell	mistral environment-delete	mistralclient.commands.v2.environments.Delete	https://opendev.org/openstack/python-mistralclient/src/tag/5.4.0/mistralclient/shell.py#L708
python-mistralclient	5.4.0	standalone	mistral.shell	mistral environment-get	mistralclient.commands.v2.environments.Get	https://opendev.org/openstack/python-mistralclient/src/tag/5.4.0/mistralclient/shell.py#L713
python-mistralclient	5.4.0	standalone	mistral.shell	mistral environment-list	mistralclient.commands.v2.environments.List	https://opendev.org/openstack/python-mistralclient/src/tag/5.4.0/mistralclient/shell.py#L712
python-mistralclient	5.4.0	standalone	mistral.shell	mistral environment-update	mistralclient.commands.v2.environments.Update	https://opendev.org/openstack/python-mistralclient/src/tag/5.4.0/mistralclient/shell.py#L710
python-mistralclient	5.4.0	standalone	mistral.shell	mistral event-trigger-create	mistralclient.commands.v2.event_triggers.Create	https://opendev.org/openstack/python-mistralclient/src/tag/5.4.0/mistralclient/shell.py#L766
python-mistralclient	5.4.0	standalone	mistral.shell	mistral event-trigger-delete	mistralclient.commands.v2.event_triggers.Delete	https://opendev.org/openstack/python-mistralclient/src/tag/5.4.0/mistralclient/shell.py#L768
python-mistralclient	5.4.0	standalone	mistral.shell	mistral event-trigger-get	mistralclient.commands.v2.event_triggers.Get	https://opendev.org/openstack/python-mistralclient/src/tag/5.4.0/mistralclient/shell.py#L765
python-mistralclient	5.4.0	standalone	mistral.shell	mistral event-trigger-list	mistralclient.commands.v2.event_triggers.List	https://opendev.org/openstack/python-mistralclient/src/tag/5.4.0/mistralclient/shell.py#L763
python-mistralclient	5.4.0	standalone	mistral.shell	mistral execution-create	mistralclient.commands.v2.executions.Create	https://opendev.org/openstack/python-mistralclient/src/tag/5.4.0/mistralclient/shell.py#L727
python-mistralclient	5.4.0	standalone	mistral.shell	mistral execution-delete	mistralclient.commands.v2.executions.Delete	https://opendev.org/openstack/python-mistralclient/src/tag/5.4.0/mistralclient/shell.py#L728
python-mistralclient	5.4.0	standalone	mistral.shell	mistral execution-get	mistralclient.commands.v2.executions.Get	https://opendev.org/openstack/python-mistralclient/src/tag/5.4.0/mistralclient/shell.py#L731
python-mistralclient	5.4.0	standalone	mistral.shell	mistral execution-get-input	mistralclient.commands.v2.executions.GetInput	https://opendev.org/openstack/python-mistralclient/src/tag/5.4.0/mistralclient/shell.py#L732
python-mistralclient	5.4.0	standalone	mistral.shell	mistral execution-get-output	mistralclient.commands.v2.executions.GetOutput	https://opendev.org/openstack/python-mistralclient/src/tag/5.4.0/mistralclient/shell.py#L734
python-mistralclient	5.4.0	standalone	mistral.shell	mistral execution-get-published	mistralclient.commands.v2.executions.GetPublished	https://opendev.org/openstack/python-mistralclient/src/tag/5.4.0/mistralclient/shell.py#L738
python-mistralclient	5.4.0	standalone	mistral.shell	mistral execution-get-report	mistralclient.commands.v2.executions.GetReport	https://opendev.org/openstack/python-mistralclient/src/tag/5.4.0/mistralclient/shell.py#L736
python-mistralclient	5.4.0	standalone	mistral.shell	mistral execution-get-sub-executions	mistralclient.commands.v2.executions.SubExecutionsLister	https://opendev.org/openstack/python-mistralclient/src/tag/5.4.0/mistralclient/shell.py#L740
python-mistralclient	5.4.0	standalone	mistral.shell	mistral execution-list	mistralclient.commands.v2.executions.List	https://opendev.org/openstack/python-mistralclient/src/tag/5.4.0/mistralclient/shell.py#L730
python-mistralclient	5.4.0	standalone	mistral.shell	mistral execution-update	mistralclient.commands.v2.executions.Update	https://opendev.org/openstack/python-mistralclient/src/tag/5.4.0/mistralclient/shell.py#L729
python-mistralclient	5.4.0	standalone	mistral.shell	mistral member-create	mistralclient.commands.v2.members.Create	https://opendev.org/openstack/python-mistralclient/src/tag/5.4.0/mistralclient/shell.py#L771
python-mistralclient	5.4.0	standalone	mistral.shell	mistral member-delete	mistralclient.commands.v2.members.Delete	https://opendev.org/openstack/python-mistralclient/src/tag/5.4.0/mistralclient/shell.py#L772
python-mistralclient	5.4.0	standalone	mistral.shell	mistral member-get	mistralclient.commands.v2.members.Get	https://opendev.org/openstack/python-mistralclient/src/tag/5.4.0/mistralclient/shell.py#L775
python-mistralclient	5.4.0	standalone	mistral.shell	mistral member-list	mistralclient.commands.v2.members.List	https://opendev.org/openstack/python-mistralclient/src/tag/5.4.0/mistralclient/shell.py#L774
python-mistralclient	5.4.0	standalone	mistral.shell	mistral member-update	mistralclient.commands.v2.members.Update	https://opendev.org/openstack/python-mistralclient/src/tag/5.4.0/mistralclient/shell.py#L773
python-mistralclient	5.4.0	standalone	mistral.shell	mistral run-action	mistralclient.commands.v2.action_executions.Create	https://opendev.org/openstack/python-mistralclient/src/tag/5.4.0/mistralclient/shell.py#L714
python-mistralclient	5.4.0	standalone	mistral.shell	mistral service-list	mistralclient.commands.v2.services.List	https://opendev.org/openstack/python-mistralclient/src/tag/5.4.0/mistralclient/shell.py#L770
python-mistralclient	5.4.0	standalone	mistral.shell	mistral task-get	mistralclient.commands.v2.tasks.Get	https://opendev.org/openstack/python-mistralclient/src/tag/5.4.0/mistralclient/shell.py#L743
python-mistralclient	5.4.0	standalone	mistral.shell	mistral task-get-published	mistralclient.commands.v2.tasks.GetPublished	https://opendev.org/openstack/python-mistralclient/src/tag/5.4.0/mistralclient/shell.py#L744
python-mistralclient	5.4.0	standalone	mistral.shell	mistral task-get-result	mistralclient.commands.v2.tasks.GetResult	https://opendev.org/openstack/python-mistralclient/src/tag/5.4.0/mistralclient/shell.py#L745
python-mistralclient	5.4.0	standalone	mistral.shell	mistral task-get-sub-executions	mistralclient.commands.v2.tasks.SubExecutionsLister	https://opendev.org/openstack/python-mistralclient/src/tag/5.4.0/mistralclient/shell.py#L746
python-mistralclient	5.4.0	standalone	mistral.shell	mistral task-list	mistralclient.commands.v2.tasks.List	https://opendev.org/openstack/python-mistralclient/src/tag/5.4.0/mistralclient/shell.py#L742
python-mistralclient	5.4.0	standalone	mistral.shell	mistral task-rerun	mistralclient.commands.v2.tasks.Rerun	https://opendev.org/openstack/python-mistralclient/src/tag/5.4.0/mistralclient/shell.py#L748
python-mistralclient	5.4.0	standalone	mistral.shell	mistral workbook-create	mistralclient.commands.v2.workbooks.Create	https://opendev.org/openstack/python-mistralclient/src/tag/5.4.0/mistralclient/shell.py#L692
python-mistralclient	5.4.0	standalone	mistral.shell	mistral workbook-delete	mistralclient.commands.v2.workbooks.Delete	https://opendev.org/openstack/python-mistralclient/src/tag/5.4.0/mistralclient/shell.py#L693
python-mistralclient	5.4.0	standalone	mistral.shell	mistral workbook-get	mistralclient.commands.v2.workbooks.Get	https://opendev.org/openstack/python-mistralclient/src/tag/5.4.0/mistralclient/shell.py#L691
python-mistralclient	5.4.0	standalone	mistral.shell	mistral workbook-get-definition	mistralclient.commands.v2.workbooks.GetDefinition	https://opendev.org/openstack/python-mistralclient/src/tag/5.4.0/mistralclient/shell.py#L695
python-mistralclient	5.4.0	standalone	mistral.shell	mistral workbook-list	mistralclient.commands.v2.workbooks.List	https://opendev.org/openstack/python-mistralclient/src/tag/5.4.0/mistralclient/shell.py#L690
python-mistralclient	5.4.0	standalone	mistral.shell	mistral workbook-update	mistralclient.commands.v2.workbooks.Update	https://opendev.org/openstack/python-mistralclient/src/tag/5.4.0/mistralclient/shell.py#L694
python-mistralclient	5.4.0	standalone	mistral.shell	mistral workbook-validate	mistralclient.commands.v2.workbooks.Validate	https://opendev.org/openstack/python-mistralclient/src/tag/5.4.0/mistralclient/shell.py#L697
python-mistralclient	5.4.0	standalone	mistral.shell	mistral workflow-create	mistralclient.commands.v2.workflows.Create	https://opendev.org/openstack/python-mistralclient/src/tag/5.4.0/mistralclient/shell.py#L700
python-mistralclient	5.4.0	standalone	mistral.shell	mistral workflow-delete	mistralclient.commands.v2.workflows.Delete	https://opendev.org/openstack/python-mistralclient/src/tag/5.4.0/mistralclient/shell.py#L701
python-mistralclient	5.4.0	standalone	mistral.shell	mistral workflow-get	mistralclient.commands.v2.workflows.Get	https://opendev.org/openstack/python-mistralclient/src/tag/5.4.0/mistralclient/shell.py#L699
python-mistralclient	5.4.0	standalone	mistral.shell	mistral workflow-get-definition	mistralclient.commands.v2.workflows.GetDefinition	https://opendev.org/openstack/python-mistralclient/src/tag/5.4.0/mistralclient/shell.py#L703
python-mistralclient	5.4.0	standalone	mistral.shell	mistral workflow-list	mistralclient.commands.v2.workflows.List	https://opendev.org/openstack/python-mistralclient/src/tag/5.4.0/mistralclient/shell.py#L698
python-mistralclient	5.4.0	standalone	mistral.shell	mistral workflow-update	mistralclient.commands.v2.workflows.Update	https://opendev.org/openstack/python-mistralclient/src/tag/5.4.0/mistralclient/shell.py#L702
python-mistralclient	5.4.0	standalone	mistral.shell	mistral workflow-validate	mistralclient.commands.v2.workflows.Validate	https://opendev.org/openstack/python-mistralclient/src/tag/5.4.0/mistralclient/shell.py#L705
python-openstackclient	7.4.0	OSC	openstack.cli	openstack command list	openstackclient.common.module:ListCommand	https://github.com/openstack/python-openstackclient/blob/7.4.0/setup.cfg
python-openstackclient	7.4.0	OSC	openstack.cli	openstack module list	openstackclient.common.module:ListModule	https://github.com/openstack/python-openstackclient/blob/7.4.0/setup.cfg
python-openstackclient	7.4.0	OSC	openstack.common	openstack availability zone list	openstackclient.common.availability_zone:ListAvailabilityZone	https://github.com/openstack/python-openstackclient/blob/7.4.0/setup.cfg
python-openstackclient	7.4.0	OSC	openstack.common	openstack configuration show	openstackclient.common.configuration:ShowConfiguration	https://github.com/openstack/python-openstackclient/blob/7.4.0/setup.cfg
python-openstackclient	7.4.0	OSC	openstack.common	openstack extension list	openstackclient.common.extension:ListExtension	https://github.com/openstack/python-openstackclient/blob/7.4.0/setup.cfg
python-openstackclient	7.4.0	OSC	openstack.common	openstack extension show	openstackclient.common.extension:ShowExtension	https://github.com/openstack/python-openstackclient/blob/7.4.0/setup.cfg
python-openstackclient	7.4.0	OSC	openstack.common	openstack limits show	openstackclient.common.limits:ShowLimits	https://github.com/openstack/python-openstackclient/blob/7.4.0/setup.cfg
python-openstackclient	7.4.0	OSC	openstack.common	openstack project cleanup	openstackclient.common.project_cleanup:ProjectCleanup	https://github.com/openstack/python-openstackclient/blob/7.4.0/setup.cfg
python-openstackclient	7.4.0	OSC	openstack.common	openstack quota delete	openstackclient.common.quota:DeleteQuota	https://github.com/openstack/python-openstackclient/blob/7.4.0/setup.cfg
python-openstackclient	7.4.0	OSC	openstack.common	openstack quota list	openstackclient.common.quota:ListQuota	https://github.com/openstack/python-openstackclient/blob/7.4.0/setup.cfg
python-openstackclient	7.4.0	OSC	openstack.common	openstack quota set	openstackclient.common.quota:SetQuota	https://github.com/openstack/python-openstackclient/blob/7.4.0/setup.cfg
python-openstackclient	7.4.0	OSC	openstack.common	openstack quota show	openstackclient.common.quota:ShowQuota	https://github.com/openstack/python-openstackclient/blob/7.4.0/setup.cfg
python-openstackclient	7.4.0	OSC	openstack.common	openstack versions show	openstackclient.common.versions:ShowVersions	https://github.com/openstack/python-openstackclient/blob/7.4.0/setup.cfg
python-openstackclient	7.4.0	OSC	openstack.compute.v2	openstack aggregate add host	openstackclient.compute.v2.aggregate:AddAggregateHost	https://github.com/openstack/python-openstackclient/blob/7.4.0/setup.cfg
python-openstackclient	7.4.0	OSC	openstack.compute.v2	openstack aggregate cache image	openstackclient.compute.v2.aggregate:CacheImageForAggregate	https://github.com/openstack/python-openstackclient/blob/7.4.0/setup.cfg
python-openstackclient	7.4.0	OSC	openstack.compute.v2	openstack aggregate create	openstackclient.compute.v2.aggregate:CreateAggregate	https://github.com/openstack/python-openstackclient/blob/7.4.0/setup.cfg
python-openstackclient	7.4.0	OSC	openstack.compute.v2	openstack aggregate delete	openstackclient.compute.v2.aggregate:DeleteAggregate	https://github.com/openstack/python-openstackclient/blob/7.4.0/setup.cfg
python-openstackclient	7.4.0	OSC	openstack.compute.v2	openstack aggregate list	openstackclient.compute.v2.aggregate:ListAggregate	https://github.com/openstack/python-openstackclient/blob/7.4.0/setup.cfg
python-openstackclient	7.4.0	OSC	openstack.compute.v2	openstack aggregate remove host	openstackclient.compute.v2.aggregate:RemoveAggregateHost	https://github.com/openstack/python-openstackclient/blob/7.4.0/setup.cfg
python-openstackclient	7.4.0	OSC	openstack.compute.v2	openstack aggregate set	openstackclient.compute.v2.aggregate:SetAggregate	https://github.com/openstack/python-openstackclient/blob/7.4.0/setup.cfg
python-openstackclient	7.4.0	OSC	openstack.compute.v2	openstack aggregate show	openstackclient.compute.v2.aggregate:ShowAggregate	https://github.com/openstack/python-openstackclient/blob/7.4.0/setup.cfg
python-openstackclient	7.4.0	OSC	openstack.compute.v2	openstack aggregate unset	openstackclient.compute.v2.aggregate:UnsetAggregate	https://github.com/openstack/python-openstackclient/blob/7.4.0/setup.cfg
python-openstackclient	7.4.0	OSC	openstack.compute.v2	openstack compute agent create	openstackclient.compute.v2.agent:CreateAgent	https://github.com/openstack/python-openstackclient/blob/7.4.0/setup.cfg
python-openstackclient	7.4.0	OSC	openstack.compute.v2	openstack compute agent delete	openstackclient.compute.v2.agent:DeleteAgent	https://github.com/openstack/python-openstackclient/blob/7.4.0/setup.cfg
python-openstackclient	7.4.0	OSC	openstack.compute.v2	openstack compute agent list	openstackclient.compute.v2.agent:ListAgent	https://github.com/openstack/python-openstackclient/blob/7.4.0/setup.cfg
python-openstackclient	7.4.0	OSC	openstack.compute.v2	openstack compute agent set	openstackclient.compute.v2.agent:SetAgent	https://github.com/openstack/python-openstackclient/blob/7.4.0/setup.cfg
python-openstackclient	7.4.0	OSC	openstack.compute.v2	openstack compute service delete	openstackclient.compute.v2.service:DeleteService	https://github.com/openstack/python-openstackclient/blob/7.4.0/setup.cfg
python-openstackclient	7.4.0	OSC	openstack.compute.v2	openstack compute service list	openstackclient.compute.v2.service:ListService	https://github.com/openstack/python-openstackclient/blob/7.4.0/setup.cfg
python-openstackclient	7.4.0	OSC	openstack.compute.v2	openstack compute service set	openstackclient.compute.v2.service:SetService	https://github.com/openstack/python-openstackclient/blob/7.4.0/setup.cfg
python-openstackclient	7.4.0	OSC	openstack.compute.v2	openstack console log show	openstackclient.compute.v2.console:ShowConsoleLog	https://github.com/openstack/python-openstackclient/blob/7.4.0/setup.cfg
python-openstackclient	7.4.0	OSC	openstack.compute.v2	openstack console url show	openstackclient.compute.v2.console:ShowConsoleURL	https://github.com/openstack/python-openstackclient/blob/7.4.0/setup.cfg
python-openstackclient	7.4.0	OSC	openstack.compute.v2	openstack flavor create	openstackclient.compute.v2.flavor:CreateFlavor	https://github.com/openstack/python-openstackclient/blob/7.4.0/setup.cfg
python-openstackclient	7.4.0	OSC	openstack.compute.v2	openstack flavor delete	openstackclient.compute.v2.flavor:DeleteFlavor	https://github.com/openstack/python-openstackclient/blob/7.4.0/setup.cfg
python-openstackclient	7.4.0	OSC	openstack.compute.v2	openstack flavor list	openstackclient.compute.v2.flavor:ListFlavor	https://github.com/openstack/python-openstackclient/blob/7.4.0/setup.cfg
python-openstackclient	7.4.0	OSC	openstack.compute.v2	openstack flavor set	openstackclient.compute.v2.flavor:SetFlavor	https://github.com/openstack/python-openstackclient/blob/7.4.0/setup.cfg
python-openstackclient	7.4.0	OSC	openstack.compute.v2	openstack flavor show	openstackclient.compute.v2.flavor:ShowFlavor	https://github.com/openstack/python-openstackclient/blob/7.4.0/setup.cfg
python-openstackclient	7.4.0	OSC	openstack.compute.v2	openstack flavor unset	openstackclient.compute.v2.flavor:UnsetFlavor	https://github.com/openstack/python-openstackclient/blob/7.4.0/setup.cfg
python-openstackclient	7.4.0	OSC	openstack.compute.v2	openstack host list	openstackclient.compute.v2.host:ListHost	https://github.com/openstack/python-openstackclient/blob/7.4.0/setup.cfg
python-openstackclient	7.4.0	OSC	openstack.compute.v2	openstack host set	openstackclient.compute.v2.host:SetHost	https://github.com/openstack/python-openstackclient/blob/7.4.0/setup.cfg
python-openstackclient	7.4.0	OSC	openstack.compute.v2	openstack host show	openstackclient.compute.v2.host:ShowHost	https://github.com/openstack/python-openstackclient/blob/7.4.0/setup.cfg
python-openstackclient	7.4.0	OSC	openstack.compute.v2	openstack hypervisor list	openstackclient.compute.v2.hypervisor:ListHypervisor	https://github.com/openstack/python-openstackclient/blob/7.4.0/setup.cfg
python-openstackclient	7.4.0	OSC	openstack.compute.v2	openstack hypervisor show	openstackclient.compute.v2.hypervisor:ShowHypervisor	https://github.com/openstack/python-openstackclient/blob/7.4.0/setup.cfg
python-openstackclient	7.4.0	OSC	openstack.compute.v2	openstack hypervisor stats show	openstackclient.compute.v2.hypervisor_stats:ShowHypervisorStats	https://github.com/openstack/python-openstackclient/blob/7.4.0/setup.cfg
python-openstackclient	7.4.0	OSC	openstack.compute.v2	openstack keypair create	openstackclient.compute.v2.keypair:CreateKeypair	https://github.com/openstack/python-openstackclient/blob/7.4.0/setup.cfg
python-openstackclient	7.4.0	OSC	openstack.compute.v2	openstack keypair delete	openstackclient.compute.v2.keypair:DeleteKeypair	https://github.com/openstack/python-openstackclient/blob/7.4.0/setup.cfg
python-openstackclient	7.4.0	OSC	openstack.compute.v2	openstack keypair list	openstackclient.compute.v2.keypair:ListKeypair	https://github.com/openstack/python-openstackclient/blob/7.4.0/setup.cfg
python-openstackclient	7.4.0	OSC	openstack.compute.v2	openstack keypair show	openstackclient.compute.v2.keypair:ShowKeypair	https://github.com/openstack/python-openstackclient/blob/7.4.0/setup.cfg
python-openstackclient	7.4.0	OSC	openstack.compute.v2	openstack server add fixed ip	openstackclient.compute.v2.server:AddFixedIP	https://github.com/openstack/python-openstackclient/blob/7.4.0/setup.cfg
python-openstackclient	7.4.0	OSC	openstack.compute.v2	openstack server add floating ip	openstackclient.compute.v2.server:AddFloatingIP	https://github.com/openstack/python-openstackclient/blob/7.4.0/setup.cfg
python-openstackclient	7.4.0	OSC	openstack.compute.v2	openstack server add network	openstackclient.compute.v2.server:AddNetwork	https://github.com/openstack/python-openstackclient/blob/7.4.0/setup.cfg
python-openstackclient	7.4.0	OSC	openstack.compute.v2	openstack server add port	openstackclient.compute.v2.server:AddPort	https://github.com/openstack/python-openstackclient/blob/7.4.0/setup.cfg
python-openstackclient	7.4.0	OSC	openstack.compute.v2	openstack server add security group	openstackclient.compute.v2.server:AddServerSecurityGroup	https://github.com/openstack/python-openstackclient/blob/7.4.0/setup.cfg
python-openstackclient	7.4.0	OSC	openstack.compute.v2	openstack server add volume	openstackclient.compute.v2.server:AddServerVolume	https://github.com/openstack/python-openstackclient/blob/7.4.0/setup.cfg
python-openstackclient	7.4.0	OSC	openstack.compute.v2	openstack server backup create	openstackclient.compute.v2.server_backup:CreateServerBackup	https://github.com/openstack/python-openstackclient/blob/7.4.0/setup.cfg
python-openstackclient	7.4.0	OSC	openstack.compute.v2	openstack server create	openstackclient.compute.v2.server:CreateServer	https://github.com/openstack/python-openstackclient/blob/7.4.0/setup.cfg
python-openstackclient	7.4.0	OSC	openstack.compute.v2	openstack server delete	openstackclient.compute.v2.server:DeleteServer	https://github.com/openstack/python-openstackclient/blob/7.4.0/setup.cfg
python-openstackclient	7.4.0	OSC	openstack.compute.v2	openstack server dump create	openstackclient.compute.v2.server:CreateServerDump	https://github.com/openstack/python-openstackclient/blob/7.4.0/setup.cfg
python-openstackclient	7.4.0	OSC	openstack.compute.v2	openstack server evacuate	openstackclient.compute.v2.server:EvacuateServer	https://github.com/openstack/python-openstackclient/blob/7.4.0/setup.cfg
python-openstackclient	7.4.0	OSC	openstack.compute.v2	openstack server event list	openstackclient.compute.v2.server_event:ListServerEvent	https://github.com/openstack/python-openstackclient/blob/7.4.0/setup.cfg
python-openstackclient	7.4.0	OSC	openstack.compute.v2	openstack server event show	openstackclient.compute.v2.server_event:ShowServerEvent	https://github.com/openstack/python-openstackclient/blob/7.4.0/setup.cfg
python-openstackclient	7.4.0	OSC	openstack.compute.v2	openstack server group create	openstackclient.compute.v2.server_group:CreateServerGroup	https://github.com/openstack/python-openstackclient/blob/7.4.0/setup.cfg
python-openstackclient	7.4.0	OSC	openstack.compute.v2	openstack server group delete	openstackclient.compute.v2.server_group:DeleteServerGroup	https://github.com/openstack/python-openstackclient/blob/7.4.0/setup.cfg
python-openstackclient	7.4.0	OSC	openstack.compute.v2	openstack server group list	openstackclient.compute.v2.server_group:ListServerGroup	https://github.com/openstack/python-openstackclient/blob/7.4.0/setup.cfg
python-openstackclient	7.4.0	OSC	openstack.compute.v2	openstack server group show	openstackclient.compute.v2.server_group:ShowServerGroup	https://github.com/openstack/python-openstackclient/blob/7.4.0/setup.cfg
python-openstackclient	7.4.0	OSC	openstack.compute.v2	openstack server image create	openstackclient.compute.v2.server_image:CreateServerImage	https://github.com/openstack/python-openstackclient/blob/7.4.0/setup.cfg
python-openstackclient	7.4.0	OSC	openstack.compute.v2	openstack server list	openstackclient.compute.v2.server:ListServer	https://github.com/openstack/python-openstackclient/blob/7.4.0/setup.cfg
python-openstackclient	7.4.0	OSC	openstack.compute.v2	openstack server lock	openstackclient.compute.v2.server:LockServer	https://github.com/openstack/python-openstackclient/blob/7.4.0/setup.cfg
python-openstackclient	7.4.0	OSC	openstack.compute.v2	openstack server migrate	openstackclient.compute.v2.server:MigrateServer	https://github.com/openstack/python-openstackclient/blob/7.4.0/setup.cfg
python-openstackclient	7.4.0	OSC	openstack.compute.v2	openstack server migrate confirm	openstackclient.compute.v2.server:MigrateConfirm	https://github.com/openstack/python-openstackclient/blob/7.4.0/setup.cfg
python-openstackclient	7.4.0	OSC	openstack.compute.v2	openstack server migrate revert	openstackclient.compute.v2.server:MigrateRevert	https://github.com/openstack/python-openstackclient/blob/7.4.0/setup.cfg
python-openstackclient	7.4.0	OSC	openstack.compute.v2	openstack server migration abort	openstackclient.compute.v2.server_migration:AbortMigration	https://github.com/openstack/python-openstackclient/blob/7.4.0/setup.cfg
python-openstackclient	7.4.0	OSC	openstack.compute.v2	openstack server migration confirm	openstackclient.compute.v2.server:ConfirmMigration	https://github.com/openstack/python-openstackclient/blob/7.4.0/setup.cfg
python-openstackclient	7.4.0	OSC	openstack.compute.v2	openstack server migration force complete	openstackclient.compute.v2.server_migration:ForceCompleteMigration	https://github.com/openstack/python-openstackclient/blob/7.4.0/setup.cfg
python-openstackclient	7.4.0	OSC	openstack.compute.v2	openstack server migration list	openstackclient.compute.v2.server_migration:ListMigration	https://github.com/openstack/python-openstackclient/blob/7.4.0/setup.cfg
python-openstackclient	7.4.0	OSC	openstack.compute.v2	openstack server migration revert	openstackclient.compute.v2.server:RevertMigration	https://github.com/openstack/python-openstackclient/blob/7.4.0/setup.cfg
python-openstackclient	7.4.0	OSC	openstack.compute.v2	openstack server migration show	openstackclient.compute.v2.server_migration:ShowMigration	https://github.com/openstack/python-openstackclient/blob/7.4.0/setup.cfg
python-openstackclient	7.4.0	OSC	openstack.compute.v2	openstack server pause	openstackclient.compute.v2.server:PauseServer	https://github.com/openstack/python-openstackclient/blob/7.4.0/setup.cfg
python-openstackclient	7.4.0	OSC	openstack.compute.v2	openstack server reboot	openstackclient.compute.v2.server:RebootServer	https://github.com/openstack/python-openstackclient/blob/7.4.0/setup.cfg
python-openstackclient	7.4.0	OSC	openstack.compute.v2	openstack server rebuild	openstackclient.compute.v2.server:RebuildServer	https://github.com/openstack/python-openstackclient/blob/7.4.0/setup.cfg
python-openstackclient	7.4.0	OSC	openstack.compute.v2	openstack server remove fixed ip	openstackclient.compute.v2.server:RemoveFixedIP	https://github.com/openstack/python-openstackclient/blob/7.4.0/setup.cfg
python-openstackclient	7.4.0	OSC	openstack.compute.v2	openstack server remove floating ip	openstackclient.compute.v2.server:RemoveFloatingIP	https://github.com/openstack/python-openstackclient/blob/7.4.0/setup.cfg
python-openstackclient	7.4.0	OSC	openstack.compute.v2	openstack server remove network	openstackclient.compute.v2.server:RemoveNetwork	https://github.com/openstack/python-openstackclient/blob/7.4.0/setup.cfg
python-openstackclient	7.4.0	OSC	openstack.compute.v2	openstack server remove port	openstackclient.compute.v2.server:RemovePort	https://github.com/openstack/python-openstackclient/blob/7.4.0/setup.cfg
python-openstackclient	7.4.0	OSC	openstack.compute.v2	openstack server remove security group	openstackclient.compute.v2.server:RemoveServerSecurityGroup	https://github.com/openstack/python-openstackclient/blob/7.4.0/setup.cfg
python-openstackclient	7.4.0	OSC	openstack.compute.v2	openstack server remove volume	openstackclient.compute.v2.server:RemoveServerVolume	https://github.com/openstack/python-openstackclient/blob/7.4.0/setup.cfg
python-openstackclient	7.4.0	OSC	openstack.compute.v2	openstack server rescue	openstackclient.compute.v2.server:RescueServer	https://github.com/openstack/python-openstackclient/blob/7.4.0/setup.cfg
python-openstackclient	7.4.0	OSC	openstack.compute.v2	openstack server resize	openstackclient.compute.v2.server:ResizeServer	https://github.com/openstack/python-openstackclient/blob/7.4.0/setup.cfg
python-openstackclient	7.4.0	OSC	openstack.compute.v2	openstack server resize confirm	openstackclient.compute.v2.server:ResizeConfirm	https://github.com/openstack/python-openstackclient/blob/7.4.0/setup.cfg
python-openstackclient	7.4.0	OSC	openstack.compute.v2	openstack server resize revert	openstackclient.compute.v2.server:ResizeRevert	https://github.com/openstack/python-openstackclient/blob/7.4.0/setup.cfg
python-openstackclient	7.4.0	OSC	openstack.compute.v2	openstack server restore	openstackclient.compute.v2.server:RestoreServer	https://github.com/openstack/python-openstackclient/blob/7.4.0/setup.cfg
python-openstackclient	7.4.0	OSC	openstack.compute.v2	openstack server resume	openstackclient.compute.v2.server:ResumeServer	https://github.com/openstack/python-openstackclient/blob/7.4.0/setup.cfg
python-openstackclient	7.4.0	OSC	openstack.compute.v2	openstack server set	openstackclient.compute.v2.server:SetServer	https://github.com/openstack/python-openstackclient/blob/7.4.0/setup.cfg
python-openstackclient	7.4.0	OSC	openstack.compute.v2	openstack server shelve	openstackclient.compute.v2.server:ShelveServer	https://github.com/openstack/python-openstackclient/blob/7.4.0/setup.cfg
python-openstackclient	7.4.0	OSC	openstack.compute.v2	openstack server show	openstackclient.compute.v2.server:ShowServer	https://github.com/openstack/python-openstackclient/blob/7.4.0/setup.cfg
python-openstackclient	7.4.0	OSC	openstack.compute.v2	openstack server ssh	openstackclient.compute.v2.server:SshServer	https://github.com/openstack/python-openstackclient/blob/7.4.0/setup.cfg
python-openstackclient	7.4.0	OSC	openstack.compute.v2	openstack server start	openstackclient.compute.v2.server:StartServer	https://github.com/openstack/python-openstackclient/blob/7.4.0/setup.cfg
python-openstackclient	7.4.0	OSC	openstack.compute.v2	openstack server stop	openstackclient.compute.v2.server:StopServer	https://github.com/openstack/python-openstackclient/blob/7.4.0/setup.cfg
python-openstackclient	7.4.0	OSC	openstack.compute.v2	openstack server suspend	openstackclient.compute.v2.server:SuspendServer	https://github.com/openstack/python-openstackclient/blob/7.4.0/setup.cfg
python-openstackclient	7.4.0	OSC	openstack.compute.v2	openstack server unlock	openstackclient.compute.v2.server:UnlockServer	https://github.com/openstack/python-openstackclient/blob/7.4.0/setup.cfg
python-openstackclient	7.4.0	OSC	openstack.compute.v2	openstack server unpause	openstackclient.compute.v2.server:UnpauseServer	https://github.com/openstack/python-openstackclient/blob/7.4.0/setup.cfg
python-openstackclient	7.4.0	OSC	openstack.compute.v2	openstack server unrescue	openstackclient.compute.v2.server:UnrescueServer	https://github.com/openstack/python-openstackclient/blob/7.4.0/setup.cfg
python-openstackclient	7.4.0	OSC	openstack.compute.v2	openstack server unset	openstackclient.compute.v2.server:UnsetServer	https://github.com/openstack/python-openstackclient/blob/7.4.0/setup.cfg
python-openstackclient	7.4.0	OSC	openstack.compute.v2	openstack server unshelve	openstackclient.compute.v2.server:UnshelveServer	https://github.com/openstack/python-openstackclient/blob/7.4.0/setup.cfg
python-openstackclient	7.4.0	OSC	openstack.compute.v2	openstack server volume list	openstackclient.compute.v2.server_volume:ListServerVolume	https://github.com/openstack/python-openstackclient/blob/7.4.0/setup.cfg
python-openstackclient	7.4.0	OSC	openstack.compute.v2	openstack server volume set	openstackclient.compute.v2.server_volume:SetServerVolume	https://github.com/openstack/python-openstackclient/blob/7.4.0/setup.cfg
python-openstackclient	7.4.0	OSC	openstack.compute.v2	openstack server volume update	openstackclient.compute.v2.server_volume:UpdateServerVolume	https://github.com/openstack/python-openstackclient/blob/7.4.0/setup.cfg
python-openstackclient	7.4.0	OSC	openstack.compute.v2	openstack usage list	openstackclient.compute.v2.usage:ListUsage	https://github.com/openstack/python-openstackclient/blob/7.4.0/setup.cfg
python-openstackclient	7.4.0	OSC	openstack.compute.v2	openstack usage show	openstackclient.compute.v2.usage:ShowUsage	https://github.com/openstack/python-openstackclient/blob/7.4.0/setup.cfg
python-openstackclient	7.4.0	OSC	openstack.identity.v2	openstack catalog list	openstackclient.identity.v2_0.catalog:ListCatalog	https://github.com/openstack/python-openstackclient/blob/7.4.0/setup.cfg
python-openstackclient	7.4.0	OSC	openstack.identity.v2	openstack catalog show	openstackclient.identity.v2_0.catalog:ShowCatalog	https://github.com/openstack/python-openstackclient/blob/7.4.0/setup.cfg
python-openstackclient	7.4.0	OSC	openstack.identity.v2	openstack ec2 credentials create	openstackclient.identity.v2_0.ec2creds:CreateEC2Creds	https://github.com/openstack/python-openstackclient/blob/7.4.0/setup.cfg
python-openstackclient	7.4.0	OSC	openstack.identity.v2	openstack ec2 credentials delete	openstackclient.identity.v2_0.ec2creds:DeleteEC2Creds	https://github.com/openstack/python-openstackclient/blob/7.4.0/setup.cfg
python-openstackclient	7.4.0	OSC	openstack.identity.v2	openstack ec2 credentials list	openstackclient.identity.v2_0.ec2creds:ListEC2Creds	https://github.com/openstack/python-openstackclient/blob/7.4.0/setup.cfg
python-openstackclient	7.4.0	OSC	openstack.identity.v2	openstack ec2 credentials show	openstackclient.identity.v2_0.ec2creds:ShowEC2Creds	https://github.com/openstack/python-openstackclient/blob/7.4.0/setup.cfg
python-openstackclient	7.4.0	OSC	openstack.identity.v2	openstack endpoint create	openstackclient.identity.v2_0.endpoint:CreateEndpoint	https://github.com/openstack/python-openstackclient/blob/7.4.0/setup.cfg
python-openstackclient	7.4.0	OSC	openstack.identity.v2	openstack endpoint delete	openstackclient.identity.v2_0.endpoint:DeleteEndpoint	https://github.com/openstack/python-openstackclient/blob/7.4.0/setup.cfg
python-openstackclient	7.4.0	OSC	openstack.identity.v2	openstack endpoint list	openstackclient.identity.v2_0.endpoint:ListEndpoint	https://github.com/openstack/python-openstackclient/blob/7.4.0/setup.cfg
python-openstackclient	7.4.0	OSC	openstack.identity.v2	openstack endpoint show	openstackclient.identity.v2_0.endpoint:ShowEndpoint	https://github.com/openstack/python-openstackclient/blob/7.4.0/setup.cfg
python-openstackclient	7.4.0	OSC	openstack.identity.v2	openstack project create	openstackclient.identity.v2_0.project:CreateProject	https://github.com/openstack/python-openstackclient/blob/7.4.0/setup.cfg
python-openstackclient	7.4.0	OSC	openstack.identity.v2	openstack project delete	openstackclient.identity.v2_0.project:DeleteProject	https://github.com/openstack/python-openstackclient/blob/7.4.0/setup.cfg
python-openstackclient	7.4.0	OSC	openstack.identity.v2	openstack project list	openstackclient.identity.v2_0.project:ListProject	https://github.com/openstack/python-openstackclient/blob/7.4.0/setup.cfg
python-openstackclient	7.4.0	OSC	openstack.identity.v2	openstack project set	openstackclient.identity.v2_0.project:SetProject	https://github.com/openstack/python-openstackclient/blob/7.4.0/setup.cfg
python-openstackclient	7.4.0	OSC	openstack.identity.v2	openstack project show	openstackclient.identity.v2_0.project:ShowProject	https://github.com/openstack/python-openstackclient/blob/7.4.0/setup.cfg
python-openstackclient	7.4.0	OSC	openstack.identity.v2	openstack project unset	openstackclient.identity.v2_0.project:UnsetProject	https://github.com/openstack/python-openstackclient/blob/7.4.0/setup.cfg
python-openstackclient	7.4.0	OSC	openstack.identity.v2	openstack role add	openstackclient.identity.v2_0.role:AddRole	https://github.com/openstack/python-openstackclient/blob/7.4.0/setup.cfg
python-openstackclient	7.4.0	OSC	openstack.identity.v2	openstack role assignment list	openstackclient.identity.v2_0.role_assignment:ListRoleAssignment	https://github.com/openstack/python-openstackclient/blob/7.4.0/setup.cfg
python-openstackclient	7.4.0	OSC	openstack.identity.v2	openstack role create	openstackclient.identity.v2_0.role:CreateRole	https://github.com/openstack/python-openstackclient/blob/7.4.0/setup.cfg
python-openstackclient	7.4.0	OSC	openstack.identity.v2	openstack role delete	openstackclient.identity.v2_0.role:DeleteRole	https://github.com/openstack/python-openstackclient/blob/7.4.0/setup.cfg
python-openstackclient	7.4.0	OSC	openstack.identity.v2	openstack role list	openstackclient.identity.v2_0.role:ListRole	https://github.com/openstack/python-openstackclient/blob/7.4.0/setup.cfg
python-openstackclient	7.4.0	OSC	openstack.identity.v2	openstack role remove	openstackclient.identity.v2_0.role:RemoveRole	https://github.com/openstack/python-openstackclient/blob/7.4.0/setup.cfg
python-openstackclient	7.4.0	OSC	openstack.identity.v2	openstack role show	openstackclient.identity.v2_0.role:ShowRole	https://github.com/openstack/python-openstackclient/blob/7.4.0/setup.cfg
python-openstackclient	7.4.0	OSC	openstack.identity.v2	openstack service create	openstackclient.identity.v2_0.service:CreateService	https://github.com/openstack/python-openstackclient/blob/7.4.0/setup.cfg
python-openstackclient	7.4.0	OSC	openstack.identity.v2	openstack service delete	openstackclient.identity.v2_0.service:DeleteService	https://github.com/openstack/python-openstackclient/blob/7.4.0/setup.cfg
python-openstackclient	7.4.0	OSC	openstack.identity.v2	openstack service list	openstackclient.identity.v2_0.service:ListService	https://github.com/openstack/python-openstackclient/blob/7.4.0/setup.cfg
python-openstackclient	7.4.0	OSC	openstack.identity.v2	openstack service show	openstackclient.identity.v2_0.service:ShowService	https://github.com/openstack/python-openstackclient/blob/7.4.0/setup.cfg
python-openstackclient	7.4.0	OSC	openstack.identity.v2	openstack token issue	openstackclient.identity.v2_0.token:IssueToken	https://github.com/openstack/python-openstackclient/blob/7.4.0/setup.cfg
python-openstackclient	7.4.0	OSC	openstack.identity.v2	openstack token revoke	openstackclient.identity.v2_0.token:RevokeToken	https://github.com/openstack/python-openstackclient/blob/7.4.0/setup.cfg
python-openstackclient	7.4.0	OSC	openstack.identity.v2	openstack user create	openstackclient.identity.v2_0.user:CreateUser	https://github.com/openstack/python-openstackclient/blob/7.4.0/setup.cfg
python-openstackclient	7.4.0	OSC	openstack.identity.v2	openstack user delete	openstackclient.identity.v2_0.user:DeleteUser	https://github.com/openstack/python-openstackclient/blob/7.4.0/setup.cfg
python-openstackclient	7.4.0	OSC	openstack.identity.v2	openstack user list	openstackclient.identity.v2_0.user:ListUser	https://github.com/openstack/python-openstackclient/blob/7.4.0/setup.cfg
python-openstackclient	7.4.0	OSC	openstack.identity.v2	openstack user set	openstackclient.identity.v2_0.user:SetUser	https://github.com/openstack/python-openstackclient/blob/7.4.0/setup.cfg
python-openstackclient	7.4.0	OSC	openstack.identity.v2	openstack user show	openstackclient.identity.v2_0.user:ShowUser	https://github.com/openstack/python-openstackclient/blob/7.4.0/setup.cfg
python-openstackclient	7.4.0	OSC	openstack.identity.v3	openstack access rule delete	openstackclient.identity.v3.access_rule:DeleteAccessRule	https://github.com/openstack/python-openstackclient/blob/7.4.0/setup.cfg
python-openstackclient	7.4.0	OSC	openstack.identity.v3	openstack access rule list	openstackclient.identity.v3.access_rule:ListAccessRule	https://github.com/openstack/python-openstackclient/blob/7.4.0/setup.cfg
python-openstackclient	7.4.0	OSC	openstack.identity.v3	openstack access rule show	openstackclient.identity.v3.access_rule:ShowAccessRule	https://github.com/openstack/python-openstackclient/blob/7.4.0/setup.cfg
python-openstackclient	7.4.0	OSC	openstack.identity.v3	openstack access token create	openstackclient.identity.v3.token:CreateAccessToken	https://github.com/openstack/python-openstackclient/blob/7.4.0/setup.cfg
python-openstackclient	7.4.0	OSC	openstack.identity.v3	openstack application credential create	openstackclient.identity.v3.application_credential:CreateApplicationCredential	https://github.com/openstack/python-openstackclient/blob/7.4.0/setup.cfg
python-openstackclient	7.4.0	OSC	openstack.identity.v3	openstack application credential delete	openstackclient.identity.v3.application_credential:DeleteApplicationCredential	https://github.com/openstack/python-openstackclient/blob/7.4.0/setup.cfg
python-openstackclient	7.4.0	OSC	openstack.identity.v3	openstack application credential list	openstackclient.identity.v3.application_credential:ListApplicationCredential	https://github.com/openstack/python-openstackclient/blob/7.4.0/setup.cfg
python-openstackclient	7.4.0	OSC	openstack.identity.v3	openstack application credential show	openstackclient.identity.v3.application_credential:ShowApplicationCredential	https://github.com/openstack/python-openstackclient/blob/7.4.0/setup.cfg
python-openstackclient	7.4.0	OSC	openstack.identity.v3	openstack catalog list	openstackclient.identity.v3.catalog:ListCatalog	https://github.com/openstack/python-openstackclient/blob/7.4.0/setup.cfg
python-openstackclient	7.4.0	OSC	openstack.identity.v3	openstack catalog show	openstackclient.identity.v3.catalog:ShowCatalog	https://github.com/openstack/python-openstackclient/blob/7.4.0/setup.cfg
python-openstackclient	7.4.0	OSC	openstack.identity.v3	openstack consumer create	openstackclient.identity.v3.consumer:CreateConsumer	https://github.com/openstack/python-openstackclient/blob/7.4.0/setup.cfg
python-openstackclient	7.4.0	OSC	openstack.identity.v3	openstack consumer delete	openstackclient.identity.v3.consumer:DeleteConsumer	https://github.com/openstack/python-openstackclient/blob/7.4.0/setup.cfg
python-openstackclient	7.4.0	OSC	openstack.identity.v3	openstack consumer list	openstackclient.identity.v3.consumer:ListConsumer	https://github.com/openstack/python-openstackclient/blob/7.4.0/setup.cfg
python-openstackclient	7.4.0	OSC	openstack.identity.v3	openstack consumer set	openstackclient.identity.v3.consumer:SetConsumer	https://github.com/openstack/python-openstackclient/blob/7.4.0/setup.cfg
python-openstackclient	7.4.0	OSC	openstack.identity.v3	openstack consumer show	openstackclient.identity.v3.consumer:ShowConsumer	https://github.com/openstack/python-openstackclient/blob/7.4.0/setup.cfg
python-openstackclient	7.4.0	OSC	openstack.identity.v3	openstack credential create	openstackclient.identity.v3.credential:CreateCredential	https://github.com/openstack/python-openstackclient/blob/7.4.0/setup.cfg
python-openstackclient	7.4.0	OSC	openstack.identity.v3	openstack credential delete	openstackclient.identity.v3.credential:DeleteCredential	https://github.com/openstack/python-openstackclient/blob/7.4.0/setup.cfg
python-openstackclient	7.4.0	OSC	openstack.identity.v3	openstack credential list	openstackclient.identity.v3.credential:ListCredential	https://github.com/openstack/python-openstackclient/blob/7.4.0/setup.cfg
python-openstackclient	7.4.0	OSC	openstack.identity.v3	openstack credential set	openstackclient.identity.v3.credential:SetCredential	https://github.com/openstack/python-openstackclient/blob/7.4.0/setup.cfg
python-openstackclient	7.4.0	OSC	openstack.identity.v3	openstack credential show	openstackclient.identity.v3.credential:ShowCredential	https://github.com/openstack/python-openstackclient/blob/7.4.0/setup.cfg
python-openstackclient	7.4.0	OSC	openstack.identity.v3	openstack domain create	openstackclient.identity.v3.domain:CreateDomain	https://github.com/openstack/python-openstackclient/blob/7.4.0/setup.cfg
python-openstackclient	7.4.0	OSC	openstack.identity.v3	openstack domain delete	openstackclient.identity.v3.domain:DeleteDomain	https://github.com/openstack/python-openstackclient/blob/7.4.0/setup.cfg
python-openstackclient	7.4.0	OSC	openstack.identity.v3	openstack domain list	openstackclient.identity.v3.domain:ListDomain	https://github.com/openstack/python-openstackclient/blob/7.4.0/setup.cfg
python-openstackclient	7.4.0	OSC	openstack.identity.v3	openstack domain set	openstackclient.identity.v3.domain:SetDomain	https://github.com/openstack/python-openstackclient/blob/7.4.0/setup.cfg
python-openstackclient	7.4.0	OSC	openstack.identity.v3	openstack domain show	openstackclient.identity.v3.domain:ShowDomain	https://github.com/openstack/python-openstackclient/blob/7.4.0/setup.cfg
python-openstackclient	7.4.0	OSC	openstack.identity.v3	openstack ec2 credentials create	openstackclient.identity.v3.ec2creds:CreateEC2Creds	https://github.com/openstack/python-openstackclient/blob/7.4.0/setup.cfg
python-openstackclient	7.4.0	OSC	openstack.identity.v3	openstack ec2 credentials delete	openstackclient.identity.v3.ec2creds:DeleteEC2Creds	https://github.com/openstack/python-openstackclient/blob/7.4.0/setup.cfg
python-openstackclient	7.4.0	OSC	openstack.identity.v3	openstack ec2 credentials list	openstackclient.identity.v3.ec2creds:ListEC2Creds	https://github.com/openstack/python-openstackclient/blob/7.4.0/setup.cfg
python-openstackclient	7.4.0	OSC	openstack.identity.v3	openstack ec2 credentials show	openstackclient.identity.v3.ec2creds:ShowEC2Creds	https://github.com/openstack/python-openstackclient/blob/7.4.0/setup.cfg
python-openstackclient	7.4.0	OSC	openstack.identity.v3	openstack endpoint add project	openstackclient.identity.v3.endpoint:AddProjectToEndpoint	https://github.com/openstack/python-openstackclient/blob/7.4.0/setup.cfg
python-openstackclient	7.4.0	OSC	openstack.identity.v3	openstack endpoint create	openstackclient.identity.v3.endpoint:CreateEndpoint	https://github.com/openstack/python-openstackclient/blob/7.4.0/setup.cfg
python-openstackclient	7.4.0	OSC	openstack.identity.v3	openstack endpoint delete	openstackclient.identity.v3.endpoint:DeleteEndpoint	https://github.com/openstack/python-openstackclient/blob/7.4.0/setup.cfg
python-openstackclient	7.4.0	OSC	openstack.identity.v3	openstack endpoint group add project	openstackclient.identity.v3.endpoint_group:AddProjectToEndpointGroup	https://github.com/openstack/python-openstackclient/blob/7.4.0/setup.cfg
python-openstackclient	7.4.0	OSC	openstack.identity.v3	openstack endpoint group create	openstackclient.identity.v3.endpoint_group:CreateEndpointGroup	https://github.com/openstack/python-openstackclient/blob/7.4.0/setup.cfg
python-openstackclient	7.4.0	OSC	openstack.identity.v3	openstack endpoint group delete	openstackclient.identity.v3.endpoint_group:DeleteEndpointGroup	https://github.com/openstack/python-openstackclient/blob/7.4.0/setup.cfg
python-openstackclient	7.4.0	OSC	openstack.identity.v3	openstack endpoint group list	openstackclient.identity.v3.endpoint_group:ListEndpointGroup	https://github.com/openstack/python-openstackclient/blob/7.4.0/setup.cfg
python-openstackclient	7.4.0	OSC	openstack.identity.v3	openstack endpoint group remove project	openstackclient.identity.v3.endpoint_group:RemoveProjectFromEndpointGroup	https://github.com/openstack/python-openstackclient/blob/7.4.0/setup.cfg
python-openstackclient	7.4.0	OSC	openstack.identity.v3	openstack endpoint group set	openstackclient.identity.v3.endpoint_group:SetEndpointGroup	https://github.com/openstack/python-openstackclient/blob/7.4.0/setup.cfg
python-openstackclient	7.4.0	OSC	openstack.identity.v3	openstack endpoint group show	openstackclient.identity.v3.endpoint_group:ShowEndpointGroup	https://github.com/openstack/python-openstackclient/blob/7.4.0/setup.cfg
python-openstackclient	7.4.0	OSC	openstack.identity.v3	openstack endpoint list	openstackclient.identity.v3.endpoint:ListEndpoint	https://github.com/openstack/python-openstackclient/blob/7.4.0/setup.cfg
python-openstackclient	7.4.0	OSC	openstack.identity.v3	openstack endpoint remove project	openstackclient.identity.v3.endpoint:RemoveProjectFromEndpoint	https://github.com/openstack/python-openstackclient/blob/7.4.0/setup.cfg
python-openstackclient	7.4.0	OSC	openstack.identity.v3	openstack endpoint set	openstackclient.identity.v3.endpoint:SetEndpoint	https://github.com/openstack/python-openstackclient/blob/7.4.0/setup.cfg
python-openstackclient	7.4.0	OSC	openstack.identity.v3	openstack endpoint show	openstackclient.identity.v3.endpoint:ShowEndpoint	https://github.com/openstack/python-openstackclient/blob/7.4.0/setup.cfg
python-openstackclient	7.4.0	OSC	openstack.identity.v3	openstack federation domain list	openstackclient.identity.v3.unscoped_saml:ListAccessibleDomains	https://github.com/openstack/python-openstackclient/blob/7.4.0/setup.cfg
python-openstackclient	7.4.0	OSC	openstack.identity.v3	openstack federation project list	openstackclient.identity.v3.unscoped_saml:ListAccessibleProjects	https://github.com/openstack/python-openstackclient/blob/7.4.0/setup.cfg
python-openstackclient	7.4.0	OSC	openstack.identity.v3	openstack federation protocol create	openstackclient.identity.v3.federation_protocol:CreateProtocol	https://github.com/openstack/python-openstackclient/blob/7.4.0/setup.cfg
python-openstackclient	7.4.0	OSC	openstack.identity.v3	openstack federation protocol delete	openstackclient.identity.v3.federation_protocol:DeleteProtocol	https://github.com/openstack/python-openstackclient/blob/7.4.0/setup.cfg
python-openstackclient	7.4.0	OSC	openstack.identity.v3	openstack federation protocol list	openstackclient.identity.v3.federation_protocol:ListProtocols	https://github.com/openstack/python-openstackclient/blob/7.4.0/setup.cfg
python-openstackclient	7.4.0	OSC	openstack.identity.v3	openstack federation protocol set	openstackclient.identity.v3.federation_protocol:SetProtocol	https://github.com/openstack/python-openstackclient/blob/7.4.0/setup.cfg
python-openstackclient	7.4.0	OSC	openstack.identity.v3	openstack federation protocol show	openstackclient.identity.v3.federation_protocol:ShowProtocol	https://github.com/openstack/python-openstackclient/blob/7.4.0/setup.cfg
python-openstackclient	7.4.0	OSC	openstack.identity.v3	openstack group add user	openstackclient.identity.v3.group:AddUserToGroup	https://github.com/openstack/python-openstackclient/blob/7.4.0/setup.cfg
python-openstackclient	7.4.0	OSC	openstack.identity.v3	openstack group contains user	openstackclient.identity.v3.group:CheckUserInGroup	https://github.com/openstack/python-openstackclient/blob/7.4.0/setup.cfg
python-openstackclient	7.4.0	OSC	openstack.identity.v3	openstack group create	openstackclient.identity.v3.group:CreateGroup	https://github.com/openstack/python-openstackclient/blob/7.4.0/setup.cfg
python-openstackclient	7.4.0	OSC	openstack.identity.v3	openstack group delete	openstackclient.identity.v3.group:DeleteGroup	https://github.com/openstack/python-openstackclient/blob/7.4.0/setup.cfg
python-openstackclient	7.4.0	OSC	openstack.identity.v3	openstack group list	openstackclient.identity.v3.group:ListGroup	https://github.com/openstack/python-openstackclient/blob/7.4.0/setup.cfg
python-openstackclient	7.4.0	OSC	openstack.identity.v3	openstack group remove user	openstackclient.identity.v3.group:RemoveUserFromGroup	https://github.com/openstack/python-openstackclient/blob/7.4.0/setup.cfg
python-openstackclient	7.4.0	OSC	openstack.identity.v3	openstack group set	openstackclient.identity.v3.group:SetGroup	https://github.com/openstack/python-openstackclient/blob/7.4.0/setup.cfg
python-openstackclient	7.4.0	OSC	openstack.identity.v3	openstack group show	openstackclient.identity.v3.group:ShowGroup	https://github.com/openstack/python-openstackclient/blob/7.4.0/setup.cfg
python-openstackclient	7.4.0	OSC	openstack.identity.v3	openstack identity provider create	openstackclient.identity.v3.identity_provider:CreateIdentityProvider	https://github.com/openstack/python-openstackclient/blob/7.4.0/setup.cfg
python-openstackclient	7.4.0	OSC	openstack.identity.v3	openstack identity provider delete	openstackclient.identity.v3.identity_provider:DeleteIdentityProvider	https://github.com/openstack/python-openstackclient/blob/7.4.0/setup.cfg
python-openstackclient	7.4.0	OSC	openstack.identity.v3	openstack identity provider list	openstackclient.identity.v3.identity_provider:ListIdentityProvider	https://github.com/openstack/python-openstackclient/blob/7.4.0/setup.cfg
python-openstackclient	7.4.0	OSC	openstack.identity.v3	openstack identity provider set	openstackclient.identity.v3.identity_provider:SetIdentityProvider	https://github.com/openstack/python-openstackclient/blob/7.4.0/setup.cfg
python-openstackclient	7.4.0	OSC	openstack.identity.v3	openstack identity provider show	openstackclient.identity.v3.identity_provider:ShowIdentityProvider	https://github.com/openstack/python-openstackclient/blob/7.4.0/setup.cfg
python-openstackclient	7.4.0	OSC	openstack.identity.v3	openstack implied role create	openstackclient.identity.v3.implied_role:CreateImpliedRole	https://github.com/openstack/python-openstackclient/blob/7.4.0/setup.cfg
python-openstackclient	7.4.0	OSC	openstack.identity.v3	openstack implied role delete	openstackclient.identity.v3.implied_role:DeleteImpliedRole	https://github.com/openstack/python-openstackclient/blob/7.4.0/setup.cfg
python-openstackclient	7.4.0	OSC	openstack.identity.v3	openstack implied role list	openstackclient.identity.v3.implied_role:ListImpliedRole	https://github.com/openstack/python-openstackclient/blob/7.4.0/setup.cfg
python-openstackclient	7.4.0	OSC	openstack.identity.v3	openstack limit create	openstackclient.identity.v3.limit:CreateLimit	https://github.com/openstack/python-openstackclient/blob/7.4.0/setup.cfg
python-openstackclient	7.4.0	OSC	openstack.identity.v3	openstack limit delete	openstackclient.identity.v3.limit:DeleteLimit	https://github.com/openstack/python-openstackclient/blob/7.4.0/setup.cfg
python-openstackclient	7.4.0	OSC	openstack.identity.v3	openstack limit list	openstackclient.identity.v3.limit:ListLimit	https://github.com/openstack/python-openstackclient/blob/7.4.0/setup.cfg
python-openstackclient	7.4.0	OSC	openstack.identity.v3	openstack limit set	openstackclient.identity.v3.limit:SetLimit	https://github.com/openstack/python-openstackclient/blob/7.4.0/setup.cfg
python-openstackclient	7.4.0	OSC	openstack.identity.v3	openstack limit show	openstackclient.identity.v3.limit:ShowLimit	https://github.com/openstack/python-openstackclient/blob/7.4.0/setup.cfg
python-openstackclient	7.4.0	OSC	openstack.identity.v3	openstack mapping create	openstackclient.identity.v3.mapping:CreateMapping	https://github.com/openstack/python-openstackclient/blob/7.4.0/setup.cfg
python-openstackclient	7.4.0	OSC	openstack.identity.v3	openstack mapping delete	openstackclient.identity.v3.mapping:DeleteMapping	https://github.com/openstack/python-openstackclient/blob/7.4.0/setup.cfg
python-openstackclient	7.4.0	OSC	openstack.identity.v3	openstack mapping list	openstackclient.identity.v3.mapping:ListMapping	https://github.com/openstack/python-openstackclient/blob/7.4.0/setup.cfg
python-openstackclient	7.4.0	OSC	openstack.identity.v3	openstack mapping set	openstackclient.identity.v3.mapping:SetMapping	https://github.com/openstack/python-openstackclient/blob/7.4.0/setup.cfg
python-openstackclient	7.4.0	OSC	openstack.identity.v3	openstack mapping show	openstackclient.identity.v3.mapping:ShowMapping	https://github.com/openstack/python-openstackclient/blob/7.4.0/setup.cfg
python-openstackclient	7.4.0	OSC	openstack.identity.v3	openstack policy create	openstackclient.identity.v3.policy:CreatePolicy	https://github.com/openstack/python-openstackclient/blob/7.4.0/setup.cfg
python-openstackclient	7.4.0	OSC	openstack.identity.v3	openstack policy delete	openstackclient.identity.v3.policy:DeletePolicy	https://github.com/openstack/python-openstackclient/blob/7.4.0/setup.cfg
python-openstackclient	7.4.0	OSC	openstack.identity.v3	openstack policy list	openstackclient.identity.v3.policy:ListPolicy	https://github.com/openstack/python-openstackclient/blob/7.4.0/setup.cfg
python-openstackclient	7.4.0	OSC	openstack.identity.v3	openstack policy set	openstackclient.identity.v3.policy:SetPolicy	https://github.com/openstack/python-openstackclient/blob/7.4.0/setup.cfg
python-openstackclient	7.4.0	OSC	openstack.identity.v3	openstack policy show	openstackclient.identity.v3.policy:ShowPolicy	https://github.com/openstack/python-openstackclient/blob/7.4.0/setup.cfg
python-openstackclient	7.4.0	OSC	openstack.identity.v3	openstack project create	openstackclient.identity.v3.project:CreateProject	https://github.com/openstack/python-openstackclient/blob/7.4.0/setup.cfg
python-openstackclient	7.4.0	OSC	openstack.identity.v3	openstack project delete	openstackclient.identity.v3.project:DeleteProject	https://github.com/openstack/python-openstackclient/blob/7.4.0/setup.cfg
python-openstackclient	7.4.0	OSC	openstack.identity.v3	openstack project list	openstackclient.identity.v3.project:ListProject	https://github.com/openstack/python-openstackclient/blob/7.4.0/setup.cfg
python-openstackclient	7.4.0	OSC	openstack.identity.v3	openstack project set	openstackclient.identity.v3.project:SetProject	https://github.com/openstack/python-openstackclient/blob/7.4.0/setup.cfg
python-openstackclient	7.4.0	OSC	openstack.identity.v3	openstack project show	openstackclient.identity.v3.project:ShowProject	https://github.com/openstack/python-openstackclient/blob/7.4.0/setup.cfg
python-openstackclient	7.4.0	OSC	openstack.identity.v3	openstack region create	openstackclient.identity.v3.region:CreateRegion	https://github.com/openstack/python-openstackclient/blob/7.4.0/setup.cfg
python-openstackclient	7.4.0	OSC	openstack.identity.v3	openstack region delete	openstackclient.identity.v3.region:DeleteRegion	https://github.com/openstack/python-openstackclient/blob/7.4.0/setup.cfg
python-openstackclient	7.4.0	OSC	openstack.identity.v3	openstack region list	openstackclient.identity.v3.region:ListRegion	https://github.com/openstack/python-openstackclient/blob/7.4.0/setup.cfg
python-openstackclient	7.4.0	OSC	openstack.identity.v3	openstack region set	openstackclient.identity.v3.region:SetRegion	https://github.com/openstack/python-openstackclient/blob/7.4.0/setup.cfg
python-openstackclient	7.4.0	OSC	openstack.identity.v3	openstack region show	openstackclient.identity.v3.region:ShowRegion	https://github.com/openstack/python-openstackclient/blob/7.4.0/setup.cfg
python-openstackclient	7.4.0	OSC	openstack.identity.v3	openstack registered limit create	openstackclient.identity.v3.registered_limit:CreateRegisteredLimit	https://github.com/openstack/python-openstackclient/blob/7.4.0/setup.cfg
python-openstackclient	7.4.0	OSC	openstack.identity.v3	openstack registered limit delete	openstackclient.identity.v3.registered_limit:DeleteRegisteredLimit	https://github.com/openstack/python-openstackclient/blob/7.4.0/setup.cfg
python-openstackclient	7.4.0	OSC	openstack.identity.v3	openstack registered limit list	openstackclient.identity.v3.registered_limit:ListRegisteredLimit	https://github.com/openstack/python-openstackclient/blob/7.4.0/setup.cfg
python-openstackclient	7.4.0	OSC	openstack.identity.v3	openstack registered limit set	openstackclient.identity.v3.registered_limit:SetRegisteredLimit	https://github.com/openstack/python-openstackclient/blob/7.4.0/setup.cfg
python-openstackclient	7.4.0	OSC	openstack.identity.v3	openstack registered limit show	openstackclient.identity.v3.registered_limit:ShowRegisteredLimit	https://github.com/openstack/python-openstackclient/blob/7.4.0/setup.cfg
python-openstackclient	7.4.0	OSC	openstack.identity.v3	openstack request token authorize	openstackclient.identity.v3.token:AuthorizeRequestToken	https://github.com/openstack/python-openstackclient/blob/7.4.0/setup.cfg
python-openstackclient	7.4.0	OSC	openstack.identity.v3	openstack request token create	openstackclient.identity.v3.token:CreateRequestToken	https://github.com/openstack/python-openstackclient/blob/7.4.0/setup.cfg
python-openstackclient	7.4.0	OSC	openstack.identity.v3	openstack role add	openstackclient.identity.v3.role:AddRole	https://github.com/openstack/python-openstackclient/blob/7.4.0/setup.cfg
python-openstackclient	7.4.0	OSC	openstack.identity.v3	openstack role assignment list	openstackclient.identity.v3.role_assignment:ListRoleAssignment	https://github.com/openstack/python-openstackclient/blob/7.4.0/setup.cfg
python-openstackclient	7.4.0	OSC	openstack.identity.v3	openstack role create	openstackclient.identity.v3.role:CreateRole	https://github.com/openstack/python-openstackclient/blob/7.4.0/setup.cfg
python-openstackclient	7.4.0	OSC	openstack.identity.v3	openstack role delete	openstackclient.identity.v3.role:DeleteRole	https://github.com/openstack/python-openstackclient/blob/7.4.0/setup.cfg
python-openstackclient	7.4.0	OSC	openstack.identity.v3	openstack role list	openstackclient.identity.v3.role:ListRole	https://github.com/openstack/python-openstackclient/blob/7.4.0/setup.cfg
python-openstackclient	7.4.0	OSC	openstack.identity.v3	openstack role remove	openstackclient.identity.v3.role:RemoveRole	https://github.com/openstack/python-openstackclient/blob/7.4.0/setup.cfg
python-openstackclient	7.4.0	OSC	openstack.identity.v3	openstack role set	openstackclient.identity.v3.role:SetRole	https://github.com/openstack/python-openstackclient/blob/7.4.0/setup.cfg
python-openstackclient	7.4.0	OSC	openstack.identity.v3	openstack role show	openstackclient.identity.v3.role:ShowRole	https://github.com/openstack/python-openstackclient/blob/7.4.0/setup.cfg
python-openstackclient	7.4.0	OSC	openstack.identity.v3	openstack service create	openstackclient.identity.v3.service:CreateService	https://github.com/openstack/python-openstackclient/blob/7.4.0/setup.cfg
python-openstackclient	7.4.0	OSC	openstack.identity.v3	openstack service delete	openstackclient.identity.v3.service:DeleteService	https://github.com/openstack/python-openstackclient/blob/7.4.0/setup.cfg
python-openstackclient	7.4.0	OSC	openstack.identity.v3	openstack service list	openstackclient.identity.v3.service:ListService	https://github.com/openstack/python-openstackclient/blob/7.4.0/setup.cfg
python-openstackclient	7.4.0	OSC	openstack.identity.v3	openstack service provider create	openstackclient.identity.v3.service_provider:CreateServiceProvider	https://github.com/openstack/python-openstackclient/blob/7.4.0/setup.cfg
python-openstackclient	7.4.0	OSC	openstack.identity.v3	openstack service provider delete	openstackclient.identity.v3.service_provider:DeleteServiceProvider	https://github.com/openstack/python-openstackclient/blob/7.4.0/setup.cfg
python-openstackclient	7.4.0	OSC	openstack.identity.v3	openstack service provider list	openstackclient.identity.v3.service_provider:ListServiceProvider	https://github.com/openstack/python-openstackclient/blob/7.4.0/setup.cfg
python-openstackclient	7.4.0	OSC	openstack.identity.v3	openstack service provider set	openstackclient.identity.v3.service_provider:SetServiceProvider	https://github.com/openstack/python-openstackclient/blob/7.4.0/setup.cfg
python-openstackclient	7.4.0	OSC	openstack.identity.v3	openstack service provider show	openstackclient.identity.v3.service_provider:ShowServiceProvider	https://github.com/openstack/python-openstackclient/blob/7.4.0/setup.cfg
python-openstackclient	7.4.0	OSC	openstack.identity.v3	openstack service set	openstackclient.identity.v3.service:SetService	https://github.com/openstack/python-openstackclient/blob/7.4.0/setup.cfg
python-openstackclient	7.4.0	OSC	openstack.identity.v3	openstack service show	openstackclient.identity.v3.service:ShowService	https://github.com/openstack/python-openstackclient/blob/7.4.0/setup.cfg
python-openstackclient	7.4.0	OSC	openstack.identity.v3	openstack token issue	openstackclient.identity.v3.token:IssueToken	https://github.com/openstack/python-openstackclient/blob/7.4.0/setup.cfg
python-openstackclient	7.4.0	OSC	openstack.identity.v3	openstack token revoke	openstackclient.identity.v3.token:RevokeToken	https://github.com/openstack/python-openstackclient/blob/7.4.0/setup.cfg
python-openstackclient	7.4.0	OSC	openstack.identity.v3	openstack trust create	openstackclient.identity.v3.trust:CreateTrust	https://github.com/openstack/python-openstackclient/blob/7.4.0/setup.cfg
python-openstackclient	7.4.0	OSC	openstack.identity.v3	openstack trust delete	openstackclient.identity.v3.trust:DeleteTrust	https://github.com/openstack/python-openstackclient/blob/7.4.0/setup.cfg
python-openstackclient	7.4.0	OSC	openstack.identity.v3	openstack trust list	openstackclient.identity.v3.trust:ListTrust	https://github.com/openstack/python-openstackclient/blob/7.4.0/setup.cfg
python-openstackclient	7.4.0	OSC	openstack.identity.v3	openstack trust show	openstackclient.identity.v3.trust:ShowTrust	https://github.com/openstack/python-openstackclient/blob/7.4.0/setup.cfg
python-openstackclient	7.4.0	OSC	openstack.identity.v3	openstack user create	openstackclient.identity.v3.user:CreateUser	https://github.com/openstack/python-openstackclient/blob/7.4.0/setup.cfg
python-openstackclient	7.4.0	OSC	openstack.identity.v3	openstack user delete	openstackclient.identity.v3.user:DeleteUser	https://github.com/openstack/python-openstackclient/blob/7.4.0/setup.cfg
python-openstackclient	7.4.0	OSC	openstack.identity.v3	openstack user list	openstackclient.identity.v3.user:ListUser	https://github.com/openstack/python-openstackclient/blob/7.4.0/setup.cfg
python-openstackclient	7.4.0	OSC	openstack.identity.v3	openstack user password set	openstackclient.identity.v3.user:SetPasswordUser	https://github.com/openstack/python-openstackclient/blob/7.4.0/setup.cfg
python-openstackclient	7.4.0	OSC	openstack.identity.v3	openstack user set	openstackclient.identity.v3.user:SetUser	https://github.com/openstack/python-openstackclient/blob/7.4.0/setup.cfg
python-openstackclient	7.4.0	OSC	openstack.identity.v3	openstack user show	openstackclient.identity.v3.user:ShowUser	https://github.com/openstack/python-openstackclient/blob/7.4.0/setup.cfg
python-openstackclient	7.4.0	OSC	openstack.image.v1	openstack image create	openstackclient.image.v1.image:CreateImage	https://github.com/openstack/python-openstackclient/blob/7.4.0/setup.cfg
python-openstackclient	7.4.0	OSC	openstack.image.v1	openstack image delete	openstackclient.image.v1.image:DeleteImage	https://github.com/openstack/python-openstackclient/blob/7.4.0/setup.cfg
python-openstackclient	7.4.0	OSC	openstack.image.v1	openstack image list	openstackclient.image.v1.image:ListImage	https://github.com/openstack/python-openstackclient/blob/7.4.0/setup.cfg
python-openstackclient	7.4.0	OSC	openstack.image.v1	openstack image save	openstackclient.image.v1.image:SaveImage	https://github.com/openstack/python-openstackclient/blob/7.4.0/setup.cfg
python-openstackclient	7.4.0	OSC	openstack.image.v1	openstack image set	openstackclient.image.v1.image:SetImage	https://github.com/openstack/python-openstackclient/blob/7.4.0/setup.cfg
python-openstackclient	7.4.0	OSC	openstack.image.v1	openstack image show	openstackclient.image.v1.image:ShowImage	https://github.com/openstack/python-openstackclient/blob/7.4.0/setup.cfg
python-openstackclient	7.4.0	OSC	openstack.image.v2	openstack cached image clear	openstackclient.image.v2.cache:ClearCachedImage	https://github.com/openstack/python-openstackclient/blob/7.4.0/setup.cfg
python-openstackclient	7.4.0	OSC	openstack.image.v2	openstack cached image delete	openstackclient.image.v2.cache:DeleteCachedImage	https://github.com/openstack/python-openstackclient/blob/7.4.0/setup.cfg
python-openstackclient	7.4.0	OSC	openstack.image.v2	openstack cached image list	openstackclient.image.v2.cache:ListCachedImage	https://github.com/openstack/python-openstackclient/blob/7.4.0/setup.cfg
python-openstackclient	7.4.0	OSC	openstack.image.v2	openstack cached image queue	openstackclient.image.v2.cache:QueueCachedImage	https://github.com/openstack/python-openstackclient/blob/7.4.0/setup.cfg
python-openstackclient	7.4.0	OSC	openstack.image.v2	openstack image add project	openstackclient.image.v2.image:AddProjectToImage	https://github.com/openstack/python-openstackclient/blob/7.4.0/setup.cfg
python-openstackclient	7.4.0	OSC	openstack.image.v2	openstack image create	openstackclient.image.v2.image:CreateImage	https://github.com/openstack/python-openstackclient/blob/7.4.0/setup.cfg
python-openstackclient	7.4.0	OSC	openstack.image.v2	openstack image delete	openstackclient.image.v2.image:DeleteImage	https://github.com/openstack/python-openstackclient/blob/7.4.0/setup.cfg
python-openstackclient	7.4.0	OSC	openstack.image.v2	openstack image import	openstackclient.image.v2.image:ImportImage	https://github.com/openstack/python-openstackclient/blob/7.4.0/setup.cfg
python-openstackclient	7.4.0	OSC	openstack.image.v2	openstack image import info	openstackclient.image.v2.info:ImportInfo	https://github.com/openstack/python-openstackclient/blob/7.4.0/setup.cfg
python-openstackclient	7.4.0	OSC	openstack.image.v2	openstack image list	openstackclient.image.v2.image:ListImage	https://github.com/openstack/python-openstackclient/blob/7.4.0/setup.cfg
python-openstackclient	7.4.0	OSC	openstack.image.v2	openstack image member get	openstackclient.image.v2.image:ShowProjectImage	https://github.com/openstack/python-openstackclient/blob/7.4.0/setup.cfg
python-openstackclient	7.4.0	OSC	openstack.image.v2	openstack image member list	openstackclient.image.v2.image:ListImageProjects	https://github.com/openstack/python-openstackclient/blob/7.4.0/setup.cfg
python-openstackclient	7.4.0	OSC	openstack.image.v2	openstack image metadef namespace create	openstackclient.image.v2.metadef_namespaces:CreateMetadefNamespace	https://github.com/openstack/python-openstackclient/blob/7.4.0/setup.cfg
python-openstackclient	7.4.0	OSC	openstack.image.v2	openstack image metadef namespace delete	openstackclient.image.v2.metadef_namespaces:DeleteMetadefNamespace	https://github.com/openstack/python-openstackclient/blob/7.4.0/setup.cfg
python-openstackclient	7.4.0	OSC	openstack.image.v2	openstack image metadef namespace list	openstackclient.image.v2.metadef_namespaces:ListMetadefNamespace	https://github.com/openstack/python-openstackclient/blob/7.4.0/setup.cfg
python-openstackclient	7.4.0	OSC	openstack.image.v2	openstack image metadef namespace set	openstackclient.image.v2.metadef_namespaces:SetMetadefNamespace	https://github.com/openstack/python-openstackclient/blob/7.4.0/setup.cfg
python-openstackclient	7.4.0	OSC	openstack.image.v2	openstack image metadef namespace show	openstackclient.image.v2.metadef_namespaces:ShowMetadefNamespace	https://github.com/openstack/python-openstackclient/blob/7.4.0/setup.cfg
python-openstackclient	7.4.0	OSC	openstack.image.v2	openstack image metadef object create	openstackclient.image.v2.metadef_objects:CreateMetadefObjects	https://github.com/openstack/python-openstackclient/blob/7.4.0/setup.cfg
python-openstackclient	7.4.0	OSC	openstack.image.v2	openstack image metadef object delete	openstackclient.image.v2.metadef_objects:DeleteMetadefObject	https://github.com/openstack/python-openstackclient/blob/7.4.0/setup.cfg
python-openstackclient	7.4.0	OSC	openstack.image.v2	openstack image metadef object list	openstackclient.image.v2.metadef_objects:ListMetadefObjects	https://github.com/openstack/python-openstackclient/blob/7.4.0/setup.cfg
python-openstackclient	7.4.0	OSC	openstack.image.v2	openstack image metadef object property show	openstackclient.image.v2.metadef_objects:ShowMetadefObjectProperty	https://github.com/openstack/python-openstackclient/blob/7.4.0/setup.cfg
python-openstackclient	7.4.0	OSC	openstack.image.v2	openstack image metadef object show	openstackclient.image.v2.metadef_objects:ShowMetadefObjects	https://github.com/openstack/python-openstackclient/blob/7.4.0/setup.cfg
python-openstackclient	7.4.0	OSC	openstack.image.v2	openstack image metadef object update	openstackclient.image.v2.metadef_objects:SetMetadefObject	https://github.com/openstack/python-openstackclient/blob/7.4.0/setup.cfg
python-openstackclient	7.4.0	OSC	openstack.image.v2	openstack image metadef property create	openstackclient.image.v2.metadef_properties:CreateMetadefProperty	https://github.com/openstack/python-openstackclient/blob/7.4.0/setup.cfg
python-openstackclient	7.4.0	OSC	openstack.image.v2	openstack image metadef property delete	openstackclient.image.v2.metadef_properties:DeleteMetadefProperty	https://github.com/openstack/python-openstackclient/blob/7.4.0/setup.cfg
python-openstackclient	7.4.0	OSC	openstack.image.v2	openstack image metadef property list	openstackclient.image.v2.metadef_properties:ListMetadefProperties	https://github.com/openstack/python-openstackclient/blob/7.4.0/setup.cfg
python-openstackclient	7.4.0	OSC	openstack.image.v2	openstack image metadef property set	openstackclient.image.v2.metadef_properties:SetMetadefProperty	https://github.com/openstack/python-openstackclient/blob/7.4.0/setup.cfg
python-openstackclient	7.4.0	OSC	openstack.image.v2	openstack image metadef property show	openstackclient.image.v2.metadef_properties:ShowMetadefProperty	https://github.com/openstack/python-openstackclient/blob/7.4.0/setup.cfg
python-openstackclient	7.4.0	OSC	openstack.image.v2	openstack image metadef resource type association create	openstackclient.image.v2.metadef_resource_type_association:CreateMetadefResourceTypeAssociation	https://github.com/openstack/python-openstackclient/blob/7.4.0/setup.cfg
python-openstackclient	7.4.0	OSC	openstack.image.v2	openstack image metadef resource type association delete	openstackclient.image.v2.metadef_resource_type_association:DeleteMetadefResourceTypeAssociation	https://github.com/openstack/python-openstackclient/blob/7.4.0/setup.cfg
python-openstackclient	7.4.0	OSC	openstack.image.v2	openstack image metadef resource type association list	openstackclient.image.v2.metadef_resource_type_association:ListMetadefResourceTypeAssociations	https://github.com/openstack/python-openstackclient/blob/7.4.0/setup.cfg
python-openstackclient	7.4.0	OSC	openstack.image.v2	openstack image metadef resource type list	openstackclient.image.v2.metadef_resource_types:ListMetadefResourceTypes	https://github.com/openstack/python-openstackclient/blob/7.4.0/setup.cfg
python-openstackclient	7.4.0	OSC	openstack.image.v2	openstack image remove project	openstackclient.image.v2.image:RemoveProjectImage	https://github.com/openstack/python-openstackclient/blob/7.4.0/setup.cfg
python-openstackclient	7.4.0	OSC	openstack.image.v2	openstack image save	openstackclient.image.v2.image:SaveImage	https://github.com/openstack/python-openstackclient/blob/7.4.0/setup.cfg
python-openstackclient	7.4.0	OSC	openstack.image.v2	openstack image set	openstackclient.image.v2.image:SetImage	https://github.com/openstack/python-openstackclient/blob/7.4.0/setup.cfg
python-openstackclient	7.4.0	OSC	openstack.image.v2	openstack image show	openstackclient.image.v2.image:ShowImage	https://github.com/openstack/python-openstackclient/blob/7.4.0/setup.cfg
python-openstackclient	7.4.0	OSC	openstack.image.v2	openstack image stage	openstackclient.image.v2.image:StageImage	https://github.com/openstack/python-openstackclient/blob/7.4.0/setup.cfg
python-openstackclient	7.4.0	OSC	openstack.image.v2	openstack image stores list	openstackclient.image.v2.image:StoresInfo	https://github.com/openstack/python-openstackclient/blob/7.4.0/setup.cfg
python-openstackclient	7.4.0	OSC	openstack.image.v2	openstack image task list	openstackclient.image.v2.task:ListTask	https://github.com/openstack/python-openstackclient/blob/7.4.0/setup.cfg
python-openstackclient	7.4.0	OSC	openstack.image.v2	openstack image task show	openstackclient.image.v2.task:ShowTask	https://github.com/openstack/python-openstackclient/blob/7.4.0/setup.cfg
python-openstackclient	7.4.0	OSC	openstack.image.v2	openstack image unset	openstackclient.image.v2.image:UnsetImage	https://github.com/openstack/python-openstackclient/blob/7.4.0/setup.cfg
python-openstackclient	7.4.0	OSC	openstack.network.v2	openstack address group create	openstackclient.network.v2.address_group:CreateAddressGroup	https://github.com/openstack/python-openstackclient/blob/7.4.0/setup.cfg
python-openstackclient	7.4.0	OSC	openstack.network.v2	openstack address group delete	openstackclient.network.v2.address_group:DeleteAddressGroup	https://github.com/openstack/python-openstackclient/blob/7.4.0/setup.cfg
python-openstackclient	7.4.0	OSC	openstack.network.v2	openstack address group list	openstackclient.network.v2.address_group:ListAddressGroup	https://github.com/openstack/python-openstackclient/blob/7.4.0/setup.cfg
python-openstackclient	7.4.0	OSC	openstack.network.v2	openstack address group set	openstackclient.network.v2.address_group:SetAddressGroup	https://github.com/openstack/python-openstackclient/blob/7.4.0/setup.cfg
python-openstackclient	7.4.0	OSC	openstack.network.v2	openstack address group show	openstackclient.network.v2.address_group:ShowAddressGroup	https://github.com/openstack/python-openstackclient/blob/7.4.0/setup.cfg
python-openstackclient	7.4.0	OSC	openstack.network.v2	openstack address group unset	openstackclient.network.v2.address_group:UnsetAddressGroup	https://github.com/openstack/python-openstackclient/blob/7.4.0/setup.cfg
python-openstackclient	7.4.0	OSC	openstack.network.v2	openstack address scope create	openstackclient.network.v2.address_scope:CreateAddressScope	https://github.com/openstack/python-openstackclient/blob/7.4.0/setup.cfg
python-openstackclient	7.4.0	OSC	openstack.network.v2	openstack address scope delete	openstackclient.network.v2.address_scope:DeleteAddressScope	https://github.com/openstack/python-openstackclient/blob/7.4.0/setup.cfg
python-openstackclient	7.4.0	OSC	openstack.network.v2	openstack address scope list	openstackclient.network.v2.address_scope:ListAddressScope	https://github.com/openstack/python-openstackclient/blob/7.4.0/setup.cfg
python-openstackclient	7.4.0	OSC	openstack.network.v2	openstack address scope set	openstackclient.network.v2.address_scope:SetAddressScope	https://github.com/openstack/python-openstackclient/blob/7.4.0/setup.cfg
python-openstackclient	7.4.0	OSC	openstack.network.v2	openstack address scope show	openstackclient.network.v2.address_scope:ShowAddressScope	https://github.com/openstack/python-openstackclient/blob/7.4.0/setup.cfg
python-openstackclient	7.4.0	OSC	openstack.network.v2	openstack default security group rule create	openstackclient.network.v2.default_security_group_rule:CreateDefaultSecurityGroupRule	https://github.com/openstack/python-openstackclient/blob/7.4.0/setup.cfg
python-openstackclient	7.4.0	OSC	openstack.network.v2	openstack default security group rule delete	openstackclient.network.v2.default_security_group_rule:DeleteDefaultSecurityGroupRule	https://github.com/openstack/python-openstackclient/blob/7.4.0/setup.cfg
python-openstackclient	7.4.0	OSC	openstack.network.v2	openstack default security group rule list	openstackclient.network.v2.default_security_group_rule:ListDefaultSecurityGroupRule	https://github.com/openstack/python-openstackclient/blob/7.4.0/setup.cfg
python-openstackclient	7.4.0	OSC	openstack.network.v2	openstack default security group rule show	openstackclient.network.v2.default_security_group_rule:ShowDefaultSecurityGroupRule	https://github.com/openstack/python-openstackclient/blob/7.4.0/setup.cfg
python-openstackclient	7.4.0	OSC	openstack.network.v2	openstack floating ip create	openstackclient.network.v2.floating_ip:CreateFloatingIP	https://github.com/openstack/python-openstackclient/blob/7.4.0/setup.cfg
python-openstackclient	7.4.0	OSC	openstack.network.v2	openstack floating ip delete	openstackclient.network.v2.floating_ip:DeleteFloatingIP	https://github.com/openstack/python-openstackclient/blob/7.4.0/setup.cfg
python-openstackclient	7.4.0	OSC	openstack.network.v2	openstack floating ip list	openstackclient.network.v2.floating_ip:ListFloatingIP	https://github.com/openstack/python-openstackclient/blob/7.4.0/setup.cfg
python-openstackclient	7.4.0	OSC	openstack.network.v2	openstack floating ip pool list	openstackclient.network.v2.floating_ip_pool:ListFloatingIPPool	https://github.com/openstack/python-openstackclient/blob/7.4.0/setup.cfg
python-openstackclient	7.4.0	OSC	openstack.network.v2	openstack floating ip port forwarding create	openstackclient.network.v2.floating_ip_port_forwarding:CreateFloatingIPPortForwarding	https://github.com/openstack/python-openstackclient/blob/7.4.0/setup.cfg
python-openstackclient	7.4.0	OSC	openstack.network.v2	openstack floating ip port forwarding delete	openstackclient.network.v2.floating_ip_port_forwarding:DeleteFloatingIPPortForwarding	https://github.com/openstack/python-openstackclient/blob/7.4.0/setup.cfg
python-openstackclient	7.4.0	OSC	openstack.network.v2	openstack floating ip port forwarding list	openstackclient.network.v2.floating_ip_port_forwarding:ListFloatingIPPortForwarding	https://github.com/openstack/python-openstackclient/blob/7.4.0/setup.cfg
python-openstackclient	7.4.0	OSC	openstack.network.v2	openstack floating ip port forwarding set	openstackclient.network.v2.floating_ip_port_forwarding:SetFloatingIPPortForwarding	https://github.com/openstack/python-openstackclient/blob/7.4.0/setup.cfg
python-openstackclient	7.4.0	OSC	openstack.network.v2	openstack floating ip port forwarding show	openstackclient.network.v2.floating_ip_port_forwarding:ShowFloatingIPPortForwarding	https://github.com/openstack/python-openstackclient/blob/7.4.0/setup.cfg
python-openstackclient	7.4.0	OSC	openstack.network.v2	openstack floating ip set	openstackclient.network.v2.floating_ip:SetFloatingIP	https://github.com/openstack/python-openstackclient/blob/7.4.0/setup.cfg
python-openstackclient	7.4.0	OSC	openstack.network.v2	openstack floating ip show	openstackclient.network.v2.floating_ip:ShowFloatingIP	https://github.com/openstack/python-openstackclient/blob/7.4.0/setup.cfg
python-openstackclient	7.4.0	OSC	openstack.network.v2	openstack floating ip unset	openstackclient.network.v2.floating_ip:UnsetFloatingIP	https://github.com/openstack/python-openstackclient/blob/7.4.0/setup.cfg
python-openstackclient	7.4.0	OSC	openstack.network.v2	openstack ip availability list	openstackclient.network.v2.ip_availability:ListIPAvailability	https://github.com/openstack/python-openstackclient/blob/7.4.0/setup.cfg
python-openstackclient	7.4.0	OSC	openstack.network.v2	openstack ip availability show	openstackclient.network.v2.ip_availability:ShowIPAvailability	https://github.com/openstack/python-openstackclient/blob/7.4.0/setup.cfg
python-openstackclient	7.4.0	OSC	openstack.network.v2	openstack local ip association create	openstackclient.network.v2.local_ip_association:CreateLocalIPAssociation	https://github.com/openstack/python-openstackclient/blob/7.4.0/setup.cfg
python-openstackclient	7.4.0	OSC	openstack.network.v2	openstack local ip association delete	openstackclient.network.v2.local_ip_association:DeleteLocalIPAssociation	https://github.com/openstack/python-openstackclient/blob/7.4.0/setup.cfg
python-openstackclient	7.4.0	OSC	openstack.network.v2	openstack local ip association list	openstackclient.network.v2.local_ip_association:ListLocalIPAssociation	https://github.com/openstack/python-openstackclient/blob/7.4.0/setup.cfg
python-openstackclient	7.4.0	OSC	openstack.network.v2	openstack local ip create	openstackclient.network.v2.local_ip:CreateLocalIP	https://github.com/openstack/python-openstackclient/blob/7.4.0/setup.cfg
python-openstackclient	7.4.0	OSC	openstack.network.v2	openstack local ip delete	openstackclient.network.v2.local_ip:DeleteLocalIP	https://github.com/openstack/python-openstackclient/blob/7.4.0/setup.cfg
python-openstackclient	7.4.0	OSC	openstack.network.v2	openstack local ip list	openstackclient.network.v2.local_ip:ListLocalIP	https://github.com/openstack/python-openstackclient/blob/7.4.0/setup.cfg
python-openstackclient	7.4.0	OSC	openstack.network.v2	openstack local ip set	openstackclient.network.v2.local_ip:SetLocalIP	https://github.com/openstack/python-openstackclient/blob/7.4.0/setup.cfg
python-openstackclient	7.4.0	OSC	openstack.network.v2	openstack local ip show	openstackclient.network.v2.local_ip:ShowLocalIP	https://github.com/openstack/python-openstackclient/blob/7.4.0/setup.cfg
python-openstackclient	7.4.0	OSC	openstack.network.v2	openstack network agent add network	openstackclient.network.v2.network_agent:AddNetworkToAgent	https://github.com/openstack/python-openstackclient/blob/7.4.0/setup.cfg
python-openstackclient	7.4.0	OSC	openstack.network.v2	openstack network agent add router	openstackclient.network.v2.network_agent:AddRouterToAgent	https://github.com/openstack/python-openstackclient/blob/7.4.0/setup.cfg
python-openstackclient	7.4.0	OSC	openstack.network.v2	openstack network agent delete	openstackclient.network.v2.network_agent:DeleteNetworkAgent	https://github.com/openstack/python-openstackclient/blob/7.4.0/setup.cfg
python-openstackclient	7.4.0	OSC	openstack.network.v2	openstack network agent list	openstackclient.network.v2.network_agent:ListNetworkAgent	https://github.com/openstack/python-openstackclient/blob/7.4.0/setup.cfg
python-openstackclient	7.4.0	OSC	openstack.network.v2	openstack network agent remove network	openstackclient.network.v2.network_agent:RemoveNetworkFromAgent	https://github.com/openstack/python-openstackclient/blob/7.4.0/setup.cfg
python-openstackclient	7.4.0	OSC	openstack.network.v2	openstack network agent remove router	openstackclient.network.v2.network_agent:RemoveRouterFromAgent	https://github.com/openstack/python-openstackclient/blob/7.4.0/setup.cfg
python-openstackclient	7.4.0	OSC	openstack.network.v2	openstack network agent set	openstackclient.network.v2.network_agent:SetNetworkAgent	https://github.com/openstack/python-openstackclient/blob/7.4.0/setup.cfg
python-openstackclient	7.4.0	OSC	openstack.network.v2	openstack network agent show	openstackclient.network.v2.network_agent:ShowNetworkAgent	https://github.com/openstack/python-openstackclient/blob/7.4.0/setup.cfg
python-openstackclient	7.4.0	OSC	openstack.network.v2	openstack network auto allocated topology create	openstackclient.network.v2.network_auto_allocated_topology:CreateAutoAllocatedTopology	https://github.com/openstack/python-openstackclient/blob/7.4.0/setup.cfg
python-openstackclient	7.4.0	OSC	openstack.network.v2	openstack network auto allocated topology delete	openstackclient.network.v2.network_auto_allocated_topology:DeleteAutoAllocatedTopology	https://github.com/openstack/python-openstackclient/blob/7.4.0/setup.cfg
python-openstackclient	7.4.0	OSC	openstack.network.v2	openstack network create	openstackclient.network.v2.network:CreateNetwork	https://github.com/openstack/python-openstackclient/blob/7.4.0/setup.cfg
python-openstackclient	7.4.0	OSC	openstack.network.v2	openstack network delete	openstackclient.network.v2.network:DeleteNetwork	https://github.com/openstack/python-openstackclient/blob/7.4.0/setup.cfg
python-openstackclient	7.4.0	OSC	openstack.network.v2	openstack network flavor add profile	openstackclient.network.v2.network_flavor:AddNetworkFlavorToProfile	https://github.com/openstack/python-openstackclient/blob/7.4.0/setup.cfg
python-openstackclient	7.4.0	OSC	openstack.network.v2	openstack network flavor create	openstackclient.network.v2.network_flavor:CreateNetworkFlavor	https://github.com/openstack/python-openstackclient/blob/7.4.0/setup.cfg
python-openstackclient	7.4.0	OSC	openstack.network.v2	openstack network flavor delete	openstackclient.network.v2.network_flavor:DeleteNetworkFlavor	https://github.com/openstack/python-openstackclient/blob/7.4.0/setup.cfg
python-openstackclient	7.4.0	OSC	openstack.network.v2	openstack network flavor list	openstackclient.network.v2.network_flavor:ListNetworkFlavor	https://github.com/openstack/python-openstackclient/blob/7.4.0/setup.cfg
python-openstackclient	7.4.0	OSC	openstack.network.v2	openstack network flavor profile create	openstackclient.network.v2.network_flavor_profile:CreateNetworkFlavorProfile	https://github.com/openstack/python-openstackclient/blob/7.4.0/setup.cfg
python-openstackclient	7.4.0	OSC	openstack.network.v2	openstack network flavor profile delete	openstackclient.network.v2.network_flavor_profile:DeleteNetworkFlavorProfile	https://github.com/openstack/python-openstackclient/blob/7.4.0/setup.cfg
python-openstackclient	7.4.0	OSC	openstack.network.v2	openstack network flavor profile list	openstackclient.network.v2.network_flavor_profile:ListNetworkFlavorProfile	https://github.com/openstack/python-openstackclient/blob/7.4.0/setup.cfg
python-openstackclient	7.4.0	OSC	openstack.network.v2	openstack network flavor profile set	openstackclient.network.v2.network_flavor_profile:SetNetworkFlavorProfile	https://github.com/openstack/python-openstackclient/blob/7.4.0/setup.cfg
python-openstackclient	7.4.0	OSC	openstack.network.v2	openstack network flavor profile show	openstackclient.network.v2.network_flavor_profile:ShowNetworkFlavorProfile	https://github.com/openstack/python-openstackclient/blob/7.4.0/setup.cfg
python-openstackclient	7.4.0	OSC	openstack.network.v2	openstack network flavor remove profile	openstackclient.network.v2.network_flavor:RemoveNetworkFlavorFromProfile	https://github.com/openstack/python-openstackclient/blob/7.4.0/setup.cfg
python-openstackclient	7.4.0	OSC	openstack.network.v2	openstack network flavor set	openstackclient.network.v2.network_flavor:SetNetworkFlavor	https://github.com/openstack/python-openstackclient/blob/7.4.0/setup.cfg
python-openstackclient	7.4.0	OSC	openstack.network.v2	openstack network flavor show	openstackclient.network.v2.network_flavor:ShowNetworkFlavor	https://github.com/openstack/python-openstackclient/blob/7.4.0/setup.cfg
python-openstackclient	7.4.0	OSC	openstack.network.v2	openstack network l3 conntrack helper create	openstackclient.network.v2.l3_conntrack_helper:CreateConntrackHelper	https://github.com/openstack/python-openstackclient/blob/7.4.0/setup.cfg
python-openstackclient	7.4.0	OSC	openstack.network.v2	openstack network l3 conntrack helper delete	openstackclient.network.v2.l3_conntrack_helper:DeleteConntrackHelper	https://github.com/openstack/python-openstackclient/blob/7.4.0/setup.cfg
python-openstackclient	7.4.0	OSC	openstack.network.v2	openstack network l3 conntrack helper list	openstackclient.network.v2.l3_conntrack_helper:ListConntrackHelper	https://github.com/openstack/python-openstackclient/blob/7.4.0/setup.cfg
python-openstackclient	7.4.0	OSC	openstack.network.v2	openstack network l3 conntrack helper set	openstackclient.network.v2.l3_conntrack_helper:SetConntrackHelper	https://github.com/openstack/python-openstackclient/blob/7.4.0/setup.cfg
python-openstackclient	7.4.0	OSC	openstack.network.v2	openstack network l3 conntrack helper show	openstackclient.network.v2.l3_conntrack_helper:ShowConntrackHelper	https://github.com/openstack/python-openstackclient/blob/7.4.0/setup.cfg
python-openstackclient	7.4.0	OSC	openstack.network.v2	openstack network list	openstackclient.network.v2.network:ListNetwork	https://github.com/openstack/python-openstackclient/blob/7.4.0/setup.cfg
python-openstackclient	7.4.0	OSC	openstack.network.v2	openstack network meter create	openstackclient.network.v2.network_meter:CreateMeter	https://github.com/openstack/python-openstackclient/blob/7.4.0/setup.cfg
python-openstackclient	7.4.0	OSC	openstack.network.v2	openstack network meter delete	openstackclient.network.v2.network_meter:DeleteMeter	https://github.com/openstack/python-openstackclient/blob/7.4.0/setup.cfg
python-openstackclient	7.4.0	OSC	openstack.network.v2	openstack network meter list	openstackclient.network.v2.network_meter:ListMeter	https://github.com/openstack/python-openstackclient/blob/7.4.0/setup.cfg
python-openstackclient	7.4.0	OSC	openstack.network.v2	openstack network meter rule create	openstackclient.network.v2.network_meter_rule:CreateMeterRule	https://github.com/openstack/python-openstackclient/blob/7.4.0/setup.cfg
python-openstackclient	7.4.0	OSC	openstack.network.v2	openstack network meter rule delete	openstackclient.network.v2.network_meter_rule:DeleteMeterRule	https://github.com/openstack/python-openstackclient/blob/7.4.0/setup.cfg
python-openstackclient	7.4.0	OSC	openstack.network.v2	openstack network meter rule list	openstackclient.network.v2.network_meter_rule:ListMeterRule	https://github.com/openstack/python-openstackclient/blob/7.4.0/setup.cfg
python-openstackclient	7.4.0	OSC	openstack.network.v2	openstack network meter rule show	openstackclient.network.v2.network_meter_rule:ShowMeterRule	https://github.com/openstack/python-openstackclient/blob/7.4.0/setup.cfg
python-openstackclient	7.4.0	OSC	openstack.network.v2	openstack network meter show	openstackclient.network.v2.network_meter:ShowMeter	https://github.com/openstack/python-openstackclient/blob/7.4.0/setup.cfg
python-openstackclient	7.4.0	OSC	openstack.network.v2	openstack network qos policy create	openstackclient.network.v2.network_qos_policy:CreateNetworkQosPolicy	https://github.com/openstack/python-openstackclient/blob/7.4.0/setup.cfg
python-openstackclient	7.4.0	OSC	openstack.network.v2	openstack network qos policy delete	openstackclient.network.v2.network_qos_policy:DeleteNetworkQosPolicy	https://github.com/openstack/python-openstackclient/blob/7.4.0/setup.cfg
python-openstackclient	7.4.0	OSC	openstack.network.v2	openstack network qos policy list	openstackclient.network.v2.network_qos_policy:ListNetworkQosPolicy	https://github.com/openstack/python-openstackclient/blob/7.4.0/setup.cfg
python-openstackclient	7.4.0	OSC	openstack.network.v2	openstack network qos policy set	openstackclient.network.v2.network_qos_policy:SetNetworkQosPolicy	https://github.com/openstack/python-openstackclient/blob/7.4.0/setup.cfg
python-openstackclient	7.4.0	OSC	openstack.network.v2	openstack network qos policy show	openstackclient.network.v2.network_qos_policy:ShowNetworkQosPolicy	https://github.com/openstack/python-openstackclient/blob/7.4.0/setup.cfg
python-openstackclient	7.4.0	OSC	openstack.network.v2	openstack network qos rule create	openstackclient.network.v2.network_qos_rule:CreateNetworkQosRule	https://github.com/openstack/python-openstackclient/blob/7.4.0/setup.cfg
python-openstackclient	7.4.0	OSC	openstack.network.v2	openstack network qos rule delete	openstackclient.network.v2.network_qos_rule:DeleteNetworkQosRule	https://github.com/openstack/python-openstackclient/blob/7.4.0/setup.cfg
python-openstackclient	7.4.0	OSC	openstack.network.v2	openstack network qos rule list	openstackclient.network.v2.network_qos_rule:ListNetworkQosRule	https://github.com/openstack/python-openstackclient/blob/7.4.0/setup.cfg
python-openstackclient	7.4.0	OSC	openstack.network.v2	openstack network qos rule set	openstackclient.network.v2.network_qos_rule:SetNetworkQosRule	https://github.com/openstack/python-openstackclient/blob/7.4.0/setup.cfg
python-openstackclient	7.4.0	OSC	openstack.network.v2	openstack network qos rule show	openstackclient.network.v2.network_qos_rule:ShowNetworkQosRule	https://github.com/openstack/python-openstackclient/blob/7.4.0/setup.cfg
python-openstackclient	7.4.0	OSC	openstack.network.v2	openstack network qos rule type list	openstackclient.network.v2.network_qos_rule_type:ListNetworkQosRuleType	https://github.com/openstack/python-openstackclient/blob/7.4.0/setup.cfg
python-openstackclient	7.4.0	OSC	openstack.network.v2	openstack network qos rule type show	openstackclient.network.v2.network_qos_rule_type:ShowNetworkQosRuleType	https://github.com/openstack/python-openstackclient/blob/7.4.0/setup.cfg
python-openstackclient	7.4.0	OSC	openstack.network.v2	openstack network rbac create	openstackclient.network.v2.network_rbac:CreateNetworkRBAC	https://github.com/openstack/python-openstackclient/blob/7.4.0/setup.cfg
python-openstackclient	7.4.0	OSC	openstack.network.v2	openstack network rbac delete	openstackclient.network.v2.network_rbac:DeleteNetworkRBAC	https://github.com/openstack/python-openstackclient/blob/7.4.0/setup.cfg
python-openstackclient	7.4.0	OSC	openstack.network.v2	openstack network rbac list	openstackclient.network.v2.network_rbac:ListNetworkRBAC	https://github.com/openstack/python-openstackclient/blob/7.4.0/setup.cfg
python-openstackclient	7.4.0	OSC	openstack.network.v2	openstack network rbac set	openstackclient.network.v2.network_rbac:SetNetworkRBAC	https://github.com/openstack/python-openstackclient/blob/7.4.0/setup.cfg
python-openstackclient	7.4.0	OSC	openstack.network.v2	openstack network rbac show	openstackclient.network.v2.network_rbac:ShowNetworkRBAC	https://github.com/openstack/python-openstackclient/blob/7.4.0/setup.cfg
python-openstackclient	7.4.0	OSC	openstack.network.v2	openstack network segment create	openstackclient.network.v2.network_segment:CreateNetworkSegment	https://github.com/openstack/python-openstackclient/blob/7.4.0/setup.cfg
python-openstackclient	7.4.0	OSC	openstack.network.v2	openstack network segment delete	openstackclient.network.v2.network_segment:DeleteNetworkSegment	https://github.com/openstack/python-openstackclient/blob/7.4.0/setup.cfg
python-openstackclient	7.4.0	OSC	openstack.network.v2	openstack network segment list	openstackclient.network.v2.network_segment:ListNetworkSegment	https://github.com/openstack/python-openstackclient/blob/7.4.0/setup.cfg
python-openstackclient	7.4.0	OSC	openstack.network.v2	openstack network segment range create	openstackclient.network.v2.network_segment_range:CreateNetworkSegmentRange	https://github.com/openstack/python-openstackclient/blob/7.4.0/setup.cfg
python-openstackclient	7.4.0	OSC	openstack.network.v2	openstack network segment range delete	openstackclient.network.v2.network_segment_range:DeleteNetworkSegmentRange	https://github.com/openstack/python-openstackclient/blob/7.4.0/setup.cfg
python-openstackclient	7.4.0	OSC	openstack.network.v2	openstack network segment range list	openstackclient.network.v2.network_segment_range:ListNetworkSegmentRange	https://github.com/openstack/python-openstackclient/blob/7.4.0/setup.cfg
python-openstackclient	7.4.0	OSC	openstack.network.v2	openstack network segment range set	openstackclient.network.v2.network_segment_range:SetNetworkSegmentRange	https://github.com/openstack/python-openstackclient/blob/7.4.0/setup.cfg
python-openstackclient	7.4.0	OSC	openstack.network.v2	openstack network segment range show	openstackclient.network.v2.network_segment_range:ShowNetworkSegmentRange	https://github.com/openstack/python-openstackclient/blob/7.4.0/setup.cfg
python-openstackclient	7.4.0	OSC	openstack.network.v2	openstack network segment set	openstackclient.network.v2.network_segment:SetNetworkSegment	https://github.com/openstack/python-openstackclient/blob/7.4.0/setup.cfg
python-openstackclient	7.4.0	OSC	openstack.network.v2	openstack network segment show	openstackclient.network.v2.network_segment:ShowNetworkSegment	https://github.com/openstack/python-openstackclient/blob/7.4.0/setup.cfg
python-openstackclient	7.4.0	OSC	openstack.network.v2	openstack network service provider list	openstackclient.network.v2.network_service_provider:ListNetworkServiceProvider	https://github.com/openstack/python-openstackclient/blob/7.4.0/setup.cfg
python-openstackclient	7.4.0	OSC	openstack.network.v2	openstack network set	openstackclient.network.v2.network:SetNetwork	https://github.com/openstack/python-openstackclient/blob/7.4.0/setup.cfg
python-openstackclient	7.4.0	OSC	openstack.network.v2	openstack network show	openstackclient.network.v2.network:ShowNetwork	https://github.com/openstack/python-openstackclient/blob/7.4.0/setup.cfg
python-openstackclient	7.4.0	OSC	openstack.network.v2	openstack network subport list	openstackclient.network.v2.network_trunk:ListNetworkSubport	https://github.com/openstack/python-openstackclient/blob/7.4.0/setup.cfg
python-openstackclient	7.4.0	OSC	openstack.network.v2	openstack network trunk create	openstackclient.network.v2.network_trunk:CreateNetworkTrunk	https://github.com/openstack/python-openstackclient/blob/7.4.0/setup.cfg
python-openstackclient	7.4.0	OSC	openstack.network.v2	openstack network trunk delete	openstackclient.network.v2.network_trunk:DeleteNetworkTrunk	https://github.com/openstack/python-openstackclient/blob/7.4.0/setup.cfg
python-openstackclient	7.4.0	OSC	openstack.network.v2	openstack network trunk list	openstackclient.network.v2.network_trunk:ListNetworkTrunk	https://github.com/openstack/python-openstackclient/blob/7.4.0/setup.cfg
python-openstackclient	7.4.0	OSC	openstack.network.v2	openstack network trunk set	openstackclient.network.v2.network_trunk:SetNetworkTrunk	https://github.com/openstack/python-openstackclient/blob/7.4.0/setup.cfg
python-openstackclient	7.4.0	OSC	openstack.network.v2	openstack network trunk show	openstackclient.network.v2.network_trunk:ShowNetworkTrunk	https://github.com/openstack/python-openstackclient/blob/7.4.0/setup.cfg
python-openstackclient	7.4.0	OSC	openstack.network.v2	openstack network trunk unset	openstackclient.network.v2.network_trunk:UnsetNetworkTrunk	https://github.com/openstack/python-openstackclient/blob/7.4.0/setup.cfg
python-openstackclient	7.4.0	OSC	openstack.network.v2	openstack network unset	openstackclient.network.v2.network:UnsetNetwork	https://github.com/openstack/python-openstackclient/blob/7.4.0/setup.cfg
python-openstackclient	7.4.0	OSC	openstack.network.v2	openstack port create	openstackclient.network.v2.port:CreatePort	https://github.com/openstack/python-openstackclient/blob/7.4.0/setup.cfg
python-openstackclient	7.4.0	OSC	openstack.network.v2	openstack port delete	openstackclient.network.v2.port:DeletePort	https://github.com/openstack/python-openstackclient/blob/7.4.0/setup.cfg
python-openstackclient	7.4.0	OSC	openstack.network.v2	openstack port list	openstackclient.network.v2.port:ListPort	https://github.com/openstack/python-openstackclient/blob/7.4.0/setup.cfg
python-openstackclient	7.4.0	OSC	openstack.network.v2	openstack port set	openstackclient.network.v2.port:SetPort	https://github.com/openstack/python-openstackclient/blob/7.4.0/setup.cfg
python-openstackclient	7.4.0	OSC	openstack.network.v2	openstack port show	openstackclient.network.v2.port:ShowPort	https://github.com/openstack/python-openstackclient/blob/7.4.0/setup.cfg
python-openstackclient	7.4.0	OSC	openstack.network.v2	openstack port unset	openstackclient.network.v2.port:UnsetPort	https://github.com/openstack/python-openstackclient/blob/7.4.0/setup.cfg
python-openstackclient	7.4.0	OSC	openstack.network.v2	openstack router add gateway	openstackclient.network.v2.router:AddGatewayToRouter	https://github.com/openstack/python-openstackclient/blob/7.4.0/setup.cfg
python-openstackclient	7.4.0	OSC	openstack.network.v2	openstack router add port	openstackclient.network.v2.router:AddPortToRouter	https://github.com/openstack/python-openstackclient/blob/7.4.0/setup.cfg
python-openstackclient	7.4.0	OSC	openstack.network.v2	openstack router add route	openstackclient.network.v2.router:AddExtraRoutesToRouter	https://github.com/openstack/python-openstackclient/blob/7.4.0/setup.cfg
python-openstackclient	7.4.0	OSC	openstack.network.v2	openstack router add subnet	openstackclient.network.v2.router:AddSubnetToRouter	https://github.com/openstack/python-openstackclient/blob/7.4.0/setup.cfg
python-openstackclient	7.4.0	OSC	openstack.network.v2	openstack router create	openstackclient.network.v2.router:CreateRouter	https://github.com/openstack/python-openstackclient/blob/7.4.0/setup.cfg
python-openstackclient	7.4.0	OSC	openstack.network.v2	openstack router delete	openstackclient.network.v2.router:DeleteRouter	https://github.com/openstack/python-openstackclient/blob/7.4.0/setup.cfg
python-openstackclient	7.4.0	OSC	openstack.network.v2	openstack router list	openstackclient.network.v2.router:ListRouter	https://github.com/openstack/python-openstackclient/blob/7.4.0/setup.cfg
python-openstackclient	7.4.0	OSC	openstack.network.v2	openstack router ndp proxy create	openstackclient.network.v2.ndp_proxy:CreateNDPProxy	https://github.com/openstack/python-openstackclient/blob/7.4.0/setup.cfg
python-openstackclient	7.4.0	OSC	openstack.network.v2	openstack router ndp proxy delete	openstackclient.network.v2.ndp_proxy:DeleteNDPProxy	https://github.com/openstack/python-openstackclient/blob/7.4.0/setup.cfg
python-openstackclient	7.4.0	OSC	openstack.network.v2	openstack router ndp proxy list	openstackclient.network.v2.ndp_proxy:ListNDPProxy	https://github.com/openstack/python-openstackclient/blob/7.4.0/setup.cfg
python-openstackclient	7.4.0	OSC	openstack.network.v2	openstack router ndp proxy set	openstackclient.network.v2.ndp_proxy:SetNDPProxy	https://github.com/openstack/python-openstackclient/blob/7.4.0/setup.cfg
python-openstackclient	7.4.0	OSC	openstack.network.v2	openstack router ndp proxy show	openstackclient.network.v2.ndp_proxy:ShowNDPProxy	https://github.com/openstack/python-openstackclient/blob/7.4.0/setup.cfg
python-openstackclient	7.4.0	OSC	openstack.network.v2	openstack router remove gateway	openstackclient.network.v2.router:RemoveGatewayFromRouter	https://github.com/openstack/python-openstackclient/blob/7.4.0/setup.cfg
python-openstackclient	7.4.0	OSC	openstack.network.v2	openstack router remove port	openstackclient.network.v2.router:RemovePortFromRouter	https://github.com/openstack/python-openstackclient/blob/7.4.0/setup.cfg
python-openstackclient	7.4.0	OSC	openstack.network.v2	openstack router remove route	openstackclient.network.v2.router:RemoveExtraRoutesFromRouter	https://github.com/openstack/python-openstackclient/blob/7.4.0/setup.cfg
python-openstackclient	7.4.0	OSC	openstack.network.v2	openstack router remove subnet	openstackclient.network.v2.router:RemoveSubnetFromRouter	https://github.com/openstack/python-openstackclient/blob/7.4.0/setup.cfg
python-openstackclient	7.4.0	OSC	openstack.network.v2	openstack router set	openstackclient.network.v2.router:SetRouter	https://github.com/openstack/python-openstackclient/blob/7.4.0/setup.cfg
python-openstackclient	7.4.0	OSC	openstack.network.v2	openstack router show	openstackclient.network.v2.router:ShowRouter	https://github.com/openstack/python-openstackclient/blob/7.4.0/setup.cfg
python-openstackclient	7.4.0	OSC	openstack.network.v2	openstack router unset	openstackclient.network.v2.router:UnsetRouter	https://github.com/openstack/python-openstackclient/blob/7.4.0/setup.cfg
python-openstackclient	7.4.0	OSC	openstack.network.v2	openstack security group create	openstackclient.network.v2.security_group:CreateSecurityGroup	https://github.com/openstack/python-openstackclient/blob/7.4.0/setup.cfg
python-openstackclient	7.4.0	OSC	openstack.network.v2	openstack security group delete	openstackclient.network.v2.security_group:DeleteSecurityGroup	https://github.com/openstack/python-openstackclient/blob/7.4.0/setup.cfg
python-openstackclient	7.4.0	OSC	openstack.network.v2	openstack security group list	openstackclient.network.v2.security_group:ListSecurityGroup	https://github.com/openstack/python-openstackclient/blob/7.4.0/setup.cfg
python-openstackclient	7.4.0	OSC	openstack.network.v2	openstack security group rule create	openstackclient.network.v2.security_group_rule:CreateSecurityGroupRule	https://github.com/openstack/python-openstackclient/blob/7.4.0/setup.cfg
python-openstackclient	7.4.0	OSC	openstack.network.v2	openstack security group rule delete	openstackclient.network.v2.security_group_rule:DeleteSecurityGroupRule	https://github.com/openstack/python-openstackclient/blob/7.4.0/setup.cfg
python-openstackclient	7.4.0	OSC	openstack.network.v2	openstack security group rule list	openstackclient.network.v2.security_group_rule:ListSecurityGroupRule	https://github.com/openstack/python-openstackclient/blob/7.4.0/setup.cfg
python-openstackclient	7.4.0	OSC	openstack.network.v2	openstack security group rule show	openstackclient.network.v2.security_group_rule:ShowSecurityGroupRule	https://github.com/openstack/python-openstackclient/blob/7.4.0/setup.cfg
python-openstackclient	7.4.0	OSC	openstack.network.v2	openstack security group set	openstackclient.network.v2.security_group:SetSecurityGroup	https://github.com/openstack/python-openstackclient/blob/7.4.0/setup.cfg
python-openstackclient	7.4.0	OSC	openstack.network.v2	openstack security group show	openstackclient.network.v2.security_group:ShowSecurityGroup	https://github.com/openstack/python-openstackclient/blob/7.4.0/setup.cfg
python-openstackclient	7.4.0	OSC	openstack.network.v2	openstack security group unset	openstackclient.network.v2.security_group:UnsetSecurityGroup	https://github.com/openstack/python-openstackclient/blob/7.4.0/setup.cfg
python-openstackclient	7.4.0	OSC	openstack.network.v2	openstack subnet create	openstackclient.network.v2.subnet:CreateSubnet	https://github.com/openstack/python-openstackclient/blob/7.4.0/setup.cfg
python-openstackclient	7.4.0	OSC	openstack.network.v2	openstack subnet delete	openstackclient.network.v2.subnet:DeleteSubnet	https://github.com/openstack/python-openstackclient/blob/7.4.0/setup.cfg
python-openstackclient	7.4.0	OSC	openstack.network.v2	openstack subnet list	openstackclient.network.v2.subnet:ListSubnet	https://github.com/openstack/python-openstackclient/blob/7.4.0/setup.cfg
python-openstackclient	7.4.0	OSC	openstack.network.v2	openstack subnet pool create	openstackclient.network.v2.subnet_pool:CreateSubnetPool	https://github.com/openstack/python-openstackclient/blob/7.4.0/setup.cfg
python-openstackclient	7.4.0	OSC	openstack.network.v2	openstack subnet pool delete	openstackclient.network.v2.subnet_pool:DeleteSubnetPool	https://github.com/openstack/python-openstackclient/blob/7.4.0/setup.cfg
python-openstackclient	7.4.0	OSC	openstack.network.v2	openstack subnet pool list	openstackclient.network.v2.subnet_pool:ListSubnetPool	https://github.com/openstack/python-openstackclient/blob/7.4.0/setup.cfg
python-openstackclient	7.4.0	OSC	openstack.network.v2	openstack subnet pool set	openstackclient.network.v2.subnet_pool:SetSubnetPool	https://github.com/openstack/python-openstackclient/blob/7.4.0/setup.cfg
python-openstackclient	7.4.0	OSC	openstack.network.v2	openstack subnet pool show	openstackclient.network.v2.subnet_pool:ShowSubnetPool	https://github.com/openstack/python-openstackclient/blob/7.4.0/setup.cfg
python-openstackclient	7.4.0	OSC	openstack.network.v2	openstack subnet pool unset	openstackclient.network.v2.subnet_pool:UnsetSubnetPool	https://github.com/openstack/python-openstackclient/blob/7.4.0/setup.cfg
python-openstackclient	7.4.0	OSC	openstack.network.v2	openstack subnet set	openstackclient.network.v2.subnet:SetSubnet	https://github.com/openstack/python-openstackclient/blob/7.4.0/setup.cfg
python-openstackclient	7.4.0	OSC	openstack.network.v2	openstack subnet show	openstackclient.network.v2.subnet:ShowSubnet	https://github.com/openstack/python-openstackclient/blob/7.4.0/setup.cfg
python-openstackclient	7.4.0	OSC	openstack.network.v2	openstack subnet unset	openstackclient.network.v2.subnet:UnsetSubnet	https://github.com/openstack/python-openstackclient/blob/7.4.0/setup.cfg
python-openstackclient	7.4.0	OSC	openstack.object_store.v1	openstack container create	openstackclient.object.v1.container:CreateContainer	https://github.com/openstack/python-openstackclient/blob/7.4.0/setup.cfg
python-openstackclient	7.4.0	OSC	openstack.object_store.v1	openstack container delete	openstackclient.object.v1.container:DeleteContainer	https://github.com/openstack/python-openstackclient/blob/7.4.0/setup.cfg
python-openstackclient	7.4.0	OSC	openstack.object_store.v1	openstack container list	openstackclient.object.v1.container:ListContainer	https://github.com/openstack/python-openstackclient/blob/7.4.0/setup.cfg
python-openstackclient	7.4.0	OSC	openstack.object_store.v1	openstack container save	openstackclient.object.v1.container:SaveContainer	https://github.com/openstack/python-openstackclient/blob/7.4.0/setup.cfg
python-openstackclient	7.4.0	OSC	openstack.object_store.v1	openstack container set	openstackclient.object.v1.container:SetContainer	https://github.com/openstack/python-openstackclient/blob/7.4.0/setup.cfg
python-openstackclient	7.4.0	OSC	openstack.object_store.v1	openstack container show	openstackclient.object.v1.container:ShowContainer	https://github.com/openstack/python-openstackclient/blob/7.4.0/setup.cfg
python-openstackclient	7.4.0	OSC	openstack.object_store.v1	openstack container unset	openstackclient.object.v1.container:UnsetContainer	https://github.com/openstack/python-openstackclient/blob/7.4.0/setup.cfg
python-openstackclient	7.4.0	OSC	openstack.object_store.v1	openstack object create	openstackclient.object.v1.object:CreateObject	https://github.com/openstack/python-openstackclient/blob/7.4.0/setup.cfg
python-openstackclient	7.4.0	OSC	openstack.object_store.v1	openstack object delete	openstackclient.object.v1.object:DeleteObject	https://github.com/openstack/python-openstackclient/blob/7.4.0/setup.cfg
python-openstackclient	7.4.0	OSC	openstack.object_store.v1	openstack object list	openstackclient.object.v1.object:ListObject	https://github.com/openstack/python-openstackclient/blob/7.4.0/setup.cfg
python-openstackclient	7.4.0	OSC	openstack.object_store.v1	openstack object save	openstackclient.object.v1.object:SaveObject	https://github.com/openstack/python-openstackclient/blob/7.4.0/setup.cfg
python-openstackclient	7.4.0	OSC	openstack.object_store.v1	openstack object set	openstackclient.object.v1.object:SetObject	https://github.com/openstack/python-openstackclient/blob/7.4.0/setup.cfg
python-openstackclient	7.4.0	OSC	openstack.object_store.v1	openstack object show	openstackclient.object.v1.object:ShowObject	https://github.com/openstack/python-openstackclient/blob/7.4.0/setup.cfg
python-openstackclient	7.4.0	OSC	openstack.object_store.v1	openstack object store account set	openstackclient.object.v1.account:SetAccount	https://github.com/openstack/python-openstackclient/blob/7.4.0/setup.cfg
python-openstackclient	7.4.0	OSC	openstack.object_store.v1	openstack object store account show	openstackclient.object.v1.account:ShowAccount	https://github.com/openstack/python-openstackclient/blob/7.4.0/setup.cfg
python-openstackclient	7.4.0	OSC	openstack.object_store.v1	openstack object store account unset	openstackclient.object.v1.account:UnsetAccount	https://github.com/openstack/python-openstackclient/blob/7.4.0/setup.cfg
python-openstackclient	7.4.0	OSC	openstack.object_store.v1	openstack object unset	openstackclient.object.v1.object:UnsetObject	https://github.com/openstack/python-openstackclient/blob/7.4.0/setup.cfg
python-openstackclient	7.4.0	OSC	openstack.volume.v1	openstack volume backup create	openstackclient.volume.v1.volume_backup:CreateVolumeBackup	https://github.com/openstack/python-openstackclient/blob/7.4.0/setup.cfg
python-openstackclient	7.4.0	OSC	openstack.volume.v1	openstack volume backup delete	openstackclient.volume.v1.volume_backup:DeleteVolumeBackup	https://github.com/openstack/python-openstackclient/blob/7.4.0/setup.cfg
python-openstackclient	7.4.0	OSC	openstack.volume.v1	openstack volume backup list	openstackclient.volume.v1.volume_backup:ListVolumeBackup	https://github.com/openstack/python-openstackclient/blob/7.4.0/setup.cfg
python-openstackclient	7.4.0	OSC	openstack.volume.v1	openstack volume backup restore	openstackclient.volume.v1.volume_backup:RestoreVolumeBackup	https://github.com/openstack/python-openstackclient/blob/7.4.0/setup.cfg
python-openstackclient	7.4.0	OSC	openstack.volume.v1	openstack volume backup show	openstackclient.volume.v1.volume_backup:ShowVolumeBackup	https://github.com/openstack/python-openstackclient/blob/7.4.0/setup.cfg
python-openstackclient	7.4.0	OSC	openstack.volume.v1	openstack volume create	openstackclient.volume.v1.volume:CreateVolume	https://github.com/openstack/python-openstackclient/blob/7.4.0/setup.cfg
python-openstackclient	7.4.0	OSC	openstack.volume.v1	openstack volume delete	openstackclient.volume.v1.volume:DeleteVolume	https://github.com/openstack/python-openstackclient/blob/7.4.0/setup.cfg
python-openstackclient	7.4.0	OSC	openstack.volume.v1	openstack volume list	openstackclient.volume.v1.volume:ListVolume	https://github.com/openstack/python-openstackclient/blob/7.4.0/setup.cfg
python-openstackclient	7.4.0	OSC	openstack.volume.v1	openstack volume migrate	openstackclient.volume.v1.volume:MigrateVolume	https://github.com/openstack/python-openstackclient/blob/7.4.0/setup.cfg
python-openstackclient	7.4.0	OSC	openstack.volume.v1	openstack volume qos associate	openstackclient.volume.v1.qos_specs:AssociateQos	https://github.com/openstack/python-openstackclient/blob/7.4.0/setup.cfg
python-openstackclient	7.4.0	OSC	openstack.volume.v1	openstack volume qos create	openstackclient.volume.v1.qos_specs:CreateQos	https://github.com/openstack/python-openstackclient/blob/7.4.0/setup.cfg
python-openstackclient	7.4.0	OSC	openstack.volume.v1	openstack volume qos delete	openstackclient.volume.v1.qos_specs:DeleteQos	https://github.com/openstack/python-openstackclient/blob/7.4.0/setup.cfg
python-openstackclient	7.4.0	OSC	openstack.volume.v1	openstack volume qos disassociate	openstackclient.volume.v1.qos_specs:DisassociateQos	https://github.com/openstack/python-openstackclient/blob/7.4.0/setup.cfg
python-openstackclient	7.4.0	OSC	openstack.volume.v1	openstack volume qos list	openstackclient.volume.v1.qos_specs:ListQos	https://github.com/openstack/python-openstackclient/blob/7.4.0/setup.cfg
python-openstackclient	7.4.0	OSC	openstack.volume.v1	openstack volume qos set	openstackclient.volume.v1.qos_specs:SetQos	https://github.com/openstack/python-openstackclient/blob/7.4.0/setup.cfg
python-openstackclient	7.4.0	OSC	openstack.volume.v1	openstack volume qos show	openstackclient.volume.v1.qos_specs:ShowQos	https://github.com/openstack/python-openstackclient/blob/7.4.0/setup.cfg
python-openstackclient	7.4.0	OSC	openstack.volume.v1	openstack volume qos unset	openstackclient.volume.v1.qos_specs:UnsetQos	https://github.com/openstack/python-openstackclient/blob/7.4.0/setup.cfg
python-openstackclient	7.4.0	OSC	openstack.volume.v1	openstack volume service list	openstackclient.volume.v1.service:ListService	https://github.com/openstack/python-openstackclient/blob/7.4.0/setup.cfg
python-openstackclient	7.4.0	OSC	openstack.volume.v1	openstack volume service set	openstackclient.volume.v1.service:SetService	https://github.com/openstack/python-openstackclient/blob/7.4.0/setup.cfg
python-openstackclient	7.4.0	OSC	openstack.volume.v1	openstack volume set	openstackclient.volume.v1.volume:SetVolume	https://github.com/openstack/python-openstackclient/blob/7.4.0/setup.cfg
python-openstackclient	7.4.0	OSC	openstack.volume.v1	openstack volume show	openstackclient.volume.v1.volume:ShowVolume	https://github.com/openstack/python-openstackclient/blob/7.4.0/setup.cfg
python-openstackclient	7.4.0	OSC	openstack.volume.v1	openstack volume snapshot create	openstackclient.volume.v1.volume_snapshot:CreateVolumeSnapshot	https://github.com/openstack/python-openstackclient/blob/7.4.0/setup.cfg
python-openstackclient	7.4.0	OSC	openstack.volume.v1	openstack volume snapshot delete	openstackclient.volume.v1.volume_snapshot:DeleteVolumeSnapshot	https://github.com/openstack/python-openstackclient/blob/7.4.0/setup.cfg
python-openstackclient	7.4.0	OSC	openstack.volume.v1	openstack volume snapshot list	openstackclient.volume.v1.volume_snapshot:ListVolumeSnapshot	https://github.com/openstack/python-openstackclient/blob/7.4.0/setup.cfg
python-openstackclient	7.4.0	OSC	openstack.volume.v1	openstack volume snapshot set	openstackclient.volume.v1.volume_snapshot:SetVolumeSnapshot	https://github.com/openstack/python-openstackclient/blob/7.4.0/setup.cfg
python-openstackclient	7.4.0	OSC	openstack.volume.v1	openstack volume snapshot show	openstackclient.volume.v1.volume_snapshot:ShowVolumeSnapshot	https://github.com/openstack/python-openstackclient/blob/7.4.0/setup.cfg
python-openstackclient	7.4.0	OSC	openstack.volume.v1	openstack volume snapshot unset	openstackclient.volume.v1.volume_snapshot:UnsetVolumeSnapshot	https://github.com/openstack/python-openstackclient/blob/7.4.0/setup.cfg
python-openstackclient	7.4.0	OSC	openstack.volume.v1	openstack volume transfer request accept	openstackclient.volume.v1.volume_transfer_request:AcceptTransferRequest	https://github.com/openstack/python-openstackclient/blob/7.4.0/setup.cfg
python-openstackclient	7.4.0	OSC	openstack.volume.v1	openstack volume transfer request create	openstackclient.volume.v1.volume_transfer_request:CreateTransferRequest	https://github.com/openstack/python-openstackclient/blob/7.4.0/setup.cfg
python-openstackclient	7.4.0	OSC	openstack.volume.v1	openstack volume transfer request delete	openstackclient.volume.v1.volume_transfer_request:DeleteTransferRequest	https://github.com/openstack/python-openstackclient/blob/7.4.0/setup.cfg
python-openstackclient	7.4.0	OSC	openstack.volume.v1	openstack volume transfer request list	openstackclient.volume.v1.volume_transfer_request:ListTransferRequest	https://github.com/openstack/python-openstackclient/blob/7.4.0/setup.cfg
python-openstackclient	7.4.0	OSC	openstack.volume.v1	openstack volume transfer request show	openstackclient.volume.v1.volume_transfer_request:ShowTransferRequest	https://github.com/openstack/python-openstackclient/blob/7.4.0/setup.cfg
python-openstackclient	7.4.0	OSC	openstack.volume.v1	openstack volume type create	openstackclient.volume.v1.volume_type:CreateVolumeType	https://github.com/openstack/python-openstackclient/blob/7.4.0/setup.cfg
python-openstackclient	7.4.0	OSC	openstack.volume.v1	openstack volume type delete	openstackclient.volume.v1.volume_type:DeleteVolumeType	https://github.com/openstack/python-openstackclient/blob/7.4.0/setup.cfg
python-openstackclient	7.4.0	OSC	openstack.volume.v1	openstack volume type list	openstackclient.volume.v1.volume_type:ListVolumeType	https://github.com/openstack/python-openstackclient/blob/7.4.0/setup.cfg
python-openstackclient	7.4.0	OSC	openstack.volume.v1	openstack volume type set	openstackclient.volume.v1.volume_type:SetVolumeType	https://github.com/openstack/python-openstackclient/blob/7.4.0/setup.cfg
python-openstackclient	7.4.0	OSC	openstack.volume.v1	openstack volume type show	openstackclient.volume.v1.volume_type:ShowVolumeType	https://github.com/openstack/python-openstackclient/blob/7.4.0/setup.cfg
python-openstackclient	7.4.0	OSC	openstack.volume.v1	openstack volume type unset	openstackclient.volume.v1.volume_type:UnsetVolumeType	https://github.com/openstack/python-openstackclient/blob/7.4.0/setup.cfg
python-openstackclient	7.4.0	OSC	openstack.volume.v1	openstack volume unset	openstackclient.volume.v1.volume:UnsetVolume	https://github.com/openstack/python-openstackclient/blob/7.4.0/setup.cfg
python-openstackclient	7.4.0	OSC	openstack.volume.v2	openstack consistency group add volume	openstackclient.volume.v2.consistency_group:AddVolumeToConsistencyGroup	https://github.com/openstack/python-openstackclient/blob/7.4.0/setup.cfg
python-openstackclient	7.4.0	OSC	openstack.volume.v2	openstack consistency group create	openstackclient.volume.v2.consistency_group:CreateConsistencyGroup	https://github.com/openstack/python-openstackclient/blob/7.4.0/setup.cfg
python-openstackclient	7.4.0	OSC	openstack.volume.v2	openstack consistency group delete	openstackclient.volume.v2.consistency_group:DeleteConsistencyGroup	https://github.com/openstack/python-openstackclient/blob/7.4.0/setup.cfg
python-openstackclient	7.4.0	OSC	openstack.volume.v2	openstack consistency group list	openstackclient.volume.v2.consistency_group:ListConsistencyGroup	https://github.com/openstack/python-openstackclient/blob/7.4.0/setup.cfg
python-openstackclient	7.4.0	OSC	openstack.volume.v2	openstack consistency group remove volume	openstackclient.volume.v2.consistency_group:RemoveVolumeFromConsistencyGroup	https://github.com/openstack/python-openstackclient/blob/7.4.0/setup.cfg
python-openstackclient	7.4.0	OSC	openstack.volume.v2	openstack consistency group set	openstackclient.volume.v2.consistency_group:SetConsistencyGroup	https://github.com/openstack/python-openstackclient/blob/7.4.0/setup.cfg
python-openstackclient	7.4.0	OSC	openstack.volume.v2	openstack consistency group show	openstackclient.volume.v2.consistency_group:ShowConsistencyGroup	https://github.com/openstack/python-openstackclient/blob/7.4.0/setup.cfg
python-openstackclient	7.4.0	OSC	openstack.volume.v2	openstack consistency group snapshot create	openstackclient.volume.v2.consistency_group_snapshot:CreateConsistencyGroupSnapshot	https://github.com/openstack/python-openstackclient/blob/7.4.0/setup.cfg
python-openstackclient	7.4.0	OSC	openstack.volume.v2	openstack consistency group snapshot delete	openstackclient.volume.v2.consistency_group_snapshot:DeleteConsistencyGroupSnapshot	https://github.com/openstack/python-openstackclient/blob/7.4.0/setup.cfg
python-openstackclient	7.4.0	OSC	openstack.volume.v2	openstack consistency group snapshot list	openstackclient.volume.v2.consistency_group_snapshot:ListConsistencyGroupSnapshot	https://github.com/openstack/python-openstackclient/blob/7.4.0/setup.cfg
python-openstackclient	7.4.0	OSC	openstack.volume.v2	openstack consistency group snapshot show	openstackclient.volume.v2.consistency_group_snapshot:ShowConsistencyGroupSnapshot	https://github.com/openstack/python-openstackclient/blob/7.4.0/setup.cfg
python-openstackclient	7.4.0	OSC	openstack.volume.v2	openstack volume backend capability show	openstackclient.volume.v2.volume_backend:ShowCapability	https://github.com/openstack/python-openstackclient/blob/7.4.0/setup.cfg
python-openstackclient	7.4.0	OSC	openstack.volume.v2	openstack volume backend pool list	openstackclient.volume.v2.volume_backend:ListPool	https://github.com/openstack/python-openstackclient/blob/7.4.0/setup.cfg
python-openstackclient	7.4.0	OSC	openstack.volume.v2	openstack volume backup create	openstackclient.volume.v2.volume_backup:CreateVolumeBackup	https://github.com/openstack/python-openstackclient/blob/7.4.0/setup.cfg
python-openstackclient	7.4.0	OSC	openstack.volume.v2	openstack volume backup delete	openstackclient.volume.v2.volume_backup:DeleteVolumeBackup	https://github.com/openstack/python-openstackclient/blob/7.4.0/setup.cfg
python-openstackclient	7.4.0	OSC	openstack.volume.v2	openstack volume backup list	openstackclient.volume.v2.volume_backup:ListVolumeBackup	https://github.com/openstack/python-openstackclient/blob/7.4.0/setup.cfg
python-openstackclient	7.4.0	OSC	openstack.volume.v2	openstack volume backup record export	openstackclient.volume.v2.backup_record:ExportBackupRecord	https://github.com/openstack/python-openstackclient/blob/7.4.0/setup.cfg
python-openstackclient	7.4.0	OSC	openstack.volume.v2	openstack volume backup record import	openstackclient.volume.v2.backup_record:ImportBackupRecord	https://github.com/openstack/python-openstackclient/blob/7.4.0/setup.cfg
python-openstackclient	7.4.0	OSC	openstack.volume.v2	openstack volume backup restore	openstackclient.volume.v2.volume_backup:RestoreVolumeBackup	https://github.com/openstack/python-openstackclient/blob/7.4.0/setup.cfg
python-openstackclient	7.4.0	OSC	openstack.volume.v2	openstack volume backup set	openstackclient.volume.v2.volume_backup:SetVolumeBackup	https://github.com/openstack/python-openstackclient/blob/7.4.0/setup.cfg
python-openstackclient	7.4.0	OSC	openstack.volume.v2	openstack volume backup show	openstackclient.volume.v2.volume_backup:ShowVolumeBackup	https://github.com/openstack/python-openstackclient/blob/7.4.0/setup.cfg
python-openstackclient	7.4.0	OSC	openstack.volume.v2	openstack volume create	openstackclient.volume.v2.volume:CreateVolume	https://github.com/openstack/python-openstackclient/blob/7.4.0/setup.cfg
python-openstackclient	7.4.0	OSC	openstack.volume.v2	openstack volume delete	openstackclient.volume.v2.volume:DeleteVolume	https://github.com/openstack/python-openstackclient/blob/7.4.0/setup.cfg
python-openstackclient	7.4.0	OSC	openstack.volume.v2	openstack volume host failover	openstackclient.volume.v2.volume_host:FailoverVolumeHost	https://github.com/openstack/python-openstackclient/blob/7.4.0/setup.cfg
python-openstackclient	7.4.0	OSC	openstack.volume.v2	openstack volume host set	openstackclient.volume.v2.volume_host:SetVolumeHost	https://github.com/openstack/python-openstackclient/blob/7.4.0/setup.cfg
python-openstackclient	7.4.0	OSC	openstack.volume.v2	openstack volume list	openstackclient.volume.v2.volume:ListVolume	https://github.com/openstack/python-openstackclient/blob/7.4.0/setup.cfg
python-openstackclient	7.4.0	OSC	openstack.volume.v2	openstack volume migrate	openstackclient.volume.v2.volume:MigrateVolume	https://github.com/openstack/python-openstackclient/blob/7.4.0/setup.cfg
python-openstackclient	7.4.0	OSC	openstack.volume.v2	openstack volume qos associate	openstackclient.volume.v2.qos_specs:AssociateQos	https://github.com/openstack/python-openstackclient/blob/7.4.0/setup.cfg
python-openstackclient	7.4.0	OSC	openstack.volume.v2	openstack volume qos create	openstackclient.volume.v2.qos_specs:CreateQos	https://github.com/openstack/python-openstackclient/blob/7.4.0/setup.cfg
python-openstackclient	7.4.0	OSC	openstack.volume.v2	openstack volume qos delete	openstackclient.volume.v2.qos_specs:DeleteQos	https://github.com/openstack/python-openstackclient/blob/7.4.0/setup.cfg
python-openstackclient	7.4.0	OSC	openstack.volume.v2	openstack volume qos disassociate	openstackclient.volume.v2.qos_specs:DisassociateQos	https://github.com/openstack/python-openstackclient/blob/7.4.0/setup.cfg
python-openstackclient	7.4.0	OSC	openstack.volume.v2	openstack volume qos list	openstackclient.volume.v2.qos_specs:ListQos	https://github.com/openstack/python-openstackclient/blob/7.4.0/setup.cfg
python-openstackclient	7.4.0	OSC	openstack.volume.v2	openstack volume qos set	openstackclient.volume.v2.qos_specs:SetQos	https://github.com/openstack/python-openstackclient/blob/7.4.0/setup.cfg
python-openstackclient	7.4.0	OSC	openstack.volume.v2	openstack volume qos show	openstackclient.volume.v2.qos_specs:ShowQos	https://github.com/openstack/python-openstackclient/blob/7.4.0/setup.cfg
python-openstackclient	7.4.0	OSC	openstack.volume.v2	openstack volume qos unset	openstackclient.volume.v2.qos_specs:UnsetQos	https://github.com/openstack/python-openstackclient/blob/7.4.0/setup.cfg
python-openstackclient	7.4.0	OSC	openstack.volume.v2	openstack volume service list	openstackclient.volume.v2.service:ListService	https://github.com/openstack/python-openstackclient/blob/7.4.0/setup.cfg
python-openstackclient	7.4.0	OSC	openstack.volume.v2	openstack volume service set	openstackclient.volume.v2.service:SetService	https://github.com/openstack/python-openstackclient/blob/7.4.0/setup.cfg
python-openstackclient	7.4.0	OSC	openstack.volume.v2	openstack volume set	openstackclient.volume.v2.volume:SetVolume	https://github.com/openstack/python-openstackclient/blob/7.4.0/setup.cfg
python-openstackclient	7.4.0	OSC	openstack.volume.v2	openstack volume show	openstackclient.volume.v2.volume:ShowVolume	https://github.com/openstack/python-openstackclient/blob/7.4.0/setup.cfg
python-openstackclient	7.4.0	OSC	openstack.volume.v2	openstack volume snapshot create	openstackclient.volume.v2.volume_snapshot:CreateVolumeSnapshot	https://github.com/openstack/python-openstackclient/blob/7.4.0/setup.cfg
python-openstackclient	7.4.0	OSC	openstack.volume.v2	openstack volume snapshot delete	openstackclient.volume.v2.volume_snapshot:DeleteVolumeSnapshot	https://github.com/openstack/python-openstackclient/blob/7.4.0/setup.cfg
python-openstackclient	7.4.0	OSC	openstack.volume.v2	openstack volume snapshot list	openstackclient.volume.v2.volume_snapshot:ListVolumeSnapshot	https://github.com/openstack/python-openstackclient/blob/7.4.0/setup.cfg
python-openstackclient	7.4.0	OSC	openstack.volume.v2	openstack volume snapshot set	openstackclient.volume.v2.volume_snapshot:SetVolumeSnapshot	https://github.com/openstack/python-openstackclient/blob/7.4.0/setup.cfg
python-openstackclient	7.4.0	OSC	openstack.volume.v2	openstack volume snapshot show	openstackclient.volume.v2.volume_snapshot:ShowVolumeSnapshot	https://github.com/openstack/python-openstackclient/blob/7.4.0/setup.cfg
python-openstackclient	7.4.0	OSC	openstack.volume.v2	openstack volume snapshot unset	openstackclient.volume.v2.volume_snapshot:UnsetVolumeSnapshot	https://github.com/openstack/python-openstackclient/blob/7.4.0/setup.cfg
python-openstackclient	7.4.0	OSC	openstack.volume.v2	openstack volume transfer request accept	openstackclient.volume.v2.volume_transfer_request:AcceptTransferRequest	https://github.com/openstack/python-openstackclient/blob/7.4.0/setup.cfg
python-openstackclient	7.4.0	OSC	openstack.volume.v2	openstack volume transfer request create	openstackclient.volume.v2.volume_transfer_request:CreateTransferRequest	https://github.com/openstack/python-openstackclient/blob/7.4.0/setup.cfg
python-openstackclient	7.4.0	OSC	openstack.volume.v2	openstack volume transfer request delete	openstackclient.volume.v2.volume_transfer_request:DeleteTransferRequest	https://github.com/openstack/python-openstackclient/blob/7.4.0/setup.cfg
python-openstackclient	7.4.0	OSC	openstack.volume.v2	openstack volume transfer request list	openstackclient.volume.v2.volume_transfer_request:ListTransferRequest	https://github.com/openstack/python-openstackclient/blob/7.4.0/setup.cfg
python-openstackclient	7.4.0	OSC	openstack.volume.v2	openstack volume transfer request show	openstackclient.volume.v2.volume_transfer_request:ShowTransferRequest	https://github.com/openstack/python-openstackclient/blob/7.4.0/setup.cfg
python-openstackclient	7.4.0	OSC	openstack.volume.v2	openstack volume type create	openstackclient.volume.v2.volume_type:CreateVolumeType	https://github.com/openstack/python-openstackclient/blob/7.4.0/setup.cfg
python-openstackclient	7.4.0	OSC	openstack.volume.v2	openstack volume type delete	openstackclient.volume.v2.volume_type:DeleteVolumeType	https://github.com/openstack/python-openstackclient/blob/7.4.0/setup.cfg
python-openstackclient	7.4.0	OSC	openstack.volume.v2	openstack volume type list	openstackclient.volume.v2.volume_type:ListVolumeType	https://github.com/openstack/python-openstackclient/blob/7.4.0/setup.cfg
python-openstackclient	7.4.0	OSC	openstack.volume.v2	openstack volume type set	openstackclient.volume.v2.volume_type:SetVolumeType	https://github.com/openstack/python-openstackclient/blob/7.4.0/setup.cfg
python-openstackclient	7.4.0	OSC	openstack.volume.v2	openstack volume type show	openstackclient.volume.v2.volume_type:ShowVolumeType	https://github.com/openstack/python-openstackclient/blob/7.4.0/setup.cfg
python-openstackclient	7.4.0	OSC	openstack.volume.v2	openstack volume type unset	openstackclient.volume.v2.volume_type:UnsetVolumeType	https://github.com/openstack/python-openstackclient/blob/7.4.0/setup.cfg
python-openstackclient	7.4.0	OSC	openstack.volume.v2	openstack volume unset	openstackclient.volume.v2.volume:UnsetVolume	https://github.com/openstack/python-openstackclient/blob/7.4.0/setup.cfg
python-openstackclient	7.4.0	OSC	openstack.volume.v3	openstack block storage cleanup	openstackclient.volume.v3.block_storage_cleanup:BlockStorageCleanup	https://github.com/openstack/python-openstackclient/blob/7.4.0/setup.cfg
python-openstackclient	7.4.0	OSC	openstack.volume.v3	openstack block storage cluster list	openstackclient.volume.v3.block_storage_cluster:ListBlockStorageCluster	https://github.com/openstack/python-openstackclient/blob/7.4.0/setup.cfg
python-openstackclient	7.4.0	OSC	openstack.volume.v3	openstack block storage cluster set	openstackclient.volume.v3.block_storage_cluster:SetBlockStorageCluster	https://github.com/openstack/python-openstackclient/blob/7.4.0/setup.cfg
python-openstackclient	7.4.0	OSC	openstack.volume.v3	openstack block storage cluster show	openstackclient.volume.v3.block_storage_cluster:ShowBlockStorageCluster	https://github.com/openstack/python-openstackclient/blob/7.4.0/setup.cfg
python-openstackclient	7.4.0	OSC	openstack.volume.v3	openstack block storage log level list	openstackclient.volume.v3.block_storage_log_level:BlockStorageLogLevelList	https://github.com/openstack/python-openstackclient/blob/7.4.0/setup.cfg
python-openstackclient	7.4.0	OSC	openstack.volume.v3	openstack block storage log level set	openstackclient.volume.v3.block_storage_log_level:BlockStorageLogLevelSet	https://github.com/openstack/python-openstackclient/blob/7.4.0/setup.cfg
python-openstackclient	7.4.0	OSC	openstack.volume.v3	openstack block storage resource filter list	openstackclient.volume.v3.block_storage_resource_filter:ListBlockStorageResourceFilter	https://github.com/openstack/python-openstackclient/blob/7.4.0/setup.cfg
python-openstackclient	7.4.0	OSC	openstack.volume.v3	openstack block storage resource filter show	openstackclient.volume.v3.block_storage_resource_filter:ShowBlockStorageResourceFilter	https://github.com/openstack/python-openstackclient/blob/7.4.0/setup.cfg
python-openstackclient	7.4.0	OSC	openstack.volume.v3	openstack block storage snapshot manageable list	openstackclient.volume.v3.block_storage_manage:BlockStorageManageSnapshots	https://github.com/openstack/python-openstackclient/blob/7.4.0/setup.cfg
python-openstackclient	7.4.0	OSC	openstack.volume.v3	openstack block storage volume manageable list	openstackclient.volume.v3.block_storage_manage:BlockStorageManageVolumes	https://github.com/openstack/python-openstackclient/blob/7.4.0/setup.cfg
python-openstackclient	7.4.0	OSC	openstack.volume.v3	openstack consistency group add volume	openstackclient.volume.v2.consistency_group:AddVolumeToConsistencyGroup	https://github.com/openstack/python-openstackclient/blob/7.4.0/setup.cfg
python-openstackclient	7.4.0	OSC	openstack.volume.v3	openstack consistency group create	openstackclient.volume.v2.consistency_group:CreateConsistencyGroup	https://github.com/openstack/python-openstackclient/blob/7.4.0/setup.cfg
python-openstackclient	7.4.0	OSC	openstack.volume.v3	openstack consistency group delete	openstackclient.volume.v2.consistency_group:DeleteConsistencyGroup	https://github.com/openstack/python-openstackclient/blob/7.4.0/setup.cfg
python-openstackclient	7.4.0	OSC	openstack.volume.v3	openstack consistency group list	openstackclient.volume.v2.consistency_group:ListConsistencyGroup	https://github.com/openstack/python-openstackclient/blob/7.4.0/setup.cfg
python-openstackclient	7.4.0	OSC	openstack.volume.v3	openstack consistency group remove volume	openstackclient.volume.v2.consistency_group:RemoveVolumeFromConsistencyGroup	https://github.com/openstack/python-openstackclient/blob/7.4.0/setup.cfg
python-openstackclient	7.4.0	OSC	openstack.volume.v3	openstack consistency group set	openstackclient.volume.v2.consistency_group:SetConsistencyGroup	https://github.com/openstack/python-openstackclient/blob/7.4.0/setup.cfg
python-openstackclient	7.4.0	OSC	openstack.volume.v3	openstack consistency group show	openstackclient.volume.v2.consistency_group:ShowConsistencyGroup	https://github.com/openstack/python-openstackclient/blob/7.4.0/setup.cfg
python-openstackclient	7.4.0	OSC	openstack.volume.v3	openstack consistency group snapshot create	openstackclient.volume.v2.consistency_group_snapshot:CreateConsistencyGroupSnapshot	https://github.com/openstack/python-openstackclient/blob/7.4.0/setup.cfg
python-openstackclient	7.4.0	OSC	openstack.volume.v3	openstack consistency group snapshot delete	openstackclient.volume.v2.consistency_group_snapshot:DeleteConsistencyGroupSnapshot	https://github.com/openstack/python-openstackclient/blob/7.4.0/setup.cfg
python-openstackclient	7.4.0	OSC	openstack.volume.v3	openstack consistency group snapshot list	openstackclient.volume.v2.consistency_group_snapshot:ListConsistencyGroupSnapshot	https://github.com/openstack/python-openstackclient/blob/7.4.0/setup.cfg
python-openstackclient	7.4.0	OSC	openstack.volume.v3	openstack consistency group snapshot show	openstackclient.volume.v2.consistency_group_snapshot:ShowConsistencyGroupSnapshot	https://github.com/openstack/python-openstackclient/blob/7.4.0/setup.cfg
python-openstackclient	7.4.0	OSC	openstack.volume.v3	openstack volume attachment complete	openstackclient.volume.v3.volume_attachment:CompleteVolumeAttachment	https://github.com/openstack/python-openstackclient/blob/7.4.0/setup.cfg
python-openstackclient	7.4.0	OSC	openstack.volume.v3	openstack volume attachment create	openstackclient.volume.v3.volume_attachment:CreateVolumeAttachment	https://github.com/openstack/python-openstackclient/blob/7.4.0/setup.cfg
python-openstackclient	7.4.0	OSC	openstack.volume.v3	openstack volume attachment delete	openstackclient.volume.v3.volume_attachment:DeleteVolumeAttachment	https://github.com/openstack/python-openstackclient/blob/7.4.0/setup.cfg
python-openstackclient	7.4.0	OSC	openstack.volume.v3	openstack volume attachment list	openstackclient.volume.v3.volume_attachment:ListVolumeAttachment	https://github.com/openstack/python-openstackclient/blob/7.4.0/setup.cfg
python-openstackclient	7.4.0	OSC	openstack.volume.v3	openstack volume attachment set	openstackclient.volume.v3.volume_attachment:SetVolumeAttachment	https://github.com/openstack/python-openstackclient/blob/7.4.0/setup.cfg
python-openstackclient	7.4.0	OSC	openstack.volume.v3	openstack volume attachment show	openstackclient.volume.v3.volume_attachment:ShowVolumeAttachment	https://github.com/openstack/python-openstackclient/blob/7.4.0/setup.cfg
python-openstackclient	7.4.0	OSC	openstack.volume.v3	openstack volume backend capability show	openstackclient.volume.v2.volume_backend:ShowCapability	https://github.com/openstack/python-openstackclient/blob/7.4.0/setup.cfg
python-openstackclient	7.4.0	OSC	openstack.volume.v3	openstack volume backend pool list	openstackclient.volume.v2.volume_backend:ListPool	https://github.com/openstack/python-openstackclient/blob/7.4.0/setup.cfg
python-openstackclient	7.4.0	OSC	openstack.volume.v3	openstack volume backup create	openstackclient.volume.v3.volume_backup:CreateVolumeBackup	https://github.com/openstack/python-openstackclient/blob/7.4.0/setup.cfg
python-openstackclient	7.4.0	OSC	openstack.volume.v3	openstack volume backup delete	openstackclient.volume.v3.volume_backup:DeleteVolumeBackup	https://github.com/openstack/python-openstackclient/blob/7.4.0/setup.cfg
python-openstackclient	7.4.0	OSC	openstack.volume.v3	openstack volume backup list	openstackclient.volume.v3.volume_backup:ListVolumeBackup	https://github.com/openstack/python-openstackclient/blob/7.4.0/setup.cfg
python-openstackclient	7.4.0	OSC	openstack.volume.v3	openstack volume backup record export	openstackclient.volume.v2.backup_record:ExportBackupRecord	https://github.com/openstack/python-openstackclient/blob/7.4.0/setup.cfg
python-openstackclient	7.4.0	OSC	openstack.volume.v3	openstack volume backup record import	openstackclient.volume.v2.backup_record:ImportBackupRecord	https://github.com/openstack/python-openstackclient/blob/7.4.0/setup.cfg
python-openstackclient	7.4.0	OSC	openstack.volume.v3	openstack volume backup restore	openstackclient.volume.v3.volume_backup:RestoreVolumeBackup	https://github.com/openstack/python-openstackclient/blob/7.4.0/setup.cfg
python-openstackclient	7.4.0	OSC	openstack.volume.v3	openstack volume backup set	openstackclient.volume.v3.volume_backup:SetVolumeBackup	https://github.com/openstack/python-openstackclient/blob/7.4.0/setup.cfg
python-openstackclient	7.4.0	OSC	openstack.volume.v3	openstack volume backup show	openstackclient.volume.v3.volume_backup:ShowVolumeBackup	https://github.com/openstack/python-openstackclient/blob/7.4.0/setup.cfg
python-openstackclient	7.4.0	OSC	openstack.volume.v3	openstack volume backup unset	openstackclient.volume.v3.volume_backup:UnsetVolumeBackup	https://github.com/openstack/python-openstackclient/blob/7.4.0/setup.cfg
python-openstackclient	7.4.0	OSC	openstack.volume.v3	openstack volume create	openstackclient.volume.v3.volume:CreateVolume	https://github.com/openstack/python-openstackclient/blob/7.4.0/setup.cfg
python-openstackclient	7.4.0	OSC	openstack.volume.v3	openstack volume delete	openstackclient.volume.v3.volume:DeleteVolume	https://github.com/openstack/python-openstackclient/blob/7.4.0/setup.cfg
python-openstackclient	7.4.0	OSC	openstack.volume.v3	openstack volume group create	openstackclient.volume.v3.volume_group:CreateVolumeGroup	https://github.com/openstack/python-openstackclient/blob/7.4.0/setup.cfg
python-openstackclient	7.4.0	OSC	openstack.volume.v3	openstack volume group delete	openstackclient.volume.v3.volume_group:DeleteVolumeGroup	https://github.com/openstack/python-openstackclient/blob/7.4.0/setup.cfg
python-openstackclient	7.4.0	OSC	openstack.volume.v3	openstack volume group failover	openstackclient.volume.v3.volume_group:FailoverVolumeGroup	https://github.com/openstack/python-openstackclient/blob/7.4.0/setup.cfg
python-openstackclient	7.4.0	OSC	openstack.volume.v3	openstack volume group list	openstackclient.volume.v3.volume_group:ListVolumeGroup	https://github.com/openstack/python-openstackclient/blob/7.4.0/setup.cfg
python-openstackclient	7.4.0	OSC	openstack.volume.v3	openstack volume group set	openstackclient.volume.v3.volume_group:SetVolumeGroup	https://github.com/openstack/python-openstackclient/blob/7.4.0/setup.cfg
python-openstackclient	7.4.0	OSC	openstack.volume.v3	openstack volume group show	openstackclient.volume.v3.volume_group:ShowVolumeGroup	https://github.com/openstack/python-openstackclient/blob/7.4.0/setup.cfg
python-openstackclient	7.4.0	OSC	openstack.volume.v3	openstack volume group snapshot create	openstackclient.volume.v3.volume_group_snapshot:CreateVolumeGroupSnapshot	https://github.com/openstack/python-openstackclient/blob/7.4.0/setup.cfg
python-openstackclient	7.4.0	OSC	openstack.volume.v3	openstack volume group snapshot delete	openstackclient.volume.v3.volume_group_snapshot:DeleteVolumeGroupSnapshot	https://github.com/openstack/python-openstackclient/blob/7.4.0/setup.cfg
python-openstackclient	7.4.0	OSC	openstack.volume.v3	openstack volume group snapshot list	openstackclient.volume.v3.volume_group_snapshot:ListVolumeGroupSnapshot	https://github.com/openstack/python-openstackclient/blob/7.4.0/setup.cfg
python-openstackclient	7.4.0	OSC	openstack.volume.v3	openstack volume group snapshot show	openstackclient.volume.v3.volume_group_snapshot:ShowVolumeGroupSnapshot	https://github.com/openstack/python-openstackclient/blob/7.4.0/setup.cfg
python-openstackclient	7.4.0	OSC	openstack.volume.v3	openstack volume group type create	openstackclient.volume.v3.volume_group_type:CreateVolumeGroupType	https://github.com/openstack/python-openstackclient/blob/7.4.0/setup.cfg
python-openstackclient	7.4.0	OSC	openstack.volume.v3	openstack volume group type delete	openstackclient.volume.v3.volume_group_type:DeleteVolumeGroupType	https://github.com/openstack/python-openstackclient/blob/7.4.0/setup.cfg
python-openstackclient	7.4.0	OSC	openstack.volume.v3	openstack volume group type list	openstackclient.volume.v3.volume_group_type:ListVolumeGroupType	https://github.com/openstack/python-openstackclient/blob/7.4.0/setup.cfg
python-openstackclient	7.4.0	OSC	openstack.volume.v3	openstack volume group type set	openstackclient.volume.v3.volume_group_type:SetVolumeGroupType	https://github.com/openstack/python-openstackclient/blob/7.4.0/setup.cfg
python-openstackclient	7.4.0	OSC	openstack.volume.v3	openstack volume group type show	openstackclient.volume.v3.volume_group_type:ShowVolumeGroupType	https://github.com/openstack/python-openstackclient/blob/7.4.0/setup.cfg
python-openstackclient	7.4.0	OSC	openstack.volume.v3	openstack volume host set	openstackclient.volume.v2.volume_host:SetVolumeHost	https://github.com/openstack/python-openstackclient/blob/7.4.0/setup.cfg
python-openstackclient	7.4.0	OSC	openstack.volume.v3	openstack volume list	openstackclient.volume.v3.volume:ListVolume	https://github.com/openstack/python-openstackclient/blob/7.4.0/setup.cfg
python-openstackclient	7.4.0	OSC	openstack.volume.v3	openstack volume message delete	openstackclient.volume.v3.volume_message:DeleteMessage	https://github.com/openstack/python-openstackclient/blob/7.4.0/setup.cfg
python-openstackclient	7.4.0	OSC	openstack.volume.v3	openstack volume message list	openstackclient.volume.v3.volume_message:ListMessages	https://github.com/openstack/python-openstackclient/blob/7.4.0/setup.cfg
python-openstackclient	7.4.0	OSC	openstack.volume.v3	openstack volume message show	openstackclient.volume.v3.volume_message:ShowMessage	https://github.com/openstack/python-openstackclient/blob/7.4.0/setup.cfg
python-openstackclient	7.4.0	OSC	openstack.volume.v3	openstack volume migrate	openstackclient.volume.v3.volume:MigrateVolume	https://github.com/openstack/python-openstackclient/blob/7.4.0/setup.cfg
python-openstackclient	7.4.0	OSC	openstack.volume.v3	openstack volume qos associate	openstackclient.volume.v2.qos_specs:AssociateQos	https://github.com/openstack/python-openstackclient/blob/7.4.0/setup.cfg
python-openstackclient	7.4.0	OSC	openstack.volume.v3	openstack volume qos create	openstackclient.volume.v2.qos_specs:CreateQos	https://github.com/openstack/python-openstackclient/blob/7.4.0/setup.cfg
python-openstackclient	7.4.0	OSC	openstack.volume.v3	openstack volume qos delete	openstackclient.volume.v2.qos_specs:DeleteQos	https://github.com/openstack/python-openstackclient/blob/7.4.0/setup.cfg
python-openstackclient	7.4.0	OSC	openstack.volume.v3	openstack volume qos disassociate	openstackclient.volume.v2.qos_specs:DisassociateQos	https://github.com/openstack/python-openstackclient/blob/7.4.0/setup.cfg
python-openstackclient	7.4.0	OSC	openstack.volume.v3	openstack volume qos list	openstackclient.volume.v2.qos_specs:ListQos	https://github.com/openstack/python-openstackclient/blob/7.4.0/setup.cfg
python-openstackclient	7.4.0	OSC	openstack.volume.v3	openstack volume qos set	openstackclient.volume.v2.qos_specs:SetQos	https://github.com/openstack/python-openstackclient/blob/7.4.0/setup.cfg
python-openstackclient	7.4.0	OSC	openstack.volume.v3	openstack volume qos show	openstackclient.volume.v2.qos_specs:ShowQos	https://github.com/openstack/python-openstackclient/blob/7.4.0/setup.cfg
python-openstackclient	7.4.0	OSC	openstack.volume.v3	openstack volume qos unset	openstackclient.volume.v2.qos_specs:UnsetQos	https://github.com/openstack/python-openstackclient/blob/7.4.0/setup.cfg
python-openstackclient	7.4.0	OSC	openstack.volume.v3	openstack volume revert	openstackclient.volume.v3.volume:VolumeRevertToSnapshot	https://github.com/openstack/python-openstackclient/blob/7.4.0/setup.cfg
python-openstackclient	7.4.0	OSC	openstack.volume.v3	openstack volume service list	openstackclient.volume.v3.service:ListService	https://github.com/openstack/python-openstackclient/blob/7.4.0/setup.cfg
python-openstackclient	7.4.0	OSC	openstack.volume.v3	openstack volume service set	openstackclient.volume.v2.service:SetService	https://github.com/openstack/python-openstackclient/blob/7.4.0/setup.cfg
python-openstackclient	7.4.0	OSC	openstack.volume.v3	openstack volume set	openstackclient.volume.v3.volume:SetVolume	https://github.com/openstack/python-openstackclient/blob/7.4.0/setup.cfg
python-openstackclient	7.4.0	OSC	openstack.volume.v3	openstack volume show	openstackclient.volume.v3.volume:ShowVolume	https://github.com/openstack/python-openstackclient/blob/7.4.0/setup.cfg
python-openstackclient	7.4.0	OSC	openstack.volume.v3	openstack volume snapshot create	openstackclient.volume.v2.volume_snapshot:CreateVolumeSnapshot	https://github.com/openstack/python-openstackclient/blob/7.4.0/setup.cfg
python-openstackclient	7.4.0	OSC	openstack.volume.v3	openstack volume snapshot delete	openstackclient.volume.v3.volume_snapshot:DeleteVolumeSnapshot	https://github.com/openstack/python-openstackclient/blob/7.4.0/setup.cfg
python-openstackclient	7.4.0	OSC	openstack.volume.v3	openstack volume snapshot list	openstackclient.volume.v2.volume_snapshot:ListVolumeSnapshot	https://github.com/openstack/python-openstackclient/blob/7.4.0/setup.cfg
python-openstackclient	7.4.0	OSC	openstack.volume.v3	openstack volume snapshot set	openstackclient.volume.v2.volume_snapshot:SetVolumeSnapshot	https://github.com/openstack/python-openstackclient/blob/7.4.0/setup.cfg
python-openstackclient	7.4.0	OSC	openstack.volume.v3	openstack volume snapshot show	openstackclient.volume.v2.volume_snapshot:ShowVolumeSnapshot	https://github.com/openstack/python-openstackclient/blob/7.4.0/setup.cfg
python-openstackclient	7.4.0	OSC	openstack.volume.v3	openstack volume snapshot unset	openstackclient.volume.v2.volume_snapshot:UnsetVolumeSnapshot	https://github.com/openstack/python-openstackclient/blob/7.4.0/setup.cfg
python-openstackclient	7.4.0	OSC	openstack.volume.v3	openstack volume summary	openstackclient.volume.v3.volume:VolumeSummary	https://github.com/openstack/python-openstackclient/blob/7.4.0/setup.cfg
python-openstackclient	7.4.0	OSC	openstack.volume.v3	openstack volume transfer request accept	openstackclient.volume.v3.volume_transfer_request:AcceptTransferRequest	https://github.com/openstack/python-openstackclient/blob/7.4.0/setup.cfg
python-openstackclient	7.4.0	OSC	openstack.volume.v3	openstack volume transfer request create	openstackclient.volume.v3.volume_transfer_request:CreateTransferRequest	https://github.com/openstack/python-openstackclient/blob/7.4.0/setup.cfg
python-openstackclient	7.4.0	OSC	openstack.volume.v3	openstack volume transfer request delete	openstackclient.volume.v3.volume_transfer_request:DeleteTransferRequest	https://github.com/openstack/python-openstackclient/blob/7.4.0/setup.cfg
python-openstackclient	7.4.0	OSC	openstack.volume.v3	openstack volume transfer request list	openstackclient.volume.v3.volume_transfer_request:ListTransferRequest	https://github.com/openstack/python-openstackclient/blob/7.4.0/setup.cfg
python-openstackclient	7.4.0	OSC	openstack.volume.v3	openstack volume transfer request show	openstackclient.volume.v3.volume_transfer_request:ShowTransferRequest	https://github.com/openstack/python-openstackclient/blob/7.4.0/setup.cfg
python-openstackclient	7.4.0	OSC	openstack.volume.v3	openstack volume type create	openstackclient.volume.v3.volume_type:CreateVolumeType	https://github.com/openstack/python-openstackclient/blob/7.4.0/setup.cfg
python-openstackclient	7.4.0	OSC	openstack.volume.v3	openstack volume type delete	openstackclient.volume.v3.volume_type:DeleteVolumeType	https://github.com/openstack/python-openstackclient/blob/7.4.0/setup.cfg
python-openstackclient	7.4.0	OSC	openstack.volume.v3	openstack volume type list	openstackclient.volume.v3.volume_type:ListVolumeType	https://github.com/openstack/python-openstackclient/blob/7.4.0/setup.cfg
python-openstackclient	7.4.0	OSC	openstack.volume.v3	openstack volume type set	openstackclient.volume.v3.volume_type:SetVolumeType	https://github.com/openstack/python-openstackclient/blob/7.4.0/setup.cfg
python-openstackclient	7.4.0	OSC	openstack.volume.v3	openstack volume type show	openstackclient.volume.v3.volume_type:ShowVolumeType	https://github.com/openstack/python-openstackclient/blob/7.4.0/setup.cfg
python-openstackclient	7.4.0	OSC	openstack.volume.v3	openstack volume type unset	openstackclient.volume.v3.volume_type:UnsetVolumeType	https://github.com/openstack/python-openstackclient/blob/7.4.0/setup.cfg
python-openstackclient	7.4.0	OSC	openstack.volume.v3	openstack volume unset	openstackclient.volume.v3.volume:UnsetVolume	https://github.com/openstack/python-openstackclient/blob/7.4.0/setup.cfg
python-watcherclient	4.8.0	OSC	openstack.infra_optim.v1	openstack optimize action list	watcherclient.v1.action_shell:ListAction	https://github.com/openstack/python-watcherclient/blob/4.8.0/setup.cfg#L63
python-watcherclient	4.8.0	OSC	openstack.infra_optim.v1	openstack optimize action show	watcherclient.v1.action_shell:ShowAction	https://github.com/openstack/python-watcherclient/blob/4.8.0/setup.cfg#L62
python-watcherclient	4.8.0	OSC	openstack.infra_optim.v1	openstack optimize actionplan cancel	watcherclient.v1.action_plan_shell:CancelActionPlan	https://github.com/openstack/python-watcherclient/blob/4.8.0/setup.cfg#L60
python-watcherclient	4.8.0	OSC	openstack.infra_optim.v1	openstack optimize actionplan delete	watcherclient.v1.action_plan_shell:DeleteActionPlan	https://github.com/openstack/python-watcherclient/blob/4.8.0/setup.cfg#L56
python-watcherclient	4.8.0	OSC	openstack.infra_optim.v1	openstack optimize actionplan list	watcherclient.v1.action_plan_shell:ListActionPlan	https://github.com/openstack/python-watcherclient/blob/4.8.0/setup.cfg#L57
python-watcherclient	4.8.0	OSC	openstack.infra_optim.v1	openstack optimize actionplan show	watcherclient.v1.action_plan_shell:ShowActionPlan	https://github.com/openstack/python-watcherclient/blob/4.8.0/setup.cfg#L55
python-watcherclient	4.8.0	OSC	openstack.infra_optim.v1	openstack optimize actionplan start	watcherclient.v1.action_plan_shell:StartActionPlan	https://github.com/openstack/python-watcherclient/blob/4.8.0/setup.cfg#L59
python-watcherclient	4.8.0	OSC	openstack.infra_optim.v1	openstack optimize actionplan update	watcherclient.v1.action_plan_shell:UpdateActionPlan	https://github.com/openstack/python-watcherclient/blob/4.8.0/setup.cfg#L58
python-watcherclient	4.8.0	OSC	openstack.infra_optim.v1	openstack optimize audit create	watcherclient.v1.audit_shell:CreateAudit	https://github.com/openstack/python-watcherclient/blob/4.8.0/setup.cfg#L51
python-watcherclient	4.8.0	OSC	openstack.infra_optim.v1	openstack optimize audit delete	watcherclient.v1.audit_shell:DeleteAudit	https://github.com/openstack/python-watcherclient/blob/4.8.0/setup.cfg#L53
python-watcherclient	4.8.0	OSC	openstack.infra_optim.v1	openstack optimize audit list	watcherclient.v1.audit_shell:ListAudit	https://github.com/openstack/python-watcherclient/blob/4.8.0/setup.cfg#L50
python-watcherclient	4.8.0	OSC	openstack.infra_optim.v1	openstack optimize audit show	watcherclient.v1.audit_shell:ShowAudit	https://github.com/openstack/python-watcherclient/blob/4.8.0/setup.cfg#L49
python-watcherclient	4.8.0	OSC	openstack.infra_optim.v1	openstack optimize audit update	watcherclient.v1.audit_shell:UpdateAudit	https://github.com/openstack/python-watcherclient/blob/4.8.0/setup.cfg#L52
python-watcherclient	4.8.0	OSC	openstack.infra_optim.v1	openstack optimize audittemplate create	watcherclient.v1.audit_template_shell:CreateAuditTemplate	https://github.com/openstack/python-watcherclient/blob/4.8.0/setup.cfg#L45
python-watcherclient	4.8.0	OSC	openstack.infra_optim.v1	openstack optimize audittemplate delete	watcherclient.v1.audit_template_shell:DeleteAuditTemplate	https://github.com/openstack/python-watcherclient/blob/4.8.0/setup.cfg#L47
python-watcherclient	4.8.0	OSC	openstack.infra_optim.v1	openstack optimize audittemplate list	watcherclient.v1.audit_template_shell:ListAuditTemplate	https://github.com/openstack/python-watcherclient/blob/4.8.0/setup.cfg#L44
python-watcherclient	4.8.0	OSC	openstack.infra_optim.v1	openstack optimize audittemplate show	watcherclient.v1.audit_template_shell:ShowAuditTemplate	https://github.com/openstack/python-watcherclient/blob/4.8.0/setup.cfg#L43
python-watcherclient	4.8.0	OSC	openstack.infra_optim.v1	openstack optimize audittemplate update	watcherclient.v1.audit_template_shell:UpdateAuditTemplate	https://github.com/openstack/python-watcherclient/blob/4.8.0/setup.cfg#L46
python-watcherclient	4.8.0	OSC	openstack.infra_optim.v1	openstack optimize datamodel list	watcherclient.v1.data_model_shell:ListDataModel	https://github.com/openstack/python-watcherclient/blob/4.8.0/setup.cfg#L71
python-watcherclient	4.8.0	OSC	openstack.infra_optim.v1	openstack optimize goal list	watcherclient.v1.goal_shell:ListGoal	https://github.com/openstack/python-watcherclient/blob/4.8.0/setup.cfg#L37
python-watcherclient	4.8.0	OSC	openstack.infra_optim.v1	openstack optimize goal show	watcherclient.v1.goal_shell:ShowGoal	https://github.com/openstack/python-watcherclient/blob/4.8.0/setup.cfg#L36
python-watcherclient	4.8.0	OSC	openstack.infra_optim.v1	openstack optimize scoringengine list	watcherclient.v1.scoring_engine_shell:ListScoringEngine	https://github.com/openstack/python-watcherclient/blob/4.8.0/setup.cfg#L66
python-watcherclient	4.8.0	OSC	openstack.infra_optim.v1	openstack optimize scoringengine show	watcherclient.v1.scoring_engine_shell:ShowScoringEngine	https://github.com/openstack/python-watcherclient/blob/4.8.0/setup.cfg#L65
python-watcherclient	4.8.0	OSC	openstack.infra_optim.v1	openstack optimize service list	watcherclient.v1.service_shell:ListService	https://github.com/openstack/python-watcherclient/blob/4.8.0/setup.cfg#L69
python-watcherclient	4.8.0	OSC	openstack.infra_optim.v1	openstack optimize service show	watcherclient.v1.service_shell:ShowService	https://github.com/openstack/python-watcherclient/blob/4.8.0/setup.cfg#L68
python-watcherclient	4.8.0	OSC	openstack.infra_optim.v1	openstack optimize strategy list	watcherclient.v1.strategy_shell:ListStrategy	https://github.com/openstack/python-watcherclient/blob/4.8.0/setup.cfg#L40
python-watcherclient	4.8.0	OSC	openstack.infra_optim.v1	openstack optimize strategy show	watcherclient.v1.strategy_shell:ShowStrategy	https://github.com/openstack/python-watcherclient/blob/4.8.0/setup.cfg#L39
python-watcherclient	4.8.0	OSC	openstack.infra_optim.v1	openstack optimize strategy state	watcherclient.v1.strategy_shell:StateStrategy	https://github.com/openstack/python-watcherclient/blob/4.8.0/setup.cfg#L41
python-watcherclient	4.8.0	standalone	watcherclient.v1	watcher action list	watcherclient.v1.action_shell:ListAction	https://github.com/openstack/python-watcherclient/blob/4.8.0/setup.cfg#L102
python-watcherclient	4.8.0	standalone	watcherclient.v1	watcher action show	watcherclient.v1.action_shell:ShowAction	https://github.com/openstack/python-watcherclient/blob/4.8.0/setup.cfg#L101
python-watcherclient	4.8.0	standalone	watcherclient.v1	watcher actionplan cancel	watcherclient.v1.action_plan_shell:CancelActionPlan	https://github.com/openstack/python-watcherclient/blob/4.8.0/setup.cfg#L99
python-watcherclient	4.8.0	standalone	watcherclient.v1	watcher actionplan delete	watcherclient.v1.action_plan_shell:DeleteActionPlan	https://github.com/openstack/python-watcherclient/blob/4.8.0/setup.cfg#L98
python-watcherclient	4.8.0	standalone	watcherclient.v1	watcher actionplan list	watcherclient.v1.action_plan_shell:ListActionPlan	https://github.com/openstack/python-watcherclient/blob/4.8.0/setup.cfg#L95
python-watcherclient	4.8.0	standalone	watcherclient.v1	watcher actionplan show	watcherclient.v1.action_plan_shell:ShowActionPlan	https://github.com/openstack/python-watcherclient/blob/4.8.0/setup.cfg#L94
python-watcherclient	4.8.0	standalone	watcherclient.v1	watcher actionplan start	watcherclient.v1.action_plan_shell:StartActionPlan	https://github.com/openstack/python-watcherclient/blob/4.8.0/setup.cfg#L97
python-watcherclient	4.8.0	standalone	watcherclient.v1	watcher actionplan update	watcherclient.v1.action_plan_shell:UpdateActionPlan	https://github.com/openstack/python-watcherclient/blob/4.8.0/setup.cfg#L96
python-watcherclient	4.8.0	standalone	watcherclient.v1	watcher audit create	watcherclient.v1.audit_shell:CreateAudit	https://github.com/openstack/python-watcherclient/blob/4.8.0/setup.cfg#L90
python-watcherclient	4.8.0	standalone	watcherclient.v1	watcher audit delete	watcherclient.v1.audit_shell:DeleteAudit	https://github.com/openstack/python-watcherclient/blob/4.8.0/setup.cfg#L92
python-watcherclient	4.8.0	standalone	watcherclient.v1	watcher audit list	watcherclient.v1.audit_shell:ListAudit	https://github.com/openstack/python-watcherclient/blob/4.8.0/setup.cfg#L89
python-watcherclient	4.8.0	standalone	watcherclient.v1	watcher audit show	watcherclient.v1.audit_shell:ShowAudit	https://github.com/openstack/python-watcherclient/blob/4.8.0/setup.cfg#L88
python-watcherclient	4.8.0	standalone	watcherclient.v1	watcher audit update	watcherclient.v1.audit_shell:UpdateAudit	https://github.com/openstack/python-watcherclient/blob/4.8.0/setup.cfg#L91
python-watcherclient	4.8.0	standalone	watcherclient.v1	watcher audittemplate create	watcherclient.v1.audit_template_shell:CreateAuditTemplate	https://github.com/openstack/python-watcherclient/blob/4.8.0/setup.cfg#L84
python-watcherclient	4.8.0	standalone	watcherclient.v1	watcher audittemplate delete	watcherclient.v1.audit_template_shell:DeleteAuditTemplate	https://github.com/openstack/python-watcherclient/blob/4.8.0/setup.cfg#L86
python-watcherclient	4.8.0	standalone	watcherclient.v1	watcher audittemplate list	watcherclient.v1.audit_template_shell:ListAuditTemplate	https://github.com/openstack/python-watcherclient/blob/4.8.0/setup.cfg#L83
python-watcherclient	4.8.0	standalone	watcherclient.v1	watcher audittemplate show	watcherclient.v1.audit_template_shell:ShowAuditTemplate	https://github.com/openstack/python-watcherclient/blob/4.8.0/setup.cfg#L82
python-watcherclient	4.8.0	standalone	watcherclient.v1	watcher audittemplate update	watcherclient.v1.audit_template_shell:UpdateAuditTemplate	https://github.com/openstack/python-watcherclient/blob/4.8.0/setup.cfg#L85
python-watcherclient	4.8.0	standalone	watcherclient.v1	watcher datamodel list	watcherclient.v1.data_model_shell:ListDataModel	https://github.com/openstack/python-watcherclient/blob/4.8.0/setup.cfg#L110
python-watcherclient	4.8.0	standalone	watcherclient.v1	watcher goal list	watcherclient.v1.goal_shell:ListGoal	https://github.com/openstack/python-watcherclient/blob/4.8.0/setup.cfg#L76
python-watcherclient	4.8.0	standalone	watcherclient.v1	watcher goal show	watcherclient.v1.goal_shell:ShowGoal	https://github.com/openstack/python-watcherclient/blob/4.8.0/setup.cfg#L75
python-watcherclient	4.8.0	standalone	watcherclient.v1	watcher scoringengine list	watcherclient.v1.scoring_engine_shell:ListScoringEngine	https://github.com/openstack/python-watcherclient/blob/4.8.0/setup.cfg#L105
python-watcherclient	4.8.0	standalone	watcherclient.v1	watcher scoringengine show	watcherclient.v1.scoring_engine_shell:ShowScoringEngine	https://github.com/openstack/python-watcherclient/blob/4.8.0/setup.cfg#L104
python-watcherclient	4.8.0	standalone	watcherclient.v1	watcher service list	watcherclient.v1.service_shell:ListService	https://github.com/openstack/python-watcherclient/blob/4.8.0/setup.cfg#L108
python-watcherclient	4.8.0	standalone	watcherclient.v1	watcher service show	watcherclient.v1.service_shell:ShowService	https://github.com/openstack/python-watcherclient/blob/4.8.0/setup.cfg#L107
python-watcherclient	4.8.0	standalone	watcherclient.v1	watcher strategy list	watcherclient.v1.strategy_shell:ListStrategy	https://github.com/openstack/python-watcherclient/blob/4.8.0/setup.cfg#L79
python-watcherclient	4.8.0	standalone	watcherclient.v1	watcher strategy show	watcherclient.v1.strategy_shell:ShowStrategy	https://github.com/openstack/python-watcherclient/blob/4.8.0/setup.cfg#L78
python-watcherclient	4.8.0	standalone	watcherclient.v1	watcher strategy state	watcherclient.v1.strategy_shell:StateStrategy	https://github.com/openstack/python-watcherclient/blob/4.8.0/setup.cfg#L80
