component	package	version	namespace	command	capability	ui_status	limitation	custom_changes	scope	cli_source	ui_source
nova	python-openstackclient	7.4.0	openstack.compute.v2	openstack compute agent create	Нет панели управления Nova guest-agent build records.	no	Это compute agents; Neutron agents и nova-compute services — другие ресурсы.	—	Основной	https://github.com/openstack/python-openstackclient/blob/7.4.0/openstackclient/compute/v2/agent.py#L31	https://github.com/openstack/horizon/blob/25.3.0/openstack_dashboard/dashboards/admin/info/tables.py#L104; https://github.com/openstack/horizon/blob/25.3.0/openstack_dashboard/dashboards/admin/hypervisors/compute/tables.py#L97
nova	python-openstackclient	7.4.0	openstack.compute.v2	openstack compute agent delete	Нет панели управления Nova guest-agent build records.	no	Это compute agents; Neutron agents и nova-compute services — другие ресурсы.	—	Основной	https://github.com/openstack/python-openstackclient/blob/7.4.0/openstackclient/compute/v2/agent.py#L82	https://github.com/openstack/horizon/blob/25.3.0/openstack_dashboard/dashboards/admin/info/tables.py#L104; https://github.com/openstack/horizon/blob/25.3.0/openstack_dashboard/dashboards/admin/hypervisors/compute/tables.py#L97
nova	python-openstackclient	7.4.0	openstack.compute.v2	openstack compute agent list	Нет панели управления Nova guest-agent build records.	no	Это compute agents; Neutron agents и nova-compute services — другие ресурсы.	—	Основной	https://github.com/openstack/python-openstackclient/blob/7.4.0/openstackclient/compute/v2/agent.py#L124	https://github.com/openstack/horizon/blob/25.3.0/openstack_dashboard/dashboards/admin/info/tables.py#L104; https://github.com/openstack/horizon/blob/25.3.0/openstack_dashboard/dashboards/admin/hypervisors/compute/tables.py#L97
nova	python-openstackclient	7.4.0	openstack.compute.v2	openstack compute agent set	Нет панели управления Nova guest-agent build records.	no	Это compute agents; Neutron agents и nova-compute services — другие ресурсы.	—	Основной	https://github.com/openstack/python-openstackclient/blob/7.4.0/openstackclient/compute/v2/agent.py#L166	https://github.com/openstack/horizon/blob/25.3.0/openstack_dashboard/dashboards/admin/info/tables.py#L104; https://github.com/openstack/horizon/blob/25.3.0/openstack_dashboard/dashboards/admin/hypervisors/compute/tables.py#L97
nova	python-openstackclient	7.4.0	openstack.compute.v2	openstack aggregate add host	Manage Hosts добавляет выбранный compute-host в aggregate.	yes	Основная операция представлена; действуют права и допустимое состояние ресурса.	—	Основной	https://github.com/openstack/python-openstackclient/blob/7.4.0/openstackclient/compute/v2/aggregate.py#L54	https://github.com/openstack/horizon/blob/25.3.0/openstack_dashboard/dashboards/admin/aggregates/workflows.py#L202; https://github.com/openstack/horizon/blob/25.3.0/openstack_dashboard/dashboards/admin/aggregates/tables.py#L165
nova	python-openstackclient	7.4.0	openstack.compute.v2	openstack aggregate create	Create Host Aggregate: имя, AZ, выбор hosts.	partial	--property задаётся отдельным Update Metadata после создания.	—	Основной	https://github.com/openstack/python-openstackclient/blob/7.4.0/openstackclient/compute/v2/aggregate.py#L87	https://github.com/openstack/horizon/blob/25.3.0/openstack_dashboard/dashboards/admin/aggregates/workflows.py#L165; https://github.com/openstack/horizon/blob/25.3.0/openstack_dashboard/dashboards/admin/aggregates/tables.py#L68
nova	python-openstackclient	7.4.0	openstack.compute.v2	openstack aggregate delete	Удаление aggregate.	yes	Основная операция представлена; действуют права и допустимое состояние ресурса.	—	Основной	https://github.com/openstack/python-openstackclient/blob/7.4.0/openstackclient/compute/v2/aggregate.py#L135	https://github.com/openstack/horizon/blob/25.3.0/openstack_dashboard/dashboards/admin/aggregates/tables.py#L23; https://github.com/openstack/horizon/blob/25.3.0/openstack_dashboard/dashboards/admin/aggregates/tables.py#L162
nova	python-openstackclient	7.4.0	openstack.compute.v2	openstack aggregate list	Таблица name, AZ, hosts и metadata.	yes	Основная операция представлена; действуют права и допустимое состояние ресурса.	—	Основной	https://github.com/openstack/python-openstackclient/blob/7.4.0/openstackclient/compute/v2/aggregate.py#L177	https://github.com/openstack/horizon/blob/25.3.0/openstack_dashboard/dashboards/admin/aggregates/tables.py#L145
nova	python-openstackclient	7.4.0	openstack.compute.v2	openstack aggregate remove host	Manage Hosts удаляет membership хоста.	yes	Основная операция представлена; действуют права и допустимое состояние ресурса.	—	Основной	https://github.com/openstack/python-openstackclient/blob/7.4.0/openstackclient/compute/v2/aggregate.py#L237	https://github.com/openstack/horizon/blob/25.3.0/openstack_dashboard/dashboards/admin/aggregates/workflows.py#L211; https://github.com/openstack/horizon/blob/25.3.0/openstack_dashboard/dashboards/admin/aggregates/tables.py#L165
nova	python-openstackclient	7.4.0	openstack.compute.v2	openstack aggregate set	Edit Aggregate меняет имя/AZ; Update Metadata добавляет/меняет/удаляет свойства.	yes	Выполняется через отдельные формы; удаление всех свойств — выбор всех в редакторе.	—	Основной	https://github.com/openstack/python-openstackclient/blob/7.4.0/openstackclient/compute/v2/aggregate.py#L270	https://github.com/openstack/horizon/blob/25.3.0/openstack_dashboard/dashboards/admin/aggregates/forms.py#L25; https://github.com/openstack/horizon/blob/25.3.0/openstack_dashboard/dashboards/admin/aggregates/tables.py#L68; https://github.com/openstack/horizon/blob/25.3.0/openstack_dashboard/api/rest/nova.py#L684
nova	python-openstackclient	7.4.0	openstack.compute.v2	openstack aggregate show	Данные конкретного aggregate доступны в строке таблицы: имя, AZ, hosts, metadata.	yes	Отдельная detail-страница не требуется для этого отображения.	—	Основной	https://github.com/openstack/python-openstackclient/blob/7.4.0/openstackclient/compute/v2/aggregate.py#L342	https://github.com/openstack/horizon/blob/25.3.0/openstack_dashboard/dashboards/admin/aggregates/tables.py#L145
nova	python-openstackclient	7.4.0	openstack.compute.v2	openstack aggregate unset	Update Metadata удаляет выбранные свойства aggregate.	yes	Основная операция представлена; действуют права и допустимое состояние ресурса.	—	Основной	https://github.com/openstack/python-openstackclient/blob/7.4.0/openstackclient/compute/v2/aggregate.py#L371	https://github.com/openstack/horizon/blob/25.3.0/openstack_dashboard/dashboards/admin/aggregates/tables.py#L68; https://github.com/openstack/horizon/blob/25.3.0/openstack_dashboard/api/rest/nova.py#L684
nova	python-openstackclient	7.4.0	openstack.compute.v2	openstack aggregate cache image	Нет действия предзагрузки image cache на hosts aggregate.	no	Update Metadata не выполняет cache image.	—	Основной	https://github.com/openstack/python-openstackclient/blob/7.4.0/openstackclient/compute/v2/aggregate.py#L406	https://github.com/openstack/horizon/blob/25.3.0/openstack_dashboard/dashboards/admin/aggregates/tables.py#L162
nova	python-openstackclient	7.4.0	openstack.compute.v2	openstack compute service delete	Нет удаления service record.	no	В Compute Host Table есть только enable/disable, evacuation и migration.	N1	Основной	https://github.com/openstack/python-openstackclient/blob/7.4.0/openstackclient/compute/v2/service.py#L31	https://github.com/openstack/horizon/blob/25.3.0/openstack_dashboard/dashboards/admin/hypervisors/compute/tables.py#L139; https://github.com/openstack/horizon/blob/25.3.0/openstack_dashboard/dashboards/admin/info/tables.py#L121
nova	python-openstackclient	7.4.0	openstack.compute.v2	openstack compute service list	System Information показывает Nova services; Hypervisors показывает compute hosts.	yes	Основная операция представлена; действуют права и допустимое состояние ресурса.	N1	Основной	https://github.com/openstack/python-openstackclient/blob/7.4.0/openstackclient/compute/v2/service.py#L78	https://github.com/openstack/horizon/blob/25.3.0/openstack_dashboard/dashboards/admin/info/tables.py#L104; https://github.com/openstack/horizon/blob/25.3.0/openstack_dashboard/dashboards/admin/hypervisors/compute/tables.py#L97
nova	python-openstackclient	7.4.0	openstack.compute.v2	openstack compute service set	Enable/Disable nova-compute; при disable можно указать reason.	partial	Нет forced --up/--down; UI actions ограничены nova-compute, а не произвольным binary.	N1	Основной	https://github.com/openstack/python-openstackclient/blob/7.4.0/openstackclient/compute/v2/service.py#L146	https://github.com/openstack/horizon/blob/25.3.0/openstack_dashboard/dashboards/admin/hypervisors/compute/tables.py#L40; https://github.com/openstack/horizon/blob/25.3.0/openstack_dashboard/dashboards/admin/hypervisors/compute/tables.py#L51; https://github.com/openstack/horizon/blob/25.3.0/openstack_dashboard/dashboards/admin/hypervisors/compute/forms.py#L79
nova	python-openstackclient	7.4.0	openstack.compute.v2	openstack console log show	Вкладка Log получает console output; задаётся длина хвоста.	yes	Основная операция представлена; действуют права и допустимое состояние ресурса.	—	Основной	https://github.com/openstack/python-openstackclient/blob/7.4.0/openstackclient/compute/v2/console.py#L35	https://github.com/openstack/horizon/blob/25.3.0/openstack_dashboard/dashboards/project/instances/tabs.py#L87
nova	python-openstackclient	7.4.0	openstack.compute.v2	openstack console url show	Console открывает VNC, SPICE, RDP, SERIAL или MKS по настройке/AUTO.	partial	Тип выбирается конфигурацией Horizon; нет соответствующего CLI выборщика каждого protocol; отдельный xvpvnc не представлен.	—	Основной	https://github.com/openstack/python-openstackclient/blob/7.4.0/openstackclient/compute/v2/console.py#L77	https://github.com/openstack/horizon/blob/25.3.0/openstack_dashboard/dashboards/project/instances/console.py#L27; https://github.com/openstack/horizon/blob/25.3.0/openstack_dashboard/dashboards/project/instances/tabs.py#L109; https://github.com/openstack/horizon/blob/25.3.0/openstack_dashboard/api/nova.py#L197
nova	python-openstackclient	7.4.0	openstack.compute.v2	openstack flavor create	Create Flavor задаёт ID/name, vCPU, RAM, disk/ephemeral/swap, rxtx и project access.	partial	В штатной Django-форме нет description; extra specs добавляются после создания; отсутствие выбранных projects означает public.	—	Основной	https://github.com/openstack/python-openstackclient/blob/7.4.0/openstackclient/compute/v2/flavor.py#L57	https://github.com/openstack/horizon/blob/25.3.0/openstack_dashboard/dashboards/admin/flavors/workflows.py#L29; https://github.com/openstack/horizon/blob/25.3.0/openstack_dashboard/dashboards/admin/flavors/workflows.py#L192; https://github.com/openstack/horizon/blob/25.3.0/openstack_dashboard/dashboards/admin/flavors/tables.py#L63
nova	python-openstackclient	7.4.0	openstack.compute.v2	openstack flavor delete	Delete Flavor.	yes	Основная операция представлена; действуют права и допустимое состояние ресурса.	—	Основной	https://github.com/openstack/python-openstackclient/blob/7.4.0/openstackclient/compute/v2/flavor.py#L213	https://github.com/openstack/horizon/blob/25.3.0/openstack_dashboard/dashboards/admin/flavors/tables.py#L31; https://github.com/openstack/horizon/blob/25.3.0/openstack_dashboard/dashboards/admin/flavors/tables.py#L167
nova	python-openstackclient	7.4.0	openstack.compute.v2	openstack flavor list	Список flavors с ресурсами, ID, public и extra specs.	yes	Основная операция представлена; действуют права и допустимое состояние ресурса.	—	Основной	https://github.com/openstack/python-openstackclient/blob/7.4.0/openstackclient/compute/v2/flavor.py#L252	https://github.com/openstack/horizon/blob/25.3.0/openstack_dashboard/dashboards/admin/flavors/tables.py#L138
nova	python-openstackclient	7.4.0	openstack.compute.v2	openstack flavor show	Ресурсы/ID/public в таблице; extra specs и project access в соответствующих формах.	partial	Нет полной detail-формы, в частности description не выводится.	—	Основной	https://github.com/openstack/python-openstackclient/blob/7.4.0/openstackclient/compute/v2/flavor.py#L490	https://github.com/openstack/horizon/blob/25.3.0/openstack_dashboard/dashboards/admin/flavors/tables.py#L138; https://github.com/openstack/horizon/blob/25.3.0/openstack_dashboard/dashboards/admin/flavors/tables.py#L89
nova	python-openstackclient	7.4.0	openstack.compute.v2	openstack flavor set	Update Metadata управляет extra specs; Modify Access добавляет projects.	partial	Нет обновления description из CLI --description.	—	Основной	https://github.com/openstack/python-openstackclient/blob/7.4.0/openstackclient/compute/v2/flavor.py#L374	https://github.com/openstack/horizon/blob/25.3.0/openstack_dashboard/dashboards/admin/flavors/tables.py#L167; https://github.com/openstack/horizon/blob/25.3.0/openstack_dashboard/dashboards/admin/flavors/workflows.py#L242; https://github.com/openstack/horizon/blob/25.3.0/openstack_dashboard/api/rest/nova.py#L641
nova	python-openstackclient	7.4.0	openstack.compute.v2	openstack flavor unset	Удаление extra specs и project access.	yes	Основная операция представлена; действуют права и допустимое состояние ресурса.	—	Основной	https://github.com/openstack/python-openstackclient/blob/7.4.0/openstackclient/compute/v2/flavor.py#L539	https://github.com/openstack/horizon/blob/25.3.0/openstack_dashboard/dashboards/admin/flavors/tables.py#L167; https://github.com/openstack/horizon/blob/25.3.0/openstack_dashboard/dashboards/admin/flavors/workflows.py#L269; https://github.com/openstack/horizon/blob/25.3.0/openstack_dashboard/api/rest/nova.py#L655
nova	python-openstackclient	7.4.0	openstack.compute.v2	openstack host list	System Information отображает host/service/zone; compute hosts видны в Hypervisors.	partial	Это современные service/hypervisor представления; legacy /os-hosts напрямую не вызывается. Команда CLI помечена DEPRECATED.	—	Основной	https://github.com/openstack/python-openstackclient/blob/7.4.0/openstackclient/compute/v2/host.py#L25	https://github.com/openstack/horizon/blob/25.3.0/openstack_dashboard/dashboards/admin/info/tables.py#L104; https://github.com/openstack/horizon/blob/25.3.0/openstack_dashboard/dashboards/admin/hypervisors/compute/tables.py#L97
nova	python-openstackclient	7.4.0	openstack.compute.v2	openstack host set	Нет управления legacy /os-hosts status/maintenance_mode.	no	Compute service disable/enable — отдельная операция; её нельзя приравнивать к legacy host maintenance. CLI DEPRECATED.	—	Основной	https://github.com/openstack/python-openstackclient/blob/7.4.0/openstackclient/compute/v2/host.py#L57	https://github.com/openstack/horizon/blob/25.3.0/openstack_dashboard/dashboards/admin/hypervisors/compute/tables.py#L139; https://github.com/openstack/horizon/blob/25.3.0/openstack_dashboard/dashboards/admin/hypervisors/compute/forms.py#L79
nova	python-openstackclient	7.4.0	openstack.compute.v2	openstack host show	Нет legacy /os-hosts/{host} отчёта о ресурсах по projects.	no	Таблицы Hypervisors/Compute Hosts не эквивалентны legacy per-project host resource report. CLI DEPRECATED.	—	Основной	https://github.com/openstack/python-openstackclient/blob/7.4.0/openstackclient/compute/v2/host.py#L115	https://github.com/openstack/horizon/blob/25.3.0/openstack_dashboard/dashboards/admin/hypervisors/tables.py#L21; https://github.com/openstack/horizon/blob/25.3.0/openstack_dashboard/dashboards/admin/hypervisors/views.py#L48
nova	python-openstackclient	7.4.0	openstack.compute.v2	openstack hypervisor list	Таблица Hypervisors показывает hosts, тип, RAM, local storage, число instances.	yes	Основная операция представлена; действуют права и допустимое состояние ресурса.	—	Основной	https://github.com/openstack/python-openstackclient/blob/7.4.0/openstackclient/compute/v2/hypervisor.py#L70	https://github.com/openstack/horizon/blob/25.3.0/openstack_dashboard/dashboards/admin/hypervisors/tables.py#L21
nova	python-openstackclient	7.4.0	openstack.compute.v2	openstack hypervisor show	Строка с ресурсами hypervisor и переход к списку его instances.	partial	DetailView получает hypervisor_search(..., servers=True); не полный hypervisor show с CPU info, uptime и всеми атрибутами.	—	Основной	https://github.com/openstack/python-openstackclient/blob/7.4.0/openstackclient/compute/v2/hypervisor.py#L154	https://github.com/openstack/horizon/blob/25.3.0/openstack_dashboard/dashboards/admin/hypervisors/tables.py#L21; https://github.com/openstack/horizon/blob/25.3.0/openstack_dashboard/dashboards/admin/hypervisors/views.py#L48
nova	python-openstackclient	7.4.0	openstack.compute.v2	openstack hypervisor stats show	На странице Hypervisors выводится сводная статистика ресурсов.	yes	Основная операция представлена; действуют права и допустимое состояние ресурса.	—	Основной	https://github.com/openstack/python-openstackclient/blob/7.4.0/openstackclient/compute/v2/hypervisor_stats.py#L39	https://github.com/openstack/horizon/blob/25.3.0/openstack_dashboard/dashboards/admin/hypervisors/views.py#L28; https://github.com/openstack/horizon/blob/25.3.0/openstack_dashboard/api/nova.py#L817
nova	python-openstackclient	7.4.0	openstack.compute.v2	openstack keypair create	Create Key Pair генерирует ключ выбранного типа; Import Key Pair принимает public key.	partial	Операции для текущего пользователя; нет CLI --user для другого пользователя.	—	Основной	https://github.com/openstack/python-openstackclient/blob/7.4.0/openstackclient/compute/v2/keypair.py#L75	https://github.com/openstack/horizon/blob/25.3.0/openstack_dashboard/dashboards/project/key_pairs/tables.py#L71; https://github.com/openstack/horizon/blob/25.3.0/openstack_dashboard/dashboards/project/key_pairs/tables.py#L85; https://github.com/openstack/horizon/blob/25.3.0/openstack_dashboard/dashboards/project/static/dashboard/project/workflow/launch-instance/keypair/create-keypair.controller.js#L71; https://github.com/openstack/horizon/blob/25.3.0/openstack_dashboard/dashboards/project/key_pairs/forms.py#L39
nova	python-openstackclient	7.4.0	openstack.compute.v2	openstack keypair delete	Delete Key Pair для ключей текущего пользователя.	partial	Нет --user для другого пользователя.	—	Основной	https://github.com/openstack/python-openstackclient/blob/7.4.0/openstackclient/compute/v2/keypair.py#L210	https://github.com/openstack/horizon/blob/25.3.0/openstack_dashboard/dashboards/project/key_pairs/tables.py#L28; https://github.com/openstack/horizon/blob/25.3.0/openstack_dashboard/dashboards/project/key_pairs/tables.py#L133
nova	python-openstackclient	7.4.0	openstack.compute.v2	openstack keypair list	Список ключей текущего пользователя.	partial	Нет --user/--project для административного выбора владельца.	—	Основной	https://github.com/openstack/python-openstackclient/blob/7.4.0/openstackclient/compute/v2/keypair.py#L274	https://github.com/openstack/horizon/blob/25.3.0/openstack_dashboard/dashboards/project/key_pairs/views.py#L37; https://github.com/openstack/horizon/blob/25.3.0/openstack_dashboard/dashboards/project/key_pairs/tables.py#L120
nova	python-openstackclient	7.4.0	openstack.compute.v2	openstack keypair show	DetailView показывает ключ, fingerprint/public key.	partial	Нет --user для другого пользователя.	—	Основной	https://github.com/openstack/python-openstackclient/blob/7.4.0/openstackclient/compute/v2/keypair.py#L386	https://github.com/openstack/horizon/blob/25.3.0/openstack_dashboard/dashboards/project/key_pairs/views.py#L75
nova	python-openstackclient	7.4.0	openstack.compute.v2	openstack server add fixed ip	Attach Interface: network и необязательный fixed IP; создаётся интерфейс.	partial	Нет --tag интерфейса. В 7.4.0 CLI тоже использует create_server_interface, а не legacy addFixedIp.	—	Основной	https://github.com/openstack/python-openstackclient/blob/7.4.0/openstackclient/compute/v2/server.py#L369	https://github.com/openstack/horizon/blob/25.3.0/openstack_dashboard/dashboards/project/instances/forms.py#L291; https://github.com/openstack/horizon/blob/25.3.0/openstack_dashboard/dashboards/project/instances/forms.py#L352; https://github.com/openstack/horizon/blob/25.3.0/openstack_dashboard/dashboards/project/instances/tables.py#L966
nova	python-openstackclient	7.4.0	openstack.compute.v2	openstack server add floating ip	Associate Floating IP связывает адрес с портом/fixed IP instance.	yes	При Neutron операция проходит через networking API.	—	Основной	https://github.com/openstack/python-openstackclient/blob/7.4.0/openstackclient/compute/v2/server.py#L467	https://github.com/openstack/horizon/blob/25.3.0/openstack_dashboard/dashboards/project/instances/tables.py#L680
nova	python-openstackclient	7.4.0	openstack.compute.v2	openstack server add port	Attach Interface по существующему порту.	partial	Нет --tag интерфейса.	—	Основной	https://github.com/openstack/python-openstackclient/blob/7.4.0/openstackclient/compute/v2/server.py#L563	https://github.com/openstack/horizon/blob/25.3.0/openstack_dashboard/dashboards/project/instances/forms.py#L291; https://github.com/openstack/horizon/blob/25.3.0/openstack_dashboard/dashboards/project/instances/forms.py#L352
nova	python-openstackclient	7.4.0	openstack.compute.v2	openstack server add network	Attach Interface по network; порт создаётся при attach.	partial	Нет --tag интерфейса.	—	Основной	https://github.com/openstack/python-openstackclient/blob/7.4.0/openstackclient/compute/v2/server.py#L617	https://github.com/openstack/horizon/blob/25.3.0/openstack_dashboard/dashboards/project/instances/forms.py#L291; https://github.com/openstack/horizon/blob/25.3.0/openstack_dashboard/dashboards/project/instances/forms.py#L352
nova	python-openstackclient	7.4.0	openstack.compute.v2	openstack server add security group	Edit Security Groups добавляет SG; при Neutron обновляются security groups портов instance.	yes	Основная операция представлена; действуют права и допустимое состояние ресурса.	—	Основной	https://github.com/openstack/python-openstackclient/blob/7.4.0/openstackclient/compute/v2/server.py#L672	https://github.com/openstack/horizon/blob/25.3.0/openstack_dashboard/dashboards/project/instances/tables.py#L500; https://github.com/openstack/horizon/blob/25.3.0/openstack_dashboard/dashboards/project/instances/workflows/update_instance.py#L26
nova	python-openstackclient	7.4.0	openstack.compute.v2	openstack server add volume	Attach Volume подключает выбранный том.	partial	Нет tag/delete-on-termination для attachment; device поле скрыто.	—	Основной	https://github.com/openstack/python-openstackclient/blob/7.4.0/openstackclient/compute/v2/server.py#L741	https://github.com/openstack/horizon/blob/25.3.0/openstack_dashboard/dashboards/project/instances/forms.py#L173; https://github.com/openstack/horizon/blob/25.3.0/openstack_dashboard/dashboards/project/instances/forms.py#L208; https://github.com/openstack/horizon/blob/25.3.0/openstack_dashboard/dashboards/project/instances/tables.py#L933
nova	python-openstackclient	7.4.0	openstack.compute.v2	openstack server create	Launch Instance: источники image/snapshot/volume, flavor, AZ, networks/ports, SG, keypair, user data, config drive, metadata, hints/group и число instances.	partial	REST whitelist не принимает CLI hostname, tags, trusted-image-cert, host/hypervisor-hostname как отдельные параметры; нет полного произвольного block-device CLI.	—	Основной	https://github.com/openstack/python-openstackclient/blob/7.4.0/openstackclient/compute/v2/server.py#L1107	https://github.com/openstack/horizon/blob/25.3.0/openstack_dashboard/dashboards/project/static/dashboard/project/workflow/launch-instance/launch-instance-model.service.js#L176; https://github.com/openstack/horizon/blob/25.3.0/openstack_dashboard/api/rest/nova.py#L315; https://github.com/openstack/horizon/blob/25.3.0/openstack_dashboard/dashboards/project/instances/tables.py#L418
nova	python-openstackclient	7.4.0	openstack.compute.v2	openstack server delete	Delete Instance; в admin доступны экземпляры разных projects.	partial	Нет явного force-delete режима (--force).	—	Основной	https://github.com/openstack/python-openstackclient/blob/7.4.0/openstackclient/compute/v2/server.py#L2204	https://github.com/openstack/horizon/blob/25.3.0/openstack_dashboard/dashboards/project/instances/tables.py#L86; https://github.com/openstack/horizon/blob/25.3.0/openstack_dashboard/dashboards/admin/instances/tables.py#L193
nova	python-openstackclient	7.4.0	openstack.compute.v2	openstack server dump create	Нет Trigger Crash Dump действия.	no	Snapshot и console log не заменяют guest crash dump.	—	Основной	https://github.com/openstack/python-openstackclient/blob/7.4.0/openstackclient/compute/v2/server.py#L2175	https://github.com/openstack/horizon/blob/25.3.0/openstack_dashboard/dashboards/project/instances/tables.py#L1295; https://github.com/openstack/horizon/blob/25.3.0/openstack_dashboard/dashboards/admin/instances/tables.py#L196
nova	python-openstackclient	7.4.0	openstack.compute.v2	openstack server evacuate	Evacuate Host вызывает evacuate для экземпляров выбранного хоста; target/shared-storage доступны.	partial	UI действует на host, не на выбранную отдельную VM; нет CLI --password.	N1	Основной	https://github.com/openstack/python-openstackclient/blob/7.4.0/openstackclient/compute/v2/server.py#L3798	https://github.com/openstack/horizon/blob/25.3.0/openstack_dashboard/dashboards/admin/hypervisors/compute/tables.py#L25; https://github.com/openstack/horizon/blob/25.3.0/openstack_dashboard/dashboards/admin/hypervisors/compute/forms.py#L23; https://github.com/openstack/horizon/blob/25.3.0/openstack_dashboard/api/nova.py#L827
nova	python-openstackclient	7.4.0	openstack.compute.v2	openstack server list	Списки instances в Project и Admin.	partial	Нет режима CLI --deleted для инвентаризации удалённых серверов; остальные CLI фильтры шире UI.	—	Основной	https://github.com/openstack/python-openstackclient/blob/7.4.0/openstackclient/compute/v2/server.py#L2306	https://github.com/openstack/horizon/blob/25.3.0/openstack_dashboard/dashboards/project/instances/tables.py#L1232; https://github.com/openstack/horizon/blob/25.3.0/openstack_dashboard/dashboards/admin/instances/tables.py#L129
nova	python-openstackclient	7.4.0	openstack.compute.v2	openstack server lock	Lock Instance.	partial	Нет reason из CLI --reason.	—	Основной	https://github.com/openstack/python-openstackclient/blob/7.4.0/openstackclient/compute/v2/server.py#L3100	https://github.com/openstack/horizon/blob/25.3.0/openstack_dashboard/dashboards/project/instances/tables.py#L869
nova	python-openstackclient	7.4.0	openstack.compute.v2	openstack server migrate	Admin: cold Migrate и Live Migrate; live выбирает host, block-migration/disk-over-commit.	partial	Cold migrate не принимает target host; в API adapter вызов без host.	N1	Основной	https://github.com/openstack/python-openstackclient/blob/7.4.0/openstackclient/compute/v2/server.py#L3158	https://github.com/openstack/horizon/blob/25.3.0/openstack_dashboard/dashboards/admin/instances/tables.py#L49; https://github.com/openstack/horizon/blob/25.3.0/openstack_dashboard/dashboards/admin/instances/forms.py#L28; https://github.com/openstack/horizon/blob/25.3.0/openstack_dashboard/api/nova.py#L605
nova	python-openstackclient	7.4.0	openstack.compute.v2	openstack server migrate confirm	Confirm Resize/Migrate подтверждает операцию в VERIFY_RESIZE.	yes	migrate confirm — deprecated alias; все варианты наследуют тот же CLI ResizeConfirm.	N1	Основной	https://github.com/openstack/python-openstackclient/blob/7.4.0/openstackclient/compute/v2/server.py#L4343	https://github.com/openstack/horizon/blob/25.3.0/openstack_dashboard/dashboards/project/instances/tables.py#L603; https://github.com/openstack/horizon/blob/25.3.0/openstack_dashboard/dashboards/admin/instances/tables.py#L196
nova	python-openstackclient	7.4.0	openstack.compute.v2	openstack server migrate revert	Revert Resize/Migrate откатывает операцию в VERIFY_RESIZE.	yes	migrate revert — deprecated alias; все варианты наследуют тот же CLI ResizeRevert.	N1	Основной	https://github.com/openstack/python-openstackclient/blob/7.4.0/openstackclient/compute/v2/server.py#L4391	https://github.com/openstack/horizon/blob/25.3.0/openstack_dashboard/dashboards/project/instances/tables.py#L623; https://github.com/openstack/horizon/blob/25.3.0/openstack_dashboard/dashboards/admin/instances/tables.py#L196
nova	python-openstackclient	7.4.0	openstack.compute.v2	openstack server migration confirm	Confirm Resize/Migrate подтверждает операцию в VERIFY_RESIZE.	yes	Основная операция представлена; действуют права и допустимое состояние ресурса.	N1	Основной	https://github.com/openstack/python-openstackclient/blob/7.4.0/openstackclient/compute/v2/server.py#L4356	https://github.com/openstack/horizon/blob/25.3.0/openstack_dashboard/dashboards/project/instances/tables.py#L603; https://github.com/openstack/horizon/blob/25.3.0/openstack_dashboard/dashboards/admin/instances/tables.py#L196
nova	python-openstackclient	7.4.0	openstack.compute.v2	openstack server migration revert	Revert Resize/Migrate откатывает операцию в VERIFY_RESIZE.	yes	Основная операция представлена; действуют права и допустимое состояние ресурса.	N1	Основной	https://github.com/openstack/python-openstackclient/blob/7.4.0/openstackclient/compute/v2/server.py#L4404	https://github.com/openstack/horizon/blob/25.3.0/openstack_dashboard/dashboards/project/instances/tables.py#L623; https://github.com/openstack/horizon/blob/25.3.0/openstack_dashboard/dashboards/admin/instances/tables.py#L196
nova	python-openstackclient	7.4.0	openstack.compute.v2	openstack server pause	Pause Instance.	yes	Основная операция представлена; действуют права и допустимое состояние ресурса.	—	Основной	https://github.com/openstack/python-openstackclient/blob/7.4.0/openstackclient/compute/v2/server.py#L3340	https://github.com/openstack/horizon/blob/25.3.0/openstack_dashboard/dashboards/project/instances/tables.py#L224; https://github.com/openstack/horizon/blob/25.3.0/openstack_dashboard/dashboards/project/instances/tables.py#L279
nova	python-openstackclient	7.4.0	openstack.compute.v2	openstack server reboot	Soft Reboot и Hard Reboot.	yes	--wait CLI не сопоставляется отдельной кнопке; UI обновляет состояние асинхронно.	—	Основной	https://github.com/openstack/python-openstackclient/blob/7.4.0/openstackclient/compute/v2/server.py#L3363	https://github.com/openstack/horizon/blob/25.3.0/openstack_dashboard/dashboards/project/instances/tables.py#L117; https://github.com/openstack/horizon/blob/25.3.0/openstack_dashboard/dashboards/project/instances/tables.py#L152
nova	python-openstackclient	7.4.0	openstack.compute.v2	openstack server rebuild	Rebuild: image, password, disk partition и description.	partial	Нет preserve-ephemeral, key replacement, user-data replacement, trusted cert, hostname и reimage-boot-volume опций.	—	Основной	https://github.com/openstack/python-openstackclient/blob/7.4.0/openstackclient/compute/v2/server.py#L3423	https://github.com/openstack/horizon/blob/25.3.0/openstack_dashboard/dashboards/project/instances/forms.py#L39; https://github.com/openstack/horizon/blob/25.3.0/openstack_dashboard/dashboards/project/instances/forms.py#L104
nova	python-openstackclient	7.4.0	openstack.compute.v2	openstack server remove fixed ip	Нет Nova removeFixedIp action по адресу.	no	Detach Interface удаляет интерфейс целиком; редактирование Neutron fixed_ips — другой путь. Не считать автоматической парой к add fixed ip.	—	Основной	https://github.com/openstack/python-openstackclient/blob/7.4.0/openstackclient/compute/v2/server.py#L3916	https://github.com/openstack/horizon/blob/25.3.0/openstack_dashboard/dashboards/project/instances/forms.py#L376; https://github.com/openstack/horizon/blob/25.3.0/openstack_dashboard/dashboards/project/instances/tables.py#L1295
nova	python-openstackclient	7.4.0	openstack.compute.v2	openstack server remove floating ip	Disassociate Floating IP.	yes	Основная операция представлена; действуют права и допустимое состояние ресурса.	—	Основной	https://github.com/openstack/python-openstackclient/blob/7.4.0/openstackclient/compute/v2/server.py#L3944	https://github.com/openstack/horizon/blob/25.3.0/openstack_dashboard/dashboards/project/instances/tables.py#L713; https://github.com/openstack/horizon/blob/25.3.0/openstack_dashboard/dashboards/project/instances/forms.py#L417
nova	python-openstackclient	7.4.0	openstack.compute.v2	openstack server remove port	Detach Interface по выбранному port.	yes	Основная операция представлена; действуют права и допустимое состояние ресурса.	—	Основной	https://github.com/openstack/python-openstackclient/blob/7.4.0/openstackclient/compute/v2/server.py#L3977	https://github.com/openstack/horizon/blob/25.3.0/openstack_dashboard/dashboards/project/instances/forms.py#L376; https://github.com/openstack/horizon/blob/25.3.0/openstack_dashboard/dashboards/project/instances/forms.py#L402
nova	python-openstackclient	7.4.0	openstack.compute.v2	openstack server remove network	Можно отсоединить порты выбранной сети через Detach Interface.	partial	CLI удаляет все interfaces этой network одним вызовом команды; UI выбирает конкретный port, для нескольких нужно повторить.	—	Основной	https://github.com/openstack/python-openstackclient/blob/7.4.0/openstackclient/compute/v2/server.py#L4016	https://github.com/openstack/horizon/blob/25.3.0/openstack_dashboard/dashboards/project/instances/forms.py#L376
nova	python-openstackclient	7.4.0	openstack.compute.v2	openstack server remove security group	Edit Security Groups снимает SG с instance/портов.	yes	Основная операция представлена; действуют права и допустимое состояние ресурса.	—	Основной	https://github.com/openstack/python-openstackclient/blob/7.4.0/openstackclient/compute/v2/server.py#L4056	https://github.com/openstack/horizon/blob/25.3.0/openstack_dashboard/dashboards/project/instances/tables.py#L500; https://github.com/openstack/horizon/blob/25.3.0/openstack_dashboard/dashboards/project/instances/workflows/update_instance.py#L26
nova	python-openstackclient	7.4.0	openstack.compute.v2	openstack server remove volume	Detach Volume.	yes	Основная операция представлена; действуют права и допустимое состояние ресурса.	—	Основной	https://github.com/openstack/python-openstackclient/blob/7.4.0/openstackclient/compute/v2/server.py#L4125	https://github.com/openstack/horizon/blob/25.3.0/openstack_dashboard/dashboards/project/instances/forms.py#L235; https://github.com/openstack/horizon/blob/25.3.0/openstack_dashboard/dashboards/project/instances/forms.py#L267
nova	python-openstackclient	7.4.0	openstack.compute.v2	openstack server rescue	Rescue Instance с image/password.	yes	Основная операция представлена; действуют права и допустимое состояние ресурса.	—	Основной	https://github.com/openstack/python-openstackclient/blob/7.4.0/openstackclient/compute/v2/server.py#L4167	https://github.com/openstack/horizon/blob/25.3.0/openstack_dashboard/dashboards/project/instances/forms.py#L468; https://github.com/openstack/horizon/blob/25.3.0/openstack_dashboard/dashboards/project/instances/tables.py#L180
nova	python-openstackclient	7.4.0	openstack.compute.v2	openstack server resize	Resize Instance выбирает новый flavor; confirm/revert доступны отдельно.	yes	Основная операция представлена; действуют права и допустимое состояние ресурса.	—	Основной	https://github.com/openstack/python-openstackclient/blob/7.4.0/openstackclient/compute/v2/server.py#L4218	https://github.com/openstack/horizon/blob/25.3.0/openstack_dashboard/dashboards/project/instances/tables.py#L578; https://github.com/openstack/horizon/blob/25.3.0/openstack_dashboard/dashboards/project/instances/workflows/resize_instance.py#L104
nova	python-openstackclient	7.4.0	openstack.compute.v2	openstack server resize confirm	Confirm Resize/Migrate подтверждает операцию в VERIFY_RESIZE.	yes	Основная операция представлена; действуют права и допустимое состояние ресурса.	—	Основной	https://github.com/openstack/python-openstackclient/blob/7.4.0/openstackclient/compute/v2/server.py#L4318	https://github.com/openstack/horizon/blob/25.3.0/openstack_dashboard/dashboards/project/instances/tables.py#L603; https://github.com/openstack/horizon/blob/25.3.0/openstack_dashboard/dashboards/admin/instances/tables.py#L196
nova	python-openstackclient	7.4.0	openstack.compute.v2	openstack server resize revert	Revert Resize/Migrate откатывает операцию в VERIFY_RESIZE.	yes	Основная операция представлена; действуют права и допустимое состояние ресурса.	—	Основной	https://github.com/openstack/python-openstackclient/blob/7.4.0/openstackclient/compute/v2/server.py#L4365	https://github.com/openstack/horizon/blob/25.3.0/openstack_dashboard/dashboards/project/instances/tables.py#L623; https://github.com/openstack/horizon/blob/25.3.0/openstack_dashboard/dashboards/admin/instances/tables.py#L196
nova	python-openstackclient	7.4.0	openstack.compute.v2	openstack server restore	Нет восстановления soft-deleted VM.	no	Rebuild/Unshelve не являются server restore.	—	Основной	https://github.com/openstack/python-openstackclient/blob/7.4.0/openstackclient/compute/v2/server.py#L4413	https://github.com/openstack/horizon/blob/25.3.0/openstack_dashboard/dashboards/project/instances/tables.py#L1295; https://github.com/openstack/horizon/blob/25.3.0/openstack_dashboard/dashboards/admin/instances/tables.py#L196
nova	python-openstackclient	7.4.0	openstack.compute.v2	openstack server resume	Resume через Toggle Suspend для SUSPENDED instance.	yes	Основная операция представлена; действуют права и допустимое состояние ресурса.	—	Основной	https://github.com/openstack/python-openstackclient/blob/7.4.0/openstackclient/compute/v2/server.py#L4436	https://github.com/openstack/horizon/blob/25.3.0/openstack_dashboard/dashboards/project/instances/tables.py#L288; https://github.com/openstack/horizon/blob/25.3.0/openstack_dashboard/dashboards/project/instances/tables.py#L343
nova	python-openstackclient	7.4.0	openstack.compute.v2	openstack server set	Edit Instance меняет name/description; Update Metadata меняет properties.	partial	Нет reset-state, root-password/password clear, server tags и hostname.	—	Основной	https://github.com/openstack/python-openstackclient/blob/7.4.0/openstackclient/compute/v2/server.py#L4459	https://github.com/openstack/horizon/blob/25.3.0/openstack_dashboard/dashboards/project/instances/workflows/update_instance.py#L70; https://github.com/openstack/horizon/blob/25.3.0/openstack_dashboard/dashboards/project/instances/tables.py#L733; https://github.com/openstack/horizon/blob/25.3.0/openstack_dashboard/api/rest/nova.py#L475
nova	python-openstackclient	7.4.0	openstack.compute.v2	openstack server shelve	Shelve Instance.	partial	Нет самостоятельного --offload режима (shelveOffload).	—	Основной	https://github.com/openstack/python-openstackclient/blob/7.4.0/openstackclient/compute/v2/server.py#L4620	https://github.com/openstack/horizon/blob/25.3.0/openstack_dashboard/dashboards/project/instances/tables.py#L352; https://github.com/openstack/horizon/blob/25.3.0/openstack_dashboard/dashboards/project/instances/tables.py#L409; https://github.com/openstack/horizon/blob/25.3.0/openstack_dashboard/api/nova.py#L570
nova	python-openstackclient	7.4.0	openstack.compute.v2	openstack server show	Overview instance: основные свойства, IP, security groups, metadata, attached volumes.	partial	Нет CLI --diagnostics и --topology (CPU/NUMA topology); network topology является другим экраном.	—	Основной	https://github.com/openstack/python-openstackclient/blob/7.4.0/openstackclient/compute/v2/server.py#L4729	https://github.com/openstack/horizon/blob/25.3.0/openstack_dashboard/dashboards/project/instances/templates/instances/_detail_overview.html#L1; https://github.com/openstack/horizon/blob/25.3.0/openstack_dashboard/dashboards/project/instances/tabs.py#L32
nova	python-openstackclient	7.4.0	openstack.compute.v2	openstack server ssh	Нет открытия локального SSH-клиента к instance с CLI аргументами.	no	Browser console использует console API и не заменяет SSH.	—	Основной	https://github.com/openstack/python-openstackclient/blob/7.4.0/openstackclient/compute/v2/server.py#L4796	https://github.com/openstack/horizon/blob/25.3.0/openstack_dashboard/dashboards/project/instances/tables.py#L540; https://github.com/openstack/horizon/blob/25.3.0/openstack_dashboard/dashboards/project/instances/console.py#L27
nova	python-openstackclient	7.4.0	openstack.compute.v2	openstack server start	Start Instance.	yes	Основная операция представлена; действуют права и допустимое состояние ресурса.	—	Основной	https://github.com/openstack/python-openstackclient/blob/7.4.0/openstackclient/compute/v2/server.py#L4957	https://github.com/openstack/horizon/blob/25.3.0/openstack_dashboard/dashboards/project/instances/tables.py#L807
nova	python-openstackclient	7.4.0	openstack.compute.v2	openstack server stop	Shut Off/Stop Instance.	yes	Основная операция представлена; действуют права и допустимое состояние ресурса.	—	Основной	https://github.com/openstack/python-openstackclient/blob/7.4.0/openstackclient/compute/v2/server.py#L4992	https://github.com/openstack/horizon/blob/25.3.0/openstack_dashboard/dashboards/project/instances/tables.py#L836; https://github.com/openstack/horizon/blob/25.3.0/openstack_dashboard/dashboards/admin/instances/tables.py#L196
nova	python-openstackclient	7.4.0	openstack.compute.v2	openstack server suspend	Suspend Instance.	yes	Основная операция представлена; действуют права и допустимое состояние ресурса.	—	Основной	https://github.com/openstack/python-openstackclient/blob/7.4.0/openstackclient/compute/v2/server.py#L5026	https://github.com/openstack/horizon/blob/25.3.0/openstack_dashboard/dashboards/project/instances/tables.py#L288; https://github.com/openstack/horizon/blob/25.3.0/openstack_dashboard/dashboards/project/instances/tables.py#L343
nova	python-openstackclient	7.4.0	openstack.compute.v2	openstack server unlock	Unlock Instance.	yes	Основная операция представлена; действуют права и допустимое состояние ресурса.	—	Основной	https://github.com/openstack/python-openstackclient/blob/7.4.0/openstackclient/compute/v2/server.py#L5049	https://github.com/openstack/horizon/blob/25.3.0/openstack_dashboard/dashboards/project/instances/tables.py#L901
nova	python-openstackclient	7.4.0	openstack.compute.v2	openstack server unpause	Unpause через Toggle Pause для PAUSED instance.	yes	Основная операция представлена; действуют права и допустимое состояние ресурса.	—	Основной	https://github.com/openstack/python-openstackclient/blob/7.4.0/openstackclient/compute/v2/server.py#L5072	https://github.com/openstack/horizon/blob/25.3.0/openstack_dashboard/dashboards/project/instances/tables.py#L224; https://github.com/openstack/horizon/blob/25.3.0/openstack_dashboard/dashboards/project/instances/tables.py#L279
nova	python-openstackclient	7.4.0	openstack.compute.v2	openstack server unrescue	Unrescue Instance.	yes	Основная операция представлена; действуют права и допустимое состояние ресурса.	—	Основной	https://github.com/openstack/python-openstackclient/blob/7.4.0/openstackclient/compute/v2/server.py#L5095	https://github.com/openstack/horizon/blob/25.3.0/openstack_dashboard/dashboards/project/instances/tables.py#L195
nova	python-openstackclient	7.4.0	openstack.compute.v2	openstack server unset	Удаление properties через Update Metadata; очистка description через Edit.	partial	Нет удаления server tags/all-tags.	—	Основной	https://github.com/openstack/python-openstackclient/blob/7.4.0/openstackclient/compute/v2/server.py#L5115	https://github.com/openstack/horizon/blob/25.3.0/openstack_dashboard/api/rest/nova.py#L491; https://github.com/openstack/horizon/blob/25.3.0/openstack_dashboard/dashboards/project/instances/workflows/update_instance.py#L70; https://github.com/openstack/horizon/blob/25.3.0/openstack_dashboard/api/nova.py#L599
nova	python-openstackclient	7.4.0	openstack.compute.v2	openstack server unshelve	Unshelve доступен для SHELVED_OFFLOADED.	partial	Нет host/AZ/no-AZ параметров; состояние SHELVED не выбирается UI как unshelve.	—	Основной	https://github.com/openstack/python-openstackclient/blob/7.4.0/openstackclient/compute/v2/server.py#L5211	https://github.com/openstack/horizon/blob/25.3.0/openstack_dashboard/dashboards/project/instances/tables.py#L386; https://github.com/openstack/horizon/blob/25.3.0/openstack_dashboard/api/nova.py#L575
nova	python-openstackclient	7.4.0	openstack.compute.v2	openstack server backup create	Нет Nova server backup с type/rotation.	no	Create Snapshot и Cinder volume backup — другие операции.	—	Основной	https://github.com/openstack/python-openstackclient/blob/7.4.0/openstackclient/compute/v2/server_backup.py#L27	https://github.com/openstack/horizon/blob/25.3.0/openstack_dashboard/dashboards/project/instances/tables.py#L1295; https://github.com/openstack/horizon/blob/25.3.0/openstack_dashboard/dashboards/project/images/snapshots/forms.py#L30
nova	python-openstackclient	7.4.0	openstack.compute.v2	openstack server event list	Вкладка Action Log показывает request ID, action, time, user, message.	partial	Экран открывается для существующего instance; нет CLI обращения к deleted-server UUID и date/pagination режимов.	—	Основной	https://github.com/openstack/python-openstackclient/blob/7.4.0/openstackclient/compute/v2/server_event.py#L105	https://github.com/openstack/horizon/blob/25.3.0/openstack_dashboard/dashboards/project/instances/tabs.py#L140; https://github.com/openstack/horizon/blob/25.3.0/openstack_dashboard/dashboards/project/instances/audit_tables.py#L22
nova	python-openstackclient	7.4.0	openstack.compute.v2	openstack server event show	Нет detail-view отдельного instance action по request ID с вложенными events.	no	Action Log — только плоская таблица; request_id не является ссылкой.	—	Основной	https://github.com/openstack/python-openstackclient/blob/7.4.0/openstackclient/compute/v2/server_event.py#L254	https://github.com/openstack/horizon/blob/25.3.0/openstack_dashboard/dashboards/project/instances/audit_tables.py#L48; https://github.com/openstack/horizon/blob/25.3.0/openstack_dashboard/dashboards/project/instances/tabs.py#L140; https://github.com/openstack/horizon/blob/25.3.0/openstack_dashboard/api/nova.py#L1029
nova	python-openstackclient	7.4.0	openstack.compute.v2	openstack server group create	Create Server Group с name/policy, включая soft policies при поддержке.	partial	Нет CLI --rule max_server_per_host и иных rule полей.	—	Основной	https://github.com/openstack/python-openstackclient/blob/7.4.0/openstackclient/compute/v2/server_group.py#L55	https://github.com/openstack/horizon/blob/25.3.0/openstack_dashboard/static/app/core/server_groups/actions/workflow/workflow.service.js#L40; https://github.com/openstack/horizon/blob/25.3.0/openstack_dashboard/static/app/core/server_groups/actions/actions.module.js#L67
nova	python-openstackclient	7.4.0	openstack.compute.v2	openstack server group delete	Delete Server Group.	yes	Основная операция представлена; действуют права и допустимое состояние ресурса.	—	Основной	https://github.com/openstack/python-openstackclient/blob/7.4.0/openstackclient/compute/v2/server_group.py#L142	https://github.com/openstack/horizon/blob/25.3.0/openstack_dashboard/static/app/core/server_groups/actions/actions.module.js#L47; https://github.com/openstack/horizon/blob/25.3.0/openstack_dashboard/api/rest/nova.py#L454
nova	python-openstackclient	7.4.0	openstack.compute.v2	openstack server group list	Панель Server Groups показывает группы текущего проекта.	partial	Нет --all-projects: adapter вызывает server_groups.list() без all_projects.	—	Основной	https://github.com/openstack/python-openstackclient/blob/7.4.0/openstackclient/compute/v2/server_group.py#L177	https://github.com/openstack/horizon/blob/25.3.0/openstack_dashboard/static/app/core/server_groups/server-groups.module.js#L44; https://github.com/openstack/horizon/blob/25.3.0/openstack_dashboard/api/rest/nova.py#L424; https://github.com/openstack/horizon/blob/25.3.0/openstack_dashboard/api/nova.py#L924
nova	python-openstackclient	7.4.0	openstack.compute.v2	openstack server group show	Details: id/name/policy, project/user при поддержке; members со ссылками.	partial	Не показывает rules вроде max_server_per_host.	—	Основной	https://github.com/openstack/python-openstackclient/blob/7.4.0/openstackclient/compute/v2/server_group.py#L254	https://github.com/openstack/horizon/blob/25.3.0/openstack_dashboard/static/app/core/server_groups/details/overview.controller.js#L40
nova	python-openstackclient	7.4.0	openstack.compute.v2	openstack server image create	Create Snapshot создаёт image из server с именем.	partial	Форма не принимает --property при snapshot; metadata образа можно редактировать отдельно.	—	Основной	https://github.com/openstack/python-openstackclient/blob/7.4.0/openstackclient/compute/v2/server_image.py#L32	https://github.com/openstack/horizon/blob/25.3.0/openstack_dashboard/dashboards/project/instances/tables.py#L527; https://github.com/openstack/horizon/blob/25.3.0/openstack_dashboard/dashboards/project/images/snapshots/forms.py#L30
nova	python-openstackclient	7.4.0	openstack.compute.v2	openstack server migration abort	Нет abort активной migration.	no	Confirm/Revert Resize/Migrate относится к другой фазе и не заменяет это действие.	N1	Основной	https://github.com/openstack/python-openstackclient/blob/7.4.0/openstackclient/compute/v2/server_migration.py#L386	https://github.com/openstack/horizon/blob/25.3.0/openstack_dashboard/dashboards/admin/instances/tables.py#L196; https://github.com/openstack/horizon/blob/25.3.0/openstack_dashboard/dashboards/project/instances/tables.py#L603; https://github.com/openstack/horizon/blob/25.3.0/openstack_dashboard/dashboards/project/instances/tabs.py#L160
nova	python-openstackclient	7.4.0	openstack.compute.v2	openstack server migration force complete	Нет force-complete активной migration.	no	Confirm/Revert Resize/Migrate относится к другой фазе и не заменяет это действие.	N1	Основной	https://github.com/openstack/python-openstackclient/blob/7.4.0/openstackclient/compute/v2/server_migration.py#L453	https://github.com/openstack/horizon/blob/25.3.0/openstack_dashboard/dashboards/admin/instances/tables.py#L196; https://github.com/openstack/horizon/blob/25.3.0/openstack_dashboard/dashboards/project/instances/tables.py#L603; https://github.com/openstack/horizon/blob/25.3.0/openstack_dashboard/dashboards/project/instances/tabs.py#L160
nova	python-openstackclient	7.4.0	openstack.compute.v2	openstack server migration list	Нет списка migration records с IDs/status/source/destination.	no	Confirm/Revert Resize/Migrate относится к другой фазе и не заменяет это действие.	N1	Основной	https://github.com/openstack/python-openstackclient/blob/7.4.0/openstackclient/compute/v2/server_migration.py#L27	https://github.com/openstack/horizon/blob/25.3.0/openstack_dashboard/dashboards/admin/instances/tables.py#L196; https://github.com/openstack/horizon/blob/25.3.0/openstack_dashboard/dashboards/project/instances/tables.py#L603; https://github.com/openstack/horizon/blob/25.3.0/openstack_dashboard/dashboards/project/instances/tabs.py#L160
nova	python-openstackclient	7.4.0	openstack.compute.v2	openstack server migration show	Нет detail-view migration record по ID.	no	Confirm/Revert Resize/Migrate относится к другой фазе и не заменяет это действие.	N1	Основной	https://github.com/openstack/python-openstackclient/blob/7.4.0/openstackclient/compute/v2/server_migration.py#L269	https://github.com/openstack/horizon/blob/25.3.0/openstack_dashboard/dashboards/admin/instances/tables.py#L196; https://github.com/openstack/horizon/blob/25.3.0/openstack_dashboard/dashboards/project/instances/tables.py#L603; https://github.com/openstack/horizon/blob/25.3.0/openstack_dashboard/dashboards/project/instances/tabs.py#L160
nova	python-openstackclient	7.4.0	openstack.compute.v2	openstack server volume list	Overview перечисляет attached volumes и device; Detach Volume загружает attachments.	partial	Не полный вывод attachment metadata/tag/delete_on_termination из современных API.	—	Основной	https://github.com/openstack/python-openstackclient/blob/7.4.0/openstackclient/compute/v2/server_volume.py#L25	https://github.com/openstack/horizon/blob/25.3.0/openstack_dashboard/dashboards/project/instances/templates/instances/_detail_overview.html#L158; https://github.com/openstack/horizon/blob/25.3.0/openstack_dashboard/dashboards/project/instances/forms.py#L235
nova	python-openstackclient	7.4.0	openstack.compute.v2	openstack server volume set	Нет изменения delete_on_termination существующего attachment.	no	Флаг при boot-volume создании не является редактированием существующего attachment.	—	Основной	https://github.com/openstack/python-openstackclient/blob/7.4.0/openstackclient/compute/v2/server_volume.py#L81	https://github.com/openstack/horizon/blob/25.3.0/openstack_dashboard/dashboards/project/instances/tables.py#L933; https://github.com/openstack/horizon/blob/25.3.0/openstack_dashboard/dashboards/project/instances/forms.py#L173
nova	python-openstackclient	7.4.0	openstack.compute.v2	openstack server volume update	Нет изменения delete_on_termination существующего attachment.	no	volume update — deprecated alias server volume set.	—	Основной	https://github.com/openstack/python-openstackclient/blob/7.4.0/openstackclient/compute/v2/server_volume.py#L146	https://github.com/openstack/horizon/blob/25.3.0/openstack_dashboard/dashboards/project/instances/tables.py#L933; https://github.com/openstack/horizon/blob/25.3.0/openstack_dashboard/dashboards/project/instances/forms.py#L173
nova	python-openstackclient	7.4.0	openstack.compute.v2	openstack usage list	Admin Overview: usage всех projects за выбранный период, CSV.	yes	Основная операция представлена; действуют права и допустимое состояние ресурса.	—	Основной	https://github.com/openstack/python-openstackclient/blob/7.4.0/openstackclient/compute/v2/usage.py#L108	https://github.com/openstack/horizon/blob/25.3.0/openstack_dashboard/dashboards/admin/overview/views.py#L46; https://github.com/openstack/horizon/blob/25.3.0/openstack_dashboard/usage/base.py#L154
nova	python-openstackclient	7.4.0	openstack.compute.v2	openstack usage show	Project Overview и Identity Project Usage: usage проекта за период, CSV.	yes	Основная операция представлена; действуют права и допустимое состояние ресурса.	—	Основной	https://github.com/openstack/python-openstackclient/blob/7.4.0/openstackclient/compute/v2/usage.py#L209	https://github.com/openstack/horizon/blob/25.3.0/openstack_dashboard/dashboards/project/overview/views.py#L56; https://github.com/openstack/horizon/blob/25.3.0/openstack_dashboard/dashboards/identity/projects/views.py#L141; https://github.com/openstack/horizon/blob/25.3.0/openstack_dashboard/usage/base.py#L161
neutron	python-openstackclient	7.4.0	openstack.network.v2	openstack address group create	Создать — Создать: группа IP/CIDR.	no	Нет панели address groups и выбора remote_address_group в Security Groups.	—	Основной	https://github.com/openstack/python-openstackclient/blob/7.4.0/openstackclient/network/v2/address_group.py#L60	https://github.com/openstack/horizon/tree/25.3.0/openstack_dashboard/enabled; https://github.com/openstack/horizon/tree/25.3.0/openstack_dashboard/dashboards; https://github.com/openstack/horizon/tree/25.3.0/openstack_dashboard/static/app/core
neutron	python-openstackclient	7.4.0	openstack.network.v2	openstack address group delete	Удалить — Удалить: группа IP/CIDR.	no	Нет панели address groups и выбора remote_address_group в Security Groups.	—	Основной	https://github.com/openstack/python-openstackclient/blob/7.4.0/openstackclient/network/v2/address_group.py#L107	https://github.com/openstack/horizon/tree/25.3.0/openstack_dashboard/enabled; https://github.com/openstack/horizon/tree/25.3.0/openstack_dashboard/dashboards; https://github.com/openstack/horizon/tree/25.3.0/openstack_dashboard/static/app/core
neutron	python-openstackclient	7.4.0	openstack.network.v2	openstack address group list	Перечислить — Перечислить: группа IP/CIDR.	no	Нет панели address groups и выбора remote_address_group в Security Groups.	—	Основной	https://github.com/openstack/python-openstackclient/blob/7.4.0/openstackclient/network/v2/address_group.py#L147	https://github.com/openstack/horizon/tree/25.3.0/openstack_dashboard/enabled; https://github.com/openstack/horizon/tree/25.3.0/openstack_dashboard/dashboards; https://github.com/openstack/horizon/tree/25.3.0/openstack_dashboard/static/app/core
neutron	python-openstackclient	7.4.0	openstack.network.v2	openstack address group set	Изменить — Изменить: группа IP/CIDR.	no	Нет панели address groups и выбора remote_address_group в Security Groups.	—	Основной	https://github.com/openstack/python-openstackclient/blob/7.4.0/openstackclient/network/v2/address_group.py#L212	https://github.com/openstack/horizon/tree/25.3.0/openstack_dashboard/enabled; https://github.com/openstack/horizon/tree/25.3.0/openstack_dashboard/dashboards; https://github.com/openstack/horizon/tree/25.3.0/openstack_dashboard/static/app/core
neutron	python-openstackclient	7.4.0	openstack.network.v2	openstack address group show	Показать — Показать: группа IP/CIDR.	no	Нет панели address groups и выбора remote_address_group в Security Groups.	—	Основной	https://github.com/openstack/python-openstackclient/blob/7.4.0/openstackclient/network/v2/address_group.py#L264	https://github.com/openstack/horizon/tree/25.3.0/openstack_dashboard/enabled; https://github.com/openstack/horizon/tree/25.3.0/openstack_dashboard/dashboards; https://github.com/openstack/horizon/tree/25.3.0/openstack_dashboard/static/app/core
neutron	python-openstackclient	7.4.0	openstack.network.v2	openstack address group unset	Снять параметры — Снять параметры: группа IP/CIDR.	no	Нет панели address groups и выбора remote_address_group в Security Groups.	—	Основной	https://github.com/openstack/python-openstackclient/blob/7.4.0/openstackclient/network/v2/address_group.py#L288	https://github.com/openstack/horizon/tree/25.3.0/openstack_dashboard/enabled; https://github.com/openstack/horizon/tree/25.3.0/openstack_dashboard/dashboards; https://github.com/openstack/horizon/tree/25.3.0/openstack_dashboard/static/app/core
neutron	python-openstackclient	7.4.0	openstack.network.v2	openstack address scope create	Создать — Создать: область адресного пространства.	no	Нет отдельного интерфейса address scopes; это не подсеть и не security group.	—	Основной	https://github.com/openstack/python-openstackclient/blob/7.4.0/openstackclient/network/v2/address_scope.py#L61	https://github.com/openstack/horizon/tree/25.3.0/openstack_dashboard/enabled; https://github.com/openstack/horizon/tree/25.3.0/openstack_dashboard/dashboards; https://github.com/openstack/horizon/tree/25.3.0/openstack_dashboard/static/app/core
neutron	python-openstackclient	7.4.0	openstack.network.v2	openstack address scope delete	Удалить — Удалить: область адресного пространства.	no	Нет отдельного интерфейса address scopes; это не подсеть и не security group.	—	Основной	https://github.com/openstack/python-openstackclient/blob/7.4.0/openstackclient/network/v2/address_scope.py#L112	https://github.com/openstack/horizon/tree/25.3.0/openstack_dashboard/enabled; https://github.com/openstack/horizon/tree/25.3.0/openstack_dashboard/dashboards; https://github.com/openstack/horizon/tree/25.3.0/openstack_dashboard/static/app/core
neutron	python-openstackclient	7.4.0	openstack.network.v2	openstack address scope list	Перечислить — Перечислить: область адресного пространства.	no	Нет отдельного интерфейса address scopes; это не подсеть и не security group.	—	Основной	https://github.com/openstack/python-openstackclient/blob/7.4.0/openstackclient/network/v2/address_scope.py#L154	https://github.com/openstack/horizon/tree/25.3.0/openstack_dashboard/enabled; https://github.com/openstack/horizon/tree/25.3.0/openstack_dashboard/dashboards; https://github.com/openstack/horizon/tree/25.3.0/openstack_dashboard/static/app/core
neutron	python-openstackclient	7.4.0	openstack.network.v2	openstack address scope set	Изменить — Изменить: область адресного пространства.	no	Нет отдельного интерфейса address scopes; это не подсеть и не security group.	—	Основной	https://github.com/openstack/python-openstackclient/blob/7.4.0/openstackclient/network/v2/address_scope.py#L248	https://github.com/openstack/horizon/tree/25.3.0/openstack_dashboard/enabled; https://github.com/openstack/horizon/tree/25.3.0/openstack_dashboard/dashboards; https://github.com/openstack/horizon/tree/25.3.0/openstack_dashboard/static/app/core
neutron	python-openstackclient	7.4.0	openstack.network.v2	openstack address scope show	Показать — Показать: область адресного пространства.	no	Нет отдельного интерфейса address scopes; это не подсеть и не security group.	—	Основной	https://github.com/openstack/python-openstackclient/blob/7.4.0/openstackclient/network/v2/address_scope.py#L293	https://github.com/openstack/horizon/tree/25.3.0/openstack_dashboard/enabled; https://github.com/openstack/horizon/tree/25.3.0/openstack_dashboard/dashboards; https://github.com/openstack/horizon/tree/25.3.0/openstack_dashboard/static/app/core
neutron	python-openstackclient	7.4.0	openstack.network.v2	openstack floating ip create	Создать — Выделить floating IP из внешней сети; Allocate IP в Project/Admin.	yes	UI предлагает адрес, описание и DNS-поля; произвольные CLI-параметры, включая QoS policy, представлены не все.	—	Основной	https://github.com/openstack/python-openstackclient/blob/7.4.0/openstackclient/network/v2/floating_ip.py#L95	https://github.com/openstack/horizon/blob/25.3.0/openstack_dashboard/dashboards/project/floating_ips/forms.py#L30
neutron	python-openstackclient	7.4.0	openstack.network.v2	openstack floating ip delete	Удалить — Release IPs / таблица Floating IPs.	yes	Операции и список доступны в Project/Admin; действуют права и квота.	—	Основной	https://github.com/openstack/python-openstackclient/blob/7.4.0/openstackclient/network/v2/floating_ip.py#L209	https://github.com/openstack/horizon/blob/25.3.0/openstack_dashboard/dashboards/project/floating_ips/tables.py#L324
neutron	python-openstackclient	7.4.0	openstack.network.v2	openstack floating ip list	Перечислить — Release IPs / таблица Floating IPs.	yes	Операции и список доступны в Project/Admin; действуют права и квота.	—	Основной	https://github.com/openstack/python-openstackclient/blob/7.4.0/openstackclient/network/v2/floating_ip.py#L236	https://github.com/openstack/horizon/blob/25.3.0/openstack_dashboard/dashboards/project/floating_ips/tables.py#L324
neutron	python-openstackclient	7.4.0	openstack.network.v2	openstack floating ip set	Изменить — Associate IP связывает адрес с портом/фиксированным IP.	partial	Нет общего Edit Floating IP для изменения description, QoS policy и тегов.	—	Основной	https://github.com/openstack/python-openstackclient/blob/7.4.0/openstackclient/network/v2/floating_ip.py#L441	https://github.com/openstack/horizon/blob/25.3.0/openstack_dashboard/dashboards/project/floating_ips/workflows.py#L153; https://github.com/openstack/horizon/blob/25.3.0/openstack_dashboard/dashboards/project/floating_ips/tables.py#L324
neutron	python-openstackclient	7.4.0	openstack.network.v2	openstack floating ip show	Показать — Посмотреть floating IP и связанную сеть/порт в деталях Admin.	yes	Не заявляется равенство всех дополнительных колонок API.	—	Основной	https://github.com/openstack/python-openstackclient/blob/7.4.0/openstackclient/network/v2/floating_ip.py#L522	https://github.com/openstack/horizon/blob/25.3.0/openstack_dashboard/dashboards/admin/floating_ips/templates/floating_ips/detail.html#L1
neutron	python-openstackclient	7.4.0	openstack.network.v2	openstack floating ip unset	Снять параметры — Disassociate IP снимает связь с портом.	partial	Снятие QoS policy/тегов этим UI не представлено.	—	Основной	https://github.com/openstack/python-openstackclient/blob/7.4.0/openstackclient/network/v2/floating_ip.py#L549	https://github.com/openstack/horizon/blob/25.3.0/openstack_dashboard/dashboards/project/floating_ips/tables.py#L219
neutron	python-openstackclient	7.4.0	openstack.network.v2	openstack floating ip pool list	Перечислить — Список pools показан при Allocate IP.	partial	Это список выбора в форме, а не самостоятельная таблица всех external network pool attributes.	—	Основной	https://github.com/openstack/python-openstackclient/blob/7.4.0/openstackclient/network/v2/floating_ip_pool.py#L22	https://github.com/openstack/horizon/blob/25.3.0/openstack_dashboard/dashboards/project/floating_ips/forms.py#L30
neutron	python-openstackclient	7.4.0	openstack.network.v2	openstack floating ip port forwarding create	Создать — Configure/List All Floating IP Port Forwarding Rules: создать, удалить, перечислить, изменить правило.	yes	Доступ через Floating IPs, скрытая навигационная панель; нужны соответствующие Neutron extensions. UI поддерживает TCP/UDP, диапазоны портов, internal IP и description.	—	Основной	https://github.com/openstack/python-openstackclient/blob/7.4.0/openstackclient/network/v2/floating_ip_port_forwarding.py#L95	https://github.com/openstack/horizon/blob/25.3.0/openstack_dashboard/dashboards/project/floating_ip_portforwardings/tables.py#L131; https://github.com/openstack/horizon/blob/25.3.0/openstack_dashboard/dashboards/project/floating_ip_portforwardings/workflows.py#L60
neutron	python-openstackclient	7.4.0	openstack.network.v2	openstack floating ip port forwarding delete	Удалить — Configure/List All Floating IP Port Forwarding Rules: создать, удалить, перечислить, изменить правило.	yes	Доступ через Floating IPs, скрытая навигационная панель; нужны соответствующие Neutron extensions. UI поддерживает TCP/UDP, диапазоны портов, internal IP и description.	—	Основной	https://github.com/openstack/python-openstackclient/blob/7.4.0/openstackclient/network/v2/floating_ip_port_forwarding.py#L198	https://github.com/openstack/horizon/blob/25.3.0/openstack_dashboard/dashboards/project/floating_ip_portforwardings/tables.py#L131; https://github.com/openstack/horizon/blob/25.3.0/openstack_dashboard/dashboards/project/floating_ip_portforwardings/workflows.py#L60
neutron	python-openstackclient	7.4.0	openstack.network.v2	openstack floating ip port forwarding list	Перечислить — Configure/List All Floating IP Port Forwarding Rules: создать, удалить, перечислить, изменить правило.	yes	Доступ через Floating IPs, скрытая навигационная панель; нужны соответствующие Neutron extensions. UI поддерживает TCP/UDP, диапазоны портов, internal IP и description.	—	Основной	https://github.com/openstack/python-openstackclient/blob/7.4.0/openstackclient/network/v2/floating_ip_port_forwarding.py#L251	https://github.com/openstack/horizon/blob/25.3.0/openstack_dashboard/dashboards/project/floating_ip_portforwardings/tables.py#L131; https://github.com/openstack/horizon/blob/25.3.0/openstack_dashboard/dashboards/project/floating_ip_portforwardings/workflows.py#L60
neutron	python-openstackclient	7.4.0	openstack.network.v2	openstack floating ip port forwarding set	Изменить — Configure/List All Floating IP Port Forwarding Rules: создать, удалить, перечислить, изменить правило.	yes	Доступ через Floating IPs, скрытая навигационная панель; нужны соответствующие Neutron extensions. UI поддерживает TCP/UDP, диапазоны портов, internal IP и description.	—	Основной	https://github.com/openstack/python-openstackclient/blob/7.4.0/openstackclient/network/v2/floating_ip_port_forwarding.py#L351	https://github.com/openstack/horizon/blob/25.3.0/openstack_dashboard/dashboards/project/floating_ip_portforwardings/tables.py#L131; https://github.com/openstack/horizon/blob/25.3.0/openstack_dashboard/dashboards/project/floating_ip_portforwardings/workflows.py#L60
neutron	python-openstackclient	7.4.0	openstack.network.v2	openstack floating ip port forwarding show	Показать — Правило видно в таблице и предзаполненной Edit-форме.	partial	Отдельного DetailView по UUID нет; таблица показывает основные параметры перенаправления.	—	Основной	https://github.com/openstack/python-openstackclient/blob/7.4.0/openstackclient/network/v2/floating_ip_port_forwarding.py#L451	https://github.com/openstack/horizon/blob/25.3.0/openstack_dashboard/dashboards/project/floating_ip_portforwardings/tables.py#L131; https://github.com/openstack/horizon/blob/25.3.0/openstack_dashboard/dashboards/project/floating_ip_portforwardings/views.py#L35
neutron	python-openstackclient	7.4.0	openstack.network.v2	openstack ip availability list	Перечислить — Used IPs / Free IPs подсетей в Admin → Networks → конкретная сеть.	partial	Нет общей таблицы availability по всем сетям; вывод Free IPs ограничен представлением, нужен network-ip-availability.	—	Основной	https://github.com/openstack/python-openstackclient/blob/7.4.0/openstackclient/network/v2/ip_availability.py#L38	https://github.com/openstack/horizon/blob/25.3.0/openstack_dashboard/dashboards/admin/networks/subnets/tables.py#L63
neutron	python-openstackclient	7.4.0	openstack.network.v2	openstack ip availability show	Показать — Used IPs / Free IPs подсетей в Admin → Networks → конкретная сеть.	partial	Нет общей таблицы availability по всем сетям; вывод Free IPs ограничен представлением, нужен network-ip-availability.	—	Основной	https://github.com/openstack/python-openstackclient/blob/7.4.0/openstackclient/network/v2/ip_availability.py#L104	https://github.com/openstack/horizon/blob/25.3.0/openstack_dashboard/dashboards/admin/networks/subnets/tables.py#L63
neutron	python-openstackclient	7.4.0	openstack.network.v2	openstack local ip create	Создать — Создать: Local IP Neutron.	no	Нет панели Local IP; Floating IP — другой ресурс.	—	Основной	https://github.com/openstack/python-openstackclient/blob/7.4.0/openstackclient/network/v2/local_ip.py#L71	https://github.com/openstack/horizon/tree/25.3.0/openstack_dashboard/enabled; https://github.com/openstack/horizon/tree/25.3.0/openstack_dashboard/dashboards; https://github.com/openstack/horizon/tree/25.3.0/openstack_dashboard/static/app/core
neutron	python-openstackclient	7.4.0	openstack.network.v2	openstack local ip delete	Удалить — Удалить: Local IP Neutron.	no	Нет панели Local IP; Floating IP — другой ресурс.	—	Основной	https://github.com/openstack/python-openstackclient/blob/7.4.0/openstackclient/network/v2/local_ip.py#L118	https://github.com/openstack/horizon/tree/25.3.0/openstack_dashboard/enabled; https://github.com/openstack/horizon/tree/25.3.0/openstack_dashboard/dashboards; https://github.com/openstack/horizon/tree/25.3.0/openstack_dashboard/static/app/core
neutron	python-openstackclient	7.4.0	openstack.network.v2	openstack local ip list	Перечислить — Перечислить: Local IP Neutron.	no	Нет панели Local IP; Floating IP — другой ресурс.	—	Основной	https://github.com/openstack/python-openstackclient/blob/7.4.0/openstackclient/network/v2/local_ip.py#L190	https://github.com/openstack/horizon/tree/25.3.0/openstack_dashboard/enabled; https://github.com/openstack/horizon/tree/25.3.0/openstack_dashboard/dashboards; https://github.com/openstack/horizon/tree/25.3.0/openstack_dashboard/static/app/core
neutron	python-openstackclient	7.4.0	openstack.network.v2	openstack local ip set	Изменить — Изменить: Local IP Neutron.	no	Нет панели Local IP; Floating IP — другой ресурс.	—	Основной	https://github.com/openstack/python-openstackclient/blob/7.4.0/openstackclient/network/v2/local_ip.py#L158	https://github.com/openstack/horizon/tree/25.3.0/openstack_dashboard/enabled; https://github.com/openstack/horizon/tree/25.3.0/openstack_dashboard/dashboards; https://github.com/openstack/horizon/tree/25.3.0/openstack_dashboard/static/app/core
neutron	python-openstackclient	7.4.0	openstack.network.v2	openstack local ip show	Показать — Показать: Local IP Neutron.	no	Нет панели Local IP; Floating IP — другой ресурс.	—	Основной	https://github.com/openstack/python-openstackclient/blob/7.4.0/openstackclient/network/v2/local_ip.py#L297	https://github.com/openstack/horizon/tree/25.3.0/openstack_dashboard/enabled; https://github.com/openstack/horizon/tree/25.3.0/openstack_dashboard/dashboards; https://github.com/openstack/horizon/tree/25.3.0/openstack_dashboard/static/app/core
neutron	python-openstackclient	7.4.0	openstack.network.v2	openstack local ip association create	Создать — Создать: ассоциация Local IP с портом.	no	Нет действий управления Local IP associations.	—	Основной	https://github.com/openstack/python-openstackclient/blob/7.4.0/openstackclient/network/v2/local_ip_association.py#L38	https://github.com/openstack/horizon/tree/25.3.0/openstack_dashboard/enabled; https://github.com/openstack/horizon/tree/25.3.0/openstack_dashboard/dashboards; https://github.com/openstack/horizon/tree/25.3.0/openstack_dashboard/static/app/core
neutron	python-openstackclient	7.4.0	openstack.network.v2	openstack local ip association delete	Удалить — Удалить: ассоциация Local IP с портом.	no	Нет действий управления Local IP associations.	—	Основной	https://github.com/openstack/python-openstackclient/blob/7.4.0/openstackclient/network/v2/local_ip_association.py#L84	https://github.com/openstack/horizon/tree/25.3.0/openstack_dashboard/enabled; https://github.com/openstack/horizon/tree/25.3.0/openstack_dashboard/dashboards; https://github.com/openstack/horizon/tree/25.3.0/openstack_dashboard/static/app/core
neutron	python-openstackclient	7.4.0	openstack.network.v2	openstack local ip association list	Перечислить — Перечислить: ассоциация Local IP с портом.	no	Нет действий управления Local IP associations.	—	Основной	https://github.com/openstack/python-openstackclient/blob/7.4.0/openstackclient/network/v2/local_ip_association.py#L139	https://github.com/openstack/horizon/tree/25.3.0/openstack_dashboard/enabled; https://github.com/openstack/horizon/tree/25.3.0/openstack_dashboard/dashboards; https://github.com/openstack/horizon/tree/25.3.0/openstack_dashboard/static/app/core
neutron	python-openstackclient	7.4.0	openstack.network.v2	openstack network agent add network	Add DHCP Agent у сети связывает сеть с DHCP agent.	yes	Нужен dhcp_agent_scheduler; это назначение DHCP, не произвольного типа agent.	—	Основной	https://github.com/openstack/python-openstackclient/blob/7.4.0/openstackclient/network/v2/network_agent.py#L59	https://github.com/openstack/horizon/blob/25.3.0/openstack_dashboard/dashboards/admin/networks/agents/tables.py#L31; https://github.com/openstack/horizon/blob/25.3.0/openstack_dashboard/dashboards/admin/networks/agents/forms.py#L25
neutron	python-openstackclient	7.4.0	openstack.network.v2	openstack network agent add router	Нет соответствующего действия над network agent.	no	View Routers показывает размещенные routers, но не добавляет/удаляет L3 bindings; в NetworkAgentsTable нет enable/disable/delete. Delete DHCP Agent отвязывает сеть.	—	Основной	https://github.com/openstack/python-openstackclient/blob/7.4.0/openstackclient/network/v2/network_agent.py#L96	https://github.com/openstack/horizon/blob/25.3.0/openstack_dashboard/dashboards/admin/info/tables.py#L185; https://github.com/openstack/horizon/blob/25.3.0/openstack_dashboard/dashboards/admin/networks/agents/tables.py#L31
neutron	python-openstackclient	7.4.0	openstack.network.v2	openstack network agent delete	Удалить — Нет соответствующего действия над network agent.	no	View Routers показывает размещенные routers, но не добавляет/удаляет L3 bindings; в NetworkAgentsTable нет enable/disable/delete. Delete DHCP Agent отвязывает сеть.	—	Основной	https://github.com/openstack/python-openstackclient/blob/7.4.0/openstackclient/network/v2/network_agent.py#L125	https://github.com/openstack/horizon/blob/25.3.0/openstack_dashboard/dashboards/admin/info/tables.py#L185; https://github.com/openstack/horizon/blob/25.3.0/openstack_dashboard/dashboards/admin/networks/agents/tables.py#L31
neutron	python-openstackclient	7.4.0	openstack.network.v2	openstack network agent list	Перечислить — Admin → System Information → Network Agents.	yes	Показаны тип, binary, host, AZ, enabled/alive, heartbeat; нужен extension agent.	—	Основной	https://github.com/openstack/python-openstackclient/blob/7.4.0/openstackclient/network/v2/network_agent.py#L165	https://github.com/openstack/horizon/blob/25.3.0/openstack_dashboard/dashboards/admin/info/tables.py#L202
neutron	python-openstackclient	7.4.0	openstack.network.v2	openstack network agent remove network	Delete DHCP Agent у сети удаляет назначение сети этому DHCP agent.	yes	Несмотря на текст Delete DHCP Agent, сам agent не удаляется: вызывается remove_network_from_dhcp_agent.	—	Основной	https://github.com/openstack/python-openstackclient/blob/7.4.0/openstackclient/network/v2/network_agent.py#L290	https://github.com/openstack/horizon/blob/25.3.0/openstack_dashboard/dashboards/admin/networks/agents/tables.py#L31
neutron	python-openstackclient	7.4.0	openstack.network.v2	openstack network agent remove router	Нет соответствующего действия над network agent.	no	View Routers показывает размещенные routers, но не добавляет/удаляет L3 bindings; в NetworkAgentsTable нет enable/disable/delete. Delete DHCP Agent отвязывает сеть.	—	Основной	https://github.com/openstack/python-openstackclient/blob/7.4.0/openstackclient/network/v2/network_agent.py#L326	https://github.com/openstack/horizon/blob/25.3.0/openstack_dashboard/dashboards/admin/info/tables.py#L185; https://github.com/openstack/horizon/blob/25.3.0/openstack_dashboard/dashboards/admin/networks/agents/tables.py#L31
neutron	python-openstackclient	7.4.0	openstack.network.v2	openstack network agent set	Изменить — Нет соответствующего действия над network agent.	no	View Routers показывает размещенные routers, но не добавляет/удаляет L3 bindings; в NetworkAgentsTable нет enable/disable/delete. Delete DHCP Agent отвязывает сеть.	—	Основной	https://github.com/openstack/python-openstackclient/blob/7.4.0/openstackclient/network/v2/network_agent.py#L359	https://github.com/openstack/horizon/blob/25.3.0/openstack_dashboard/dashboards/admin/info/tables.py#L185; https://github.com/openstack/horizon/blob/25.3.0/openstack_dashboard/dashboards/admin/networks/agents/tables.py#L31
neutron	python-openstackclient	7.4.0	openstack.network.v2	openstack network agent show	Показать — Основные свойства agent видны в строке Network Agents.	partial	Отдельной страницы agent с configurations/полным ответом API нет.	—	Основной	https://github.com/openstack/python-openstackclient/blob/7.4.0/openstackclient/network/v2/network_agent.py#L398	https://github.com/openstack/horizon/blob/25.3.0/openstack_dashboard/dashboards/admin/info/tables.py#L202
neutron	python-openstackclient	7.4.0	openstack.network.v2	openstack network auto allocated topology create	Создать — Создать: автоматически выделяемая топология проекта.	no	Network Topology визуализирует имеющуюся сеть; действий auto-allocated-topology create/delete нет.	—	Основной	https://github.com/openstack/python-openstackclient/blob/7.4.0/openstackclient/network/v2/network_auto_allocated_topology.py#L64	https://github.com/openstack/horizon/tree/25.3.0/openstack_dashboard/enabled; https://github.com/openstack/horizon/tree/25.3.0/openstack_dashboard/dashboards; https://github.com/openstack/horizon/tree/25.3.0/openstack_dashboard/static/app/core
neutron	python-openstackclient	7.4.0	openstack.network.v2	openstack network auto allocated topology delete	Удалить — Удалить: автоматически выделяемая топология проекта.	no	Network Topology визуализирует имеющуюся сеть; действий auto-allocated-topology create/delete нет.	—	Основной	https://github.com/openstack/python-openstackclient/blob/7.4.0/openstackclient/network/v2/network_auto_allocated_topology.py#L125	https://github.com/openstack/horizon/tree/25.3.0/openstack_dashboard/enabled; https://github.com/openstack/horizon/tree/25.3.0/openstack_dashboard/dashboards; https://github.com/openstack/horizon/tree/25.3.0/openstack_dashboard/static/app/core
neutron	python-openstackclient	7.4.0	openstack.network.v2	openstack network flavor add profile	add profile: сетевой flavor и его service profiles.	no	Compute Flavors относятся к Nova и не заменяют Neutron network flavors.	—	Основной	https://github.com/openstack/python-openstackclient/blob/7.4.0/openstackclient/network/v2/network_flavor.py#L62	https://github.com/openstack/horizon/tree/25.3.0/openstack_dashboard/enabled; https://github.com/openstack/horizon/tree/25.3.0/openstack_dashboard/dashboards; https://github.com/openstack/horizon/tree/25.3.0/openstack_dashboard/static/app/core
neutron	python-openstackclient	7.4.0	openstack.network.v2	openstack network flavor create	Создать — Создать: сетевой flavor и его service profiles.	no	Compute Flavors относятся к Nova и не заменяют Neutron network flavors.	—	Основной	https://github.com/openstack/python-openstackclient/blob/7.4.0/openstackclient/network/v2/network_flavor.py#L92	https://github.com/openstack/horizon/tree/25.3.0/openstack_dashboard/enabled; https://github.com/openstack/horizon/tree/25.3.0/openstack_dashboard/dashboards; https://github.com/openstack/horizon/tree/25.3.0/openstack_dashboard/static/app/core
neutron	python-openstackclient	7.4.0	openstack.network.v2	openstack network flavor delete	Удалить — Удалить: сетевой flavor и его service profiles.	no	Compute Flavors относятся к Nova и не заменяют Neutron network flavors.	—	Основной	https://github.com/openstack/python-openstackclient/blob/7.4.0/openstackclient/network/v2/network_flavor.py#L145	https://github.com/openstack/horizon/tree/25.3.0/openstack_dashboard/enabled; https://github.com/openstack/horizon/tree/25.3.0/openstack_dashboard/dashboards; https://github.com/openstack/horizon/tree/25.3.0/openstack_dashboard/static/app/core
neutron	python-openstackclient	7.4.0	openstack.network.v2	openstack network flavor list	Перечислить — Перечислить: сетевой flavor и его service profiles.	no	Compute Flavors относятся к Nova и не заменяют Neutron network flavors.	—	Основной	https://github.com/openstack/python-openstackclient/blob/7.4.0/openstackclient/network/v2/network_flavor.py#L185	https://github.com/openstack/horizon/tree/25.3.0/openstack_dashboard/enabled; https://github.com/openstack/horizon/tree/25.3.0/openstack_dashboard/dashboards; https://github.com/openstack/horizon/tree/25.3.0/openstack_dashboard/static/app/core
neutron	python-openstackclient	7.4.0	openstack.network.v2	openstack network flavor remove profile	remove profile: сетевой flavor и его service profiles.	no	Compute Flavors относятся к Nova и не заменяют Neutron network flavors.	—	Основной	https://github.com/openstack/python-openstackclient/blob/7.4.0/openstackclient/network/v2/network_flavor.py#L213	https://github.com/openstack/horizon/tree/25.3.0/openstack_dashboard/enabled; https://github.com/openstack/horizon/tree/25.3.0/openstack_dashboard/dashboards; https://github.com/openstack/horizon/tree/25.3.0/openstack_dashboard/static/app/core
neutron	python-openstackclient	7.4.0	openstack.network.v2	openstack network flavor set	Изменить — Изменить: сетевой flavor и его service profiles.	no	Compute Flavors относятся к Nova и не заменяют Neutron network flavors.	—	Основной	https://github.com/openstack/python-openstackclient/blob/7.4.0/openstackclient/network/v2/network_flavor.py#L243	https://github.com/openstack/horizon/tree/25.3.0/openstack_dashboard/enabled; https://github.com/openstack/horizon/tree/25.3.0/openstack_dashboard/dashboards; https://github.com/openstack/horizon/tree/25.3.0/openstack_dashboard/static/app/core
neutron	python-openstackclient	7.4.0	openstack.network.v2	openstack network flavor show	Показать — Показать: сетевой flavor и его service profiles.	no	Compute Flavors относятся к Nova и не заменяют Neutron network flavors.	—	Основной	https://github.com/openstack/python-openstackclient/blob/7.4.0/openstackclient/network/v2/network_flavor.py#L287	https://github.com/openstack/horizon/tree/25.3.0/openstack_dashboard/enabled; https://github.com/openstack/horizon/tree/25.3.0/openstack_dashboard/dashboards; https://github.com/openstack/horizon/tree/25.3.0/openstack_dashboard/static/app/core
neutron	python-openstackclient	7.4.0	openstack.network.v2	openstack network flavor profile create	Создать — Создать: профиль сервисного драйвера network flavor.	no	Нет панели Neutron flavor profiles.	—	Основной	https://github.com/openstack/python-openstackclient/blob/7.4.0/openstackclient/network/v2/network_flavor_profile.py#L55	https://github.com/openstack/horizon/tree/25.3.0/openstack_dashboard/enabled; https://github.com/openstack/horizon/tree/25.3.0/openstack_dashboard/dashboards; https://github.com/openstack/horizon/tree/25.3.0/openstack_dashboard/static/app/core
neutron	python-openstackclient	7.4.0	openstack.network.v2	openstack network flavor profile delete	Удалить — Удалить: профиль сервисного драйвера network flavor.	no	Нет панели Neutron flavor profiles.	—	Основной	https://github.com/openstack/python-openstackclient/blob/7.4.0/openstackclient/network/v2/network_flavor_profile.py#L113	https://github.com/openstack/horizon/tree/25.3.0/openstack_dashboard/enabled; https://github.com/openstack/horizon/tree/25.3.0/openstack_dashboard/dashboards; https://github.com/openstack/horizon/tree/25.3.0/openstack_dashboard/static/app/core
neutron	python-openstackclient	7.4.0	openstack.network.v2	openstack network flavor profile list	Перечислить — Перечислить: профиль сервисного драйвера network flavor.	no	Нет панели Neutron flavor profiles.	—	Основной	https://github.com/openstack/python-openstackclient/blob/7.4.0/openstackclient/network/v2/network_flavor_profile.py#L154	https://github.com/openstack/horizon/tree/25.3.0/openstack_dashboard/enabled; https://github.com/openstack/horizon/tree/25.3.0/openstack_dashboard/dashboards; https://github.com/openstack/horizon/tree/25.3.0/openstack_dashboard/static/app/core
neutron	python-openstackclient	7.4.0	openstack.network.v2	openstack network flavor profile set	Изменить — Изменить: профиль сервисного драйвера network flavor.	no	Нет панели Neutron flavor profiles.	—	Основной	https://github.com/openstack/python-openstackclient/blob/7.4.0/openstackclient/network/v2/network_flavor_profile.py#L190	https://github.com/openstack/horizon/tree/25.3.0/openstack_dashboard/enabled; https://github.com/openstack/horizon/tree/25.3.0/openstack_dashboard/dashboards; https://github.com/openstack/horizon/tree/25.3.0/openstack_dashboard/static/app/core
neutron	python-openstackclient	7.4.0	openstack.network.v2	openstack network flavor profile show	Показать — Показать: профиль сервисного драйвера network flavor.	no	Нет панели Neutron flavor profiles.	—	Основной	https://github.com/openstack/python-openstackclient/blob/7.4.0/openstackclient/network/v2/network_flavor_profile.py#L246	https://github.com/openstack/horizon/tree/25.3.0/openstack_dashboard/enabled; https://github.com/openstack/horizon/tree/25.3.0/openstack_dashboard/dashboards; https://github.com/openstack/horizon/tree/25.3.0/openstack_dashboard/static/app/core
neutron	python-openstackclient	7.4.0	openstack.network.v2	openstack network create	Создать — Create Network: обычная сеть проекта или provider/external/shared сеть через Admin.	yes	Admin поддерживает тип, physnet и segmentation ID; UI не предоставляет все продвинутые CLI-поля, например QoS/DNS/tags.	—	Основной	https://github.com/openstack/python-openstackclient/blob/7.4.0/openstackclient/network/v2/network.py#L203	https://github.com/openstack/horizon/blob/25.3.0/openstack_dashboard/dashboards/admin/networks/forms.py#L92; https://github.com/openstack/horizon/blob/25.3.0/openstack_dashboard/dashboards/project/networks/workflows.py#L37
neutron	python-openstackclient	7.4.0	openstack.network.v2	openstack network delete	Удалить — Список Networks, Network Details и Delete Networks.	yes	Есть Project/Admin views; provider fields отображаются как атрибуты сети, а не отдельный segment CRUD.	—	Основной	https://github.com/openstack/python-openstackclient/blob/7.4.0/openstackclient/network/v2/network.py#L430	https://github.com/openstack/horizon/blob/25.3.0/openstack_dashboard/dashboards/project/networks/tables.py#L190; https://github.com/openstack/horizon/blob/25.3.0/openstack_dashboard/dashboards/project/networks/templates/networks/_detail_overview.html#L1
neutron	python-openstackclient	7.4.0	openstack.network.v2	openstack network list	Перечислить — Список Networks, Network Details и Delete Networks.	yes	Есть Project/Admin views; provider fields отображаются как атрибуты сети, а не отдельный segment CRUD.	—	Основной	https://github.com/openstack/python-openstackclient/blob/7.4.0/openstackclient/network/v2/network.py#L458	https://github.com/openstack/horizon/blob/25.3.0/openstack_dashboard/dashboards/project/networks/tables.py#L190; https://github.com/openstack/horizon/blob/25.3.0/openstack_dashboard/dashboards/project/networks/templates/networks/_detail_overview.html#L1
neutron	python-openstackclient	7.4.0	openstack.network.v2	openstack network set	Изменить — Edit Network меняет name/admin_state/shared; Admin также external.	partial	Нет общей формы для остальных CLI-настроек: QoS, MTU при update, DNS, provider attributes, tags и др.	—	Основной	https://github.com/openstack/python-openstackclient/blob/7.4.0/openstackclient/network/v2/network.py#L727	https://github.com/openstack/horizon/blob/25.3.0/openstack_dashboard/dashboards/project/networks/forms.py#L35; https://github.com/openstack/horizon/blob/25.3.0/openstack_dashboard/dashboards/admin/networks/forms.py#L337
neutron	python-openstackclient	7.4.0	openstack.network.v2	openstack network show	Показать — Список Networks, Network Details и Delete Networks.	yes	Есть Project/Admin views; provider fields отображаются как атрибуты сети, а не отдельный segment CRUD.	—	Основной	https://github.com/openstack/python-openstackclient/blob/7.4.0/openstackclient/network/v2/network.py#L847	https://github.com/openstack/horizon/blob/25.3.0/openstack_dashboard/dashboards/project/networks/tables.py#L190; https://github.com/openstack/horizon/blob/25.3.0/openstack_dashboard/dashboards/project/networks/templates/networks/_detail_overview.html#L1
neutron	python-openstackclient	7.4.0	openstack.network.v2	openstack network unset	Снять параметры — CLI снимает сетевые теги.	no	В network unset тега 7.4.0 нет снятия gateway/QoS; зарегистрирована именно очистка tags. UI управления тегами сети нет.	—	Основной	https://github.com/openstack/python-openstackclient/blob/7.4.0/openstackclient/network/v2/network.py#L871	https://github.com/openstack/horizon/blob/25.3.0/openstack_dashboard/dashboards/project/networks/forms.py#L35
neutron	python-openstackclient	7.4.0	openstack.network.v2	openstack network l3 conntrack helper create	Создать — Создать: L3 conntrack helper маршрутизатора.	no	Нет формы управления conntrack helpers.	—	Основной	https://github.com/openstack/python-openstackclient/blob/7.4.0/openstackclient/network/v2/l3_conntrack_helper.py#L48	https://github.com/openstack/horizon/tree/25.3.0/openstack_dashboard/enabled; https://github.com/openstack/horizon/tree/25.3.0/openstack_dashboard/dashboards; https://github.com/openstack/horizon/tree/25.3.0/openstack_dashboard/static/app/core
neutron	python-openstackclient	7.4.0	openstack.network.v2	openstack network l3 conntrack helper delete	Удалить — Удалить: L3 conntrack helper маршрутизатора.	no	Нет формы управления conntrack helpers.	—	Основной	https://github.com/openstack/python-openstackclient/blob/7.4.0/openstackclient/network/v2/l3_conntrack_helper.py#L94	https://github.com/openstack/horizon/tree/25.3.0/openstack_dashboard/enabled; https://github.com/openstack/horizon/tree/25.3.0/openstack_dashboard/dashboards; https://github.com/openstack/horizon/tree/25.3.0/openstack_dashboard/static/app/core
neutron	python-openstackclient	7.4.0	openstack.network.v2	openstack network l3 conntrack helper list	Перечислить — Перечислить: L3 conntrack helper маршрутизатора.	no	Нет формы управления conntrack helpers.	—	Основной	https://github.com/openstack/python-openstackclient/blob/7.4.0/openstackclient/network/v2/l3_conntrack_helper.py#L142	https://github.com/openstack/horizon/tree/25.3.0/openstack_dashboard/enabled; https://github.com/openstack/horizon/tree/25.3.0/openstack_dashboard/dashboards; https://github.com/openstack/horizon/tree/25.3.0/openstack_dashboard/static/app/core
neutron	python-openstackclient	7.4.0	openstack.network.v2	openstack network l3 conntrack helper set	Изменить — Изменить: L3 conntrack helper маршрутизатора.	no	Нет формы управления conntrack helpers.	—	Основной	https://github.com/openstack/python-openstackclient/blob/7.4.0/openstackclient/network/v2/l3_conntrack_helper.py#L205	https://github.com/openstack/horizon/tree/25.3.0/openstack_dashboard/enabled; https://github.com/openstack/horizon/tree/25.3.0/openstack_dashboard/dashboards; https://github.com/openstack/horizon/tree/25.3.0/openstack_dashboard/static/app/core
neutron	python-openstackclient	7.4.0	openstack.network.v2	openstack network l3 conntrack helper show	Показать — Показать: L3 conntrack helper маршрутизатора.	no	Нет формы управления conntrack helpers.	—	Основной	https://github.com/openstack/python-openstackclient/blob/7.4.0/openstackclient/network/v2/l3_conntrack_helper.py#L252	https://github.com/openstack/horizon/tree/25.3.0/openstack_dashboard/enabled; https://github.com/openstack/horizon/tree/25.3.0/openstack_dashboard/dashboards; https://github.com/openstack/horizon/tree/25.3.0/openstack_dashboard/static/app/core
neutron	python-openstackclient	7.4.0	openstack.network.v2	openstack network meter create	Создать — Создать: metering label сети.	no	Нет панели Neutron metering labels.	—	Основной	https://github.com/openstack/python-openstackclient/blob/7.4.0/openstackclient/network/v2/network_meter.py#L64	https://github.com/openstack/horizon/tree/25.3.0/openstack_dashboard/enabled; https://github.com/openstack/horizon/tree/25.3.0/openstack_dashboard/dashboards; https://github.com/openstack/horizon/tree/25.3.0/openstack_dashboard/static/app/core
neutron	python-openstackclient	7.4.0	openstack.network.v2	openstack network meter delete	Удалить — Удалить: metering label сети.	no	Нет панели Neutron metering labels.	—	Основной	https://github.com/openstack/python-openstackclient/blob/7.4.0/openstackclient/network/v2/network_meter.py#L117	https://github.com/openstack/horizon/tree/25.3.0/openstack_dashboard/enabled; https://github.com/openstack/horizon/tree/25.3.0/openstack_dashboard/dashboards; https://github.com/openstack/horizon/tree/25.3.0/openstack_dashboard/static/app/core
neutron	python-openstackclient	7.4.0	openstack.network.v2	openstack network meter list	Перечислить — Перечислить: metering label сети.	no	Нет панели Neutron metering labels.	—	Основной	https://github.com/openstack/python-openstackclient/blob/7.4.0/openstackclient/network/v2/network_meter.py#L154	https://github.com/openstack/horizon/tree/25.3.0/openstack_dashboard/enabled; https://github.com/openstack/horizon/tree/25.3.0/openstack_dashboard/dashboards; https://github.com/openstack/horizon/tree/25.3.0/openstack_dashboard/static/app/core
neutron	python-openstackclient	7.4.0	openstack.network.v2	openstack network meter show	Показать — Показать: metering label сети.	no	Нет панели Neutron metering labels.	—	Основной	https://github.com/openstack/python-openstackclient/blob/7.4.0/openstackclient/network/v2/network_meter.py#L186	https://github.com/openstack/horizon/tree/25.3.0/openstack_dashboard/enabled; https://github.com/openstack/horizon/tree/25.3.0/openstack_dashboard/dashboards; https://github.com/openstack/horizon/tree/25.3.0/openstack_dashboard/static/app/core
neutron	python-openstackclient	7.4.0	openstack.network.v2	openstack network meter rule create	Создать — Создать: правило metering label.	no	Нет интерфейса metering label rules.	—	Основной	https://github.com/openstack/python-openstackclient/blob/7.4.0/openstackclient/network/v2/network_meter_rule.py#L68	https://github.com/openstack/horizon/tree/25.3.0/openstack_dashboard/enabled; https://github.com/openstack/horizon/tree/25.3.0/openstack_dashboard/dashboards; https://github.com/openstack/horizon/tree/25.3.0/openstack_dashboard/static/app/core
neutron	python-openstackclient	7.4.0	openstack.network.v2	openstack network meter rule delete	Удалить — Удалить: правило metering label.	no	Нет интерфейса metering label rules.	—	Основной	https://github.com/openstack/python-openstackclient/blob/7.4.0/openstackclient/network/v2/network_meter_rule.py#L145	https://github.com/openstack/horizon/tree/25.3.0/openstack_dashboard/enabled; https://github.com/openstack/horizon/tree/25.3.0/openstack_dashboard/dashboards; https://github.com/openstack/horizon/tree/25.3.0/openstack_dashboard/static/app/core
neutron	python-openstackclient	7.4.0	openstack.network.v2	openstack network meter rule list	Перечислить — Перечислить: правило metering label.	no	Нет интерфейса metering label rules.	—	Основной	https://github.com/openstack/python-openstackclient/blob/7.4.0/openstackclient/network/v2/network_meter_rule.py#L186	https://github.com/openstack/horizon/tree/25.3.0/openstack_dashboard/enabled; https://github.com/openstack/horizon/tree/25.3.0/openstack_dashboard/dashboards; https://github.com/openstack/horizon/tree/25.3.0/openstack_dashboard/static/app/core
neutron	python-openstackclient	7.4.0	openstack.network.v2	openstack network meter rule show	Показать — Показать: правило metering label.	no	Нет интерфейса metering label rules.	—	Основной	https://github.com/openstack/python-openstackclient/blob/7.4.0/openstackclient/network/v2/network_meter_rule.py#L221	https://github.com/openstack/horizon/tree/25.3.0/openstack_dashboard/enabled; https://github.com/openstack/horizon/tree/25.3.0/openstack_dashboard/dashboards; https://github.com/openstack/horizon/tree/25.3.0/openstack_dashboard/static/app/core
neutron	python-openstackclient	7.4.0	openstack.network.v2	openstack network qos policy create	Создать — Network QoS → Create Policy: name, description, shared.	yes	Нужен extension qos; default/project и прочие CLI-поля представлены не все.	—	Основной	https://github.com/openstack/python-openstackclient/blob/7.4.0/openstackclient/network/v2/network_qos_policy.py#L82	https://github.com/openstack/horizon/blob/25.3.0/openstack_dashboard/static/app/core/network_qos/actions/actions.module.js#L32; https://github.com/openstack/horizon/blob/25.3.0/openstack_dashboard/static/app/core/network_qos/actions/workflow/workflow.service.js#L37
neutron	python-openstackclient	7.4.0	openstack.network.v2	openstack network qos policy delete	Удалить — Network QoS: список, Policy Details, Delete Policy/Policies.	yes	Нужен extension qos.	—	Основной	https://github.com/openstack/python-openstackclient/blob/7.4.0/openstackclient/network/v2/network_qos_policy.py#L143	https://github.com/openstack/horizon/blob/25.3.0/openstack_dashboard/static/app/core/network_qos/actions/actions.module.js#L32; https://github.com/openstack/horizon/blob/25.3.0/openstack_dashboard/static/app/core/network_qos/details/overview.html#L1
neutron	python-openstackclient	7.4.0	openstack.network.v2	openstack network qos policy list	Перечислить — Network QoS: список, Policy Details, Delete Policy/Policies.	yes	Нужен extension qos.	—	Основной	https://github.com/openstack/python-openstackclient/blob/7.4.0/openstackclient/network/v2/network_qos_policy.py#L184	https://github.com/openstack/horizon/blob/25.3.0/openstack_dashboard/static/app/core/network_qos/actions/actions.module.js#L32; https://github.com/openstack/horizon/blob/25.3.0/openstack_dashboard/static/app/core/network_qos/details/overview.html#L1
neutron	python-openstackclient	7.4.0	openstack.network.v2	openstack network qos policy set	Изменить — Нет Edit Policy.	no	Edit Rule изменяет правило политики, а не name/description/shared/default самой policy.	—	Основной	https://github.com/openstack/python-openstackclient/blob/7.4.0/openstackclient/network/v2/network_qos_policy.py#L243	https://github.com/openstack/horizon/blob/25.3.0/openstack_dashboard/static/app/core/network_qos/actions/actions.module.js#L32
neutron	python-openstackclient	7.4.0	openstack.network.v2	openstack network qos policy show	Показать — Network QoS: список, Policy Details, Delete Policy/Policies.	yes	Нужен extension qos.	—	Основной	https://github.com/openstack/python-openstackclient/blob/7.4.0/openstackclient/network/v2/network_qos_policy.py#L295	https://github.com/openstack/horizon/blob/25.3.0/openstack_dashboard/static/app/core/network_qos/actions/actions.module.js#L32; https://github.com/openstack/horizon/blob/25.3.0/openstack_dashboard/static/app/core/network_qos/details/overview.html#L1
neutron	python-openstackclient	7.4.0	openstack.network.v2	openstack network qos rule create	Создать — Add/Edit/Delete Rule поддерживает bandwidth_limit, dscp_marking, minimum_bandwidth, minimum_packet_rate.	yes	Нужны qos и соответствующие серверные policy/driver capabilities; статический UI-код не подтверждает runtime поддержку драйвером.	—	Основной	https://github.com/openstack/python-openstackclient/blob/7.4.0/openstackclient/network/v2/network_qos_rule.py#L237	https://github.com/openstack/horizon/blob/25.3.0/openstack_dashboard/static/app/core/network_qos/actions/actions.module.js#L32; https://github.com/openstack/horizon/blob/25.3.0/openstack_dashboard/static/app/core/network_qos/actions/add-rule.action.service.js#L129
neutron	python-openstackclient	7.4.0	openstack.network.v2	openstack network qos rule delete	Удалить — Add/Edit/Delete Rule поддерживает bandwidth_limit, dscp_marking, minimum_bandwidth, minimum_packet_rate.	yes	Нужны qos и соответствующие серверные policy/driver capabilities; статический UI-код не подтверждает runtime поддержку драйвером.	—	Основной	https://github.com/openstack/python-openstackclient/blob/7.4.0/openstackclient/network/v2/network_qos_rule.py#L285	https://github.com/openstack/horizon/blob/25.3.0/openstack_dashboard/static/app/core/network_qos/actions/actions.module.js#L32; https://github.com/openstack/horizon/blob/25.3.0/openstack_dashboard/static/app/core/network_qos/actions/delete-rule.action.service.js#L85
neutron	python-openstackclient	7.4.0	openstack.network.v2	openstack network qos rule list	Перечислить — Правила и их параметры отображаются в Policy Details, по типам.	yes	Просмотр встроен в карточку политики, отдельная навигационная панель правил не требуется.	—	Основной	https://github.com/openstack/python-openstackclient/blob/7.4.0/openstackclient/network/v2/network_qos_rule.py#L322	https://github.com/openstack/horizon/blob/25.3.0/openstack_dashboard/static/app/core/network_qos/details/overview.html#L24
neutron	python-openstackclient	7.4.0	openstack.network.v2	openstack network qos rule set	Изменить — Add/Edit/Delete Rule поддерживает bandwidth_limit, dscp_marking, minimum_bandwidth, minimum_packet_rate.	yes	Нужны qos и соответствующие серверные policy/driver capabilities; статический UI-код не подтверждает runtime поддержку драйвером.	—	Основной	https://github.com/openstack/python-openstackclient/blob/7.4.0/openstackclient/network/v2/network_qos_rule.py#L368	https://github.com/openstack/horizon/blob/25.3.0/openstack_dashboard/static/app/core/network_qos/actions/actions.module.js#L32; https://github.com/openstack/horizon/blob/25.3.0/openstack_dashboard/static/app/core/network_qos/actions/edit-rule.action.service.js#L135
neutron	python-openstackclient	7.4.0	openstack.network.v2	openstack network qos rule show	Показать — Правила и их параметры отображаются в Policy Details, по типам.	yes	Просмотр встроен в карточку политики, отдельная навигационная панель правил не требуется.	—	Основной	https://github.com/openstack/python-openstackclient/blob/7.4.0/openstackclient/network/v2/network_qos_rule.py#L414	https://github.com/openstack/horizon/blob/25.3.0/openstack_dashboard/static/app/core/network_qos/details/overview.html#L24
neutron	python-openstackclient	7.4.0	openstack.network.v2	openstack network qos rule type list	Перечислить — Перечислить: тип правил QoS и возможности драйверов.	no	UI содержит фиксированный список четырех типов для создания правил; не вызывает справочник API rule_types и не показывает driver capabilities.	—	Основной	https://github.com/openstack/python-openstackclient/blob/7.4.0/openstackclient/network/v2/network_qos_rule_type.py#L33	https://github.com/openstack/horizon/tree/25.3.0/openstack_dashboard/enabled; https://github.com/openstack/horizon/tree/25.3.0/openstack_dashboard/dashboards; https://github.com/openstack/horizon/tree/25.3.0/openstack_dashboard/static/app/core
neutron	python-openstackclient	7.4.0	openstack.network.v2	openstack network qos rule type show	Показать — Показать: тип правил QoS и возможности драйверов.	no	UI содержит фиксированный список четырех типов для создания правил; не вызывает справочник API rule_types и не показывает driver capabilities.	—	Основной	https://github.com/openstack/python-openstackclient/blob/7.4.0/openstackclient/network/v2/network_qos_rule_type.py#L82	https://github.com/openstack/horizon/tree/25.3.0/openstack_dashboard/enabled; https://github.com/openstack/horizon/tree/25.3.0/openstack_dashboard/dashboards; https://github.com/openstack/horizon/tree/25.3.0/openstack_dashboard/static/app/core
neutron	python-openstackclient	7.4.0	openstack.network.v2	openstack network rbac create	Создать — Admin → RBAC Policies → Create: share/external network либо shared qos_policy целевому проекту или *.	partial	CLI также поддерживает address_group, address_scope, subnetpool, security_group; их нет среди трех вариантов формы. Нужны enable_rbac_policy и rbac-policies.	—	Основной	https://github.com/openstack/python-openstackclient/blob/7.4.0/openstackclient/network/v2/network_rbac.py#L95	https://github.com/openstack/horizon/blob/25.3.0/openstack_dashboard/dashboards/admin/rbac_policies/forms.py#L30; https://github.com/openstack/horizon/blob/25.3.0/openstack_dashboard/dashboards/admin/rbac_policies/tables.py#L24
neutron	python-openstackclient	7.4.0	openstack.network.v2	openstack network rbac delete	Удалить — RBAC Policies: список, Details, Delete.	yes	Нужны enable_rbac_policy (по умолчанию True), rbac-policies и админский доступ.	—	Основной	https://github.com/openstack/python-openstackclient/blob/7.4.0/openstackclient/network/v2/network_rbac.py#L181	https://github.com/openstack/horizon/blob/25.3.0/openstack_dashboard/dashboards/admin/rbac_policies/tables.py#L24; https://github.com/openstack/horizon/blob/25.3.0/openstack_dashboard/dashboards/admin/rbac_policies/tabs.py#L25
neutron	python-openstackclient	7.4.0	openstack.network.v2	openstack network rbac list	Перечислить — RBAC Policies: список, Details, Delete.	yes	Нужны enable_rbac_policy (по умолчанию True), rbac-policies и админский доступ.	—	Основной	https://github.com/openstack/python-openstackclient/blob/7.4.0/openstackclient/network/v2/network_rbac.py#L220	https://github.com/openstack/horizon/blob/25.3.0/openstack_dashboard/dashboards/admin/rbac_policies/tables.py#L24; https://github.com/openstack/horizon/blob/25.3.0/openstack_dashboard/dashboards/admin/rbac_policies/tabs.py#L25
neutron	python-openstackclient	7.4.0	openstack.network.v2	openstack network rbac set	Изменить — Update RBAC Policy меняет target project, включая *.	yes	Основной параметр CLI set представлен; отсутствует создание иных object types через форму.	—	Основной	https://github.com/openstack/python-openstackclient/blob/7.4.0/openstackclient/network/v2/network_rbac.py#L314	https://github.com/openstack/horizon/blob/25.3.0/openstack_dashboard/dashboards/admin/rbac_policies/forms.py#L159; https://github.com/openstack/horizon/blob/25.3.0/openstack_dashboard/dashboards/admin/rbac_policies/tables.py#L24
neutron	python-openstackclient	7.4.0	openstack.network.v2	openstack network rbac show	Показать — RBAC Policies: список, Details, Delete.	yes	Нужны enable_rbac_policy (по умолчанию True), rbac-policies и админский доступ.	—	Основной	https://github.com/openstack/python-openstackclient/blob/7.4.0/openstackclient/network/v2/network_rbac.py#L363	https://github.com/openstack/horizon/blob/25.3.0/openstack_dashboard/dashboards/admin/rbac_policies/tables.py#L24; https://github.com/openstack/horizon/blob/25.3.0/openstack_dashboard/dashboards/admin/rbac_policies/tabs.py#L25
neutron	python-openstackclient	7.4.0	openstack.network.v2	openstack network segment create	Создать — Создать: отдельный сегмент сети Neutron.	no	Provider network type/segmentation ID в Network не являются CRUD отдельного ресурса segment.	—	Основной	https://github.com/openstack/python-openstackclient/blob/7.4.0/openstackclient/network/v2/network_segment.py#L36	https://github.com/openstack/horizon/tree/25.3.0/openstack_dashboard/enabled; https://github.com/openstack/horizon/tree/25.3.0/openstack_dashboard/dashboards; https://github.com/openstack/horizon/tree/25.3.0/openstack_dashboard/static/app/core
neutron	python-openstackclient	7.4.0	openstack.network.v2	openstack network segment delete	Удалить — Удалить: отдельный сегмент сети Neutron.	no	Provider network type/segmentation ID в Network не являются CRUD отдельного ресурса segment.	—	Основной	https://github.com/openstack/python-openstackclient/blob/7.4.0/openstackclient/network/v2/network_segment.py#L108	https://github.com/openstack/horizon/tree/25.3.0/openstack_dashboard/enabled; https://github.com/openstack/horizon/tree/25.3.0/openstack_dashboard/dashboards; https://github.com/openstack/horizon/tree/25.3.0/openstack_dashboard/static/app/core
neutron	python-openstackclient	7.4.0	openstack.network.v2	openstack network segment list	Перечислить — Перечислить: отдельный сегмент сети Neutron.	no	Provider network type/segmentation ID в Network не являются CRUD отдельного ресурса segment.	—	Основной	https://github.com/openstack/python-openstackclient/blob/7.4.0/openstackclient/network/v2/network_segment.py#L149	https://github.com/openstack/horizon/tree/25.3.0/openstack_dashboard/enabled; https://github.com/openstack/horizon/tree/25.3.0/openstack_dashboard/dashboards; https://github.com/openstack/horizon/tree/25.3.0/openstack_dashboard/static/app/core
neutron	python-openstackclient	7.4.0	openstack.network.v2	openstack network segment set	Изменить — Изменить: отдельный сегмент сети Neutron.	no	Provider network type/segmentation ID в Network не являются CRUD отдельного ресурса segment.	—	Основной	https://github.com/openstack/python-openstackclient/blob/7.4.0/openstackclient/network/v2/network_segment.py#L212	https://github.com/openstack/horizon/tree/25.3.0/openstack_dashboard/enabled; https://github.com/openstack/horizon/tree/25.3.0/openstack_dashboard/dashboards; https://github.com/openstack/horizon/tree/25.3.0/openstack_dashboard/static/app/core
neutron	python-openstackclient	7.4.0	openstack.network.v2	openstack network segment show	Показать — Показать: отдельный сегмент сети Neutron.	no	Provider network type/segmentation ID в Network не являются CRUD отдельного ресурса segment.	—	Основной	https://github.com/openstack/python-openstackclient/blob/7.4.0/openstackclient/network/v2/network_segment.py#L250	https://github.com/openstack/horizon/tree/25.3.0/openstack_dashboard/enabled; https://github.com/openstack/horizon/tree/25.3.0/openstack_dashboard/dashboards; https://github.com/openstack/horizon/tree/25.3.0/openstack_dashboard/static/app/core
neutron	python-openstackclient	7.4.0	openstack.network.v2	openstack network segment range create	Создать — Создать: диапазон выделения сегментов сети.	no	Нет панели network segment ranges; поле segmentation ID сети не заменяет range.	—	Основной	https://github.com/openstack/python-openstackclient/blob/7.4.0/openstackclient/network/v2/network_segment_range.py#L95	https://github.com/openstack/horizon/tree/25.3.0/openstack_dashboard/enabled; https://github.com/openstack/horizon/tree/25.3.0/openstack_dashboard/dashboards; https://github.com/openstack/horizon/tree/25.3.0/openstack_dashboard/static/app/core
neutron	python-openstackclient	7.4.0	openstack.network.v2	openstack network segment range delete	Удалить — Удалить: диапазон выделения сегментов сети.	no	Нет панели network segment ranges; поле segmentation ID сети не заменяет range.	—	Основной	https://github.com/openstack/python-openstackclient/blob/7.4.0/openstackclient/network/v2/network_segment_range.py#L253	https://github.com/openstack/horizon/tree/25.3.0/openstack_dashboard/enabled; https://github.com/openstack/horizon/tree/25.3.0/openstack_dashboard/dashboards; https://github.com/openstack/horizon/tree/25.3.0/openstack_dashboard/static/app/core
neutron	python-openstackclient	7.4.0	openstack.network.v2	openstack network segment range list	Перечислить — Перечислить: диапазон выделения сегментов сети.	no	Нет панели network segment ranges; поле segmentation ID сети не заменяет range.	—	Основной	https://github.com/openstack/python-openstackclient/blob/7.4.0/openstackclient/network/v2/network_segment_range.py#L306	https://github.com/openstack/horizon/tree/25.3.0/openstack_dashboard/enabled; https://github.com/openstack/horizon/tree/25.3.0/openstack_dashboard/dashboards; https://github.com/openstack/horizon/tree/25.3.0/openstack_dashboard/static/app/core
neutron	python-openstackclient	7.4.0	openstack.network.v2	openstack network segment range set	Изменить — Изменить: диапазон выделения сегментов сети.	no	Нет панели network segment ranges; поле segmentation ID сети не заменяет range.	—	Основной	https://github.com/openstack/python-openstackclient/blob/7.4.0/openstackclient/network/v2/network_segment_range.py#L422	https://github.com/openstack/horizon/tree/25.3.0/openstack_dashboard/enabled; https://github.com/openstack/horizon/tree/25.3.0/openstack_dashboard/dashboards; https://github.com/openstack/horizon/tree/25.3.0/openstack_dashboard/static/app/core
neutron	python-openstackclient	7.4.0	openstack.network.v2	openstack network segment range show	Показать — Показать: диапазон выделения сегментов сети.	no	Нет панели network segment ranges; поле segmentation ID сети не заменяет range.	—	Основной	https://github.com/openstack/python-openstackclient/blob/7.4.0/openstackclient/network/v2/network_segment_range.py#L487	https://github.com/openstack/horizon/tree/25.3.0/openstack_dashboard/enabled; https://github.com/openstack/horizon/tree/25.3.0/openstack_dashboard/dashboards; https://github.com/openstack/horizon/tree/25.3.0/openstack_dashboard/static/app/core
neutron	python-openstackclient	7.4.0	openstack.network.v2	openstack network service provider list	Перечислить — Перечислить: провайдер сетевого сервиса.	no	Нет таблицы Neutron service providers; список provider network types в форме создания сети — другой объект.	—	Основной	https://github.com/openstack/python-openstackclient/blob/7.4.0/openstackclient/network/v2/network_service_provider.py#L22	https://github.com/openstack/horizon/tree/25.3.0/openstack_dashboard/enabled; https://github.com/openstack/horizon/tree/25.3.0/openstack_dashboard/dashboards; https://github.com/openstack/horizon/tree/25.3.0/openstack_dashboard/static/app/core
neutron	python-openstackclient	7.4.0	openstack.network.v2	openstack network subport list	Перечислить — Subports перечислены в деталях trunk.	yes	Список вложен в trunk; нужен extension trunk.	—	Основной	https://github.com/openstack/python-openstackclient/blob/7.4.0/openstackclient/network/v2/network_trunk.py#L263	https://github.com/openstack/horizon/blob/25.3.0/openstack_dashboard/static/app/core/trunks/details/overview.html#L1
neutron	python-openstackclient	7.4.0	openstack.network.v2	openstack network trunk create	Создать — Trunks: Create/Delete, список, Details, parent port и subports.	yes	Нужен extension trunk; project/admin scope и права остаются ограничением.	—	Основной	https://github.com/openstack/python-openstackclient/blob/7.4.0/openstackclient/network/v2/network_trunk.py#L43	https://github.com/openstack/horizon/blob/25.3.0/openstack_dashboard/static/app/core/trunks/actions/actions.module.js#L45; https://github.com/openstack/horizon/blob/25.3.0/openstack_dashboard/static/app/core/trunks/details/overview.html#L1
neutron	python-openstackclient	7.4.0	openstack.network.v2	openstack network trunk delete	Удалить — Trunks: Create/Delete, список, Details, parent port и subports.	yes	Нужен extension trunk; project/admin scope и права остаются ограничением.	—	Основной	https://github.com/openstack/python-openstackclient/blob/7.4.0/openstackclient/network/v2/network_trunk.py#L100	https://github.com/openstack/horizon/blob/25.3.0/openstack_dashboard/static/app/core/trunks/actions/actions.module.js#L45; https://github.com/openstack/horizon/blob/25.3.0/openstack_dashboard/static/app/core/trunks/details/overview.html#L1
neutron	python-openstackclient	7.4.0	openstack.network.v2	openstack network trunk list	Перечислить — Trunks: Create/Delete, список, Details, parent port и subports.	yes	Нужен extension trunk; project/admin scope и права остаются ограничением.	—	Основной	https://github.com/openstack/python-openstackclient/blob/7.4.0/openstackclient/network/v2/network_trunk.py#L138	https://github.com/openstack/horizon/blob/25.3.0/openstack_dashboard/static/app/core/trunks/actions/actions.module.js#L45; https://github.com/openstack/horizon/blob/25.3.0/openstack_dashboard/static/app/core/trunks/details/overview.html#L1
neutron	python-openstackclient	7.4.0	openstack.network.v2	openstack network trunk set	Изменить — Edit Trunk: name, description, admin state, добавление/изменение subports.	yes	Parent port существующего trunk не заменяется этой формой; UI diff отправляет update + remove/add subports.	—	Основной	https://github.com/openstack/python-openstackclient/blob/7.4.0/openstackclient/network/v2/network_trunk.py#L177	https://github.com/openstack/horizon/blob/25.3.0/openstack_dashboard/static/app/core/trunks/actions/actions.module.js#L45; https://github.com/openstack/horizon/blob/25.3.0/openstack_dashboard/api/neutron.py#L1126
neutron	python-openstackclient	7.4.0	openstack.network.v2	openstack network trunk show	Показать — Trunks: Create/Delete, список, Details, parent port и subports.	yes	Нужен extension trunk; project/admin scope и права остаются ограничением.	—	Основной	https://github.com/openstack/python-openstackclient/blob/7.4.0/openstackclient/network/v2/network_trunk.py#L242	https://github.com/openstack/horizon/blob/25.3.0/openstack_dashboard/static/app/core/trunks/actions/actions.module.js#L45; https://github.com/openstack/horizon/blob/25.3.0/openstack_dashboard/static/app/core/trunks/details/overview.html#L1
neutron	python-openstackclient	7.4.0	openstack.network.v2	openstack network trunk unset	Снять параметры — Edit Trunk снимает выбранные subports.	yes	Именно удаление subports является назначением CLI unset в этом теге.	—	Основной	https://github.com/openstack/python-openstackclient/blob/7.4.0/openstackclient/network/v2/network_trunk.py#L294	https://github.com/openstack/horizon/blob/25.3.0/openstack_dashboard/static/app/core/trunks/actions/actions.module.js#L45; https://github.com/openstack/horizon/blob/25.3.0/openstack_dashboard/api/neutron.py#L1153
neutron	python-openstackclient	7.4.0	openstack.network.v2	openstack port create	Создать — Create Port у сети: fixed IP/subnet, MAC, device, vNIC, port security и security groups.	yes	CLI содержит дополнительные поля (QoS, binding profile/host, extra DHCP, NUMA, hardware offload); полной эквивалентности флагов нет.	—	Основной	https://github.com/openstack/python-openstackclient/blob/7.4.0/openstackclient/network/v2/port.py#L487	https://github.com/openstack/horizon/blob/25.3.0/openstack_dashboard/dashboards/project/networks/ports/workflows.py#L57; https://github.com/openstack/horizon/blob/25.3.0/openstack_dashboard/dashboards/project/networks/ports/tables.py#L137
neutron	python-openstackclient	7.4.0	openstack.network.v2	openstack port delete	Удалить — Ports в деталях сети; Port Details, Delete Port.	yes	Список вложен в Network; административный вариант может видеть порты других проектов.	—	Основной	https://github.com/openstack/python-openstackclient/blob/7.4.0/openstackclient/network/v2/port.py#L723	https://github.com/openstack/horizon/blob/25.3.0/openstack_dashboard/dashboards/project/networks/ports/tables.py#L137; https://github.com/openstack/horizon/blob/25.3.0/openstack_dashboard/dashboards/project/networks/ports/views.py#L70
neutron	python-openstackclient	7.4.0	openstack.network.v2	openstack port list	Перечислить — Ports в деталях сети; Port Details, Delete Port.	yes	Список вложен в Network; административный вариант может видеть порты других проектов.	—	Основной	https://github.com/openstack/python-openstackclient/blob/7.4.0/openstackclient/network/v2/port.py#L765	https://github.com/openstack/horizon/blob/25.3.0/openstack_dashboard/dashboards/project/networks/ports/tables.py#L137; https://github.com/openstack/horizon/blob/25.3.0/openstack_dashboard/dashboards/project/networks/ports/views.py#L70
neutron	python-openstackclient	7.4.0	openstack.network.v2	openstack port set	Изменить — Edit Port меняет name/admin state/vNIC/port security/security groups; Allowed Address Pairs добавляются в деталях.	partial	Нет общего редактора CLI-свойств порта: fixed IP при update, QoS, binding profile/host, DNS, extra DHCP, NUMA и др.	—	Основной	https://github.com/openstack/python-openstackclient/blob/7.4.0/openstackclient/network/v2/port.py#L965	https://github.com/openstack/horizon/blob/25.3.0/openstack_dashboard/dashboards/project/networks/ports/workflows.py#L303; https://github.com/openstack/horizon/blob/25.3.0/openstack_dashboard/dashboards/project/networks/ports/extensions/allowed_address_pairs/tables.py#L31
neutron	python-openstackclient	7.4.0	openstack.network.v2	openstack port show	Показать — Ports в деталях сети; Port Details, Delete Port.	yes	Список вложен в Network; административный вариант может видеть порты других проектов.	—	Основной	https://github.com/openstack/python-openstackclient/blob/7.4.0/openstackclient/network/v2/port.py#L1221	https://github.com/openstack/horizon/blob/25.3.0/openstack_dashboard/dashboards/project/networks/ports/tables.py#L137; https://github.com/openstack/horizon/blob/25.3.0/openstack_dashboard/dashboards/project/networks/ports/views.py#L70
neutron	python-openstackclient	7.4.0	openstack.network.v2	openstack port unset	Снять параметры — Можно снять security groups и удалить allowed address pairs.	partial	Снятие binding profile, QoS, fixed IP, NUMA, host и hints не представлено.	—	Основной	https://github.com/openstack/python-openstackclient/blob/7.4.0/openstackclient/network/v2/port.py#L1241	https://github.com/openstack/horizon/blob/25.3.0/openstack_dashboard/dashboards/project/networks/ports/workflows.py#L373; https://github.com/openstack/horizon/blob/25.3.0/openstack_dashboard/dashboards/project/networks/ports/extensions/allowed_address_pairs/tables.py#L55
neutron	python-openstackclient	7.4.0	openstack.network.v2	openstack router add gateway	Нет UI управления несколькими external gateways.	no	CLI add/remove gateway требует external-gateway-multihoming. Обычные Set/Clear Gateway в UI соответствуют части router set/unset и не заменяют эти команды.	—	Основной	https://github.com/openstack/python-openstackclient/blob/7.4.0/openstackclient/network/v2/router.py#L1248	https://github.com/openstack/horizon/blob/25.3.0/openstack_dashboard/dashboards/project/routers/ports/forms.py#L147; https://github.com/openstack/horizon/blob/25.3.0/openstack_dashboard/dashboards/project/routers/tables.py#L110
neutron	python-openstackclient	7.4.0	openstack.network.v2	openstack router add port	Нет выбора существующего port для подключения к router.	no	Add Interface выбирает subnet и optional IP; вариант _add_interface_by_port создает новый порт, а не выбирает уже существующий CLI port.	—	Основной	https://github.com/openstack/python-openstackclient/blob/7.4.0/openstackclient/network/v2/router.py#L310	https://github.com/openstack/horizon/blob/25.3.0/openstack_dashboard/dashboards/project/routers/ports/forms.py#L28; https://github.com/openstack/horizon/blob/25.3.0/openstack_dashboard/dashboards/project/routers/ports/forms.py#L107
neutron	python-openstackclient	7.4.0	openstack.network.v2	openstack router add route	Static Routes в деталях router: Add Static Route / Delete Static Routes.	yes	Нужен extraroute; UI работает через таблицу маршрутов, а не обещает одинаковую атомарность всех CLI-вариантов.	—	Основной	https://github.com/openstack/python-openstackclient/blob/7.4.0/openstackclient/network/v2/router.py#L360	https://github.com/openstack/horizon/blob/25.3.0/openstack_dashboard/dashboards/project/routers/extensions/extraroutes/tables.py#L26
neutron	python-openstackclient	7.4.0	openstack.network.v2	openstack router add subnet	Router → Interfaces → Add Interface по subnet, optional IP.	yes	При явном IP UI создает новый port и подключает его.	—	Основной	https://github.com/openstack/python-openstackclient/blob/7.4.0/openstackclient/network/v2/router.py#L334	https://github.com/openstack/horizon/blob/25.3.0/openstack_dashboard/dashboards/project/routers/ports/forms.py#L28; https://github.com/openstack/horizon/blob/25.3.0/openstack_dashboard/dashboards/project/routers/ports/tables.py#L39
neutron	python-openstackclient	7.4.0	openstack.network.v2	openstack router create	Создать — Create Router: name, admin state, external network/SNAT, DVR/HA/AZ при доступности.	yes	Flavor, NDP, QoS и другие расширенные CLI-поля не все представлены.	—	Основной	https://github.com/openstack/python-openstackclient/blob/7.4.0/openstackclient/network/v2/router.py#L462	https://github.com/openstack/horizon/blob/25.3.0/openstack_dashboard/dashboards/project/routers/forms.py#L34; https://github.com/openstack/horizon/blob/25.3.0/openstack_dashboard/dashboards/project/routers/tables.py#L257
neutron	python-openstackclient	7.4.0	openstack.network.v2	openstack router delete	Удалить — Routers: список, Router Details, Delete Router.	yes	Удаление UI предварительно снимает интерфейсы; это отличается от прямого запроса delete API.	—	Основной	https://github.com/openstack/python-openstackclient/blob/7.4.0/openstackclient/network/v2/router.py#L641	https://github.com/openstack/horizon/blob/25.3.0/openstack_dashboard/dashboards/project/routers/tables.py#L257; https://github.com/openstack/horizon/blob/25.3.0/openstack_dashboard/dashboards/project/routers/tables.py#L36
neutron	python-openstackclient	7.4.0	openstack.network.v2	openstack router list	Перечислить — Routers: список, Router Details, Delete Router.	yes	Удаление UI предварительно снимает интерфейсы; это отличается от прямого запроса delete API.	—	Основной	https://github.com/openstack/python-openstackclient/blob/7.4.0/openstackclient/network/v2/router.py#L683	https://github.com/openstack/horizon/blob/25.3.0/openstack_dashboard/dashboards/project/routers/tables.py#L257; https://github.com/openstack/horizon/blob/25.3.0/openstack_dashboard/dashboards/project/routers/tables.py#L36
neutron	python-openstackclient	7.4.0	openstack.network.v2	openstack router remove gateway	Нет UI управления несколькими external gateways.	no	CLI add/remove gateway требует external-gateway-multihoming. Обычные Set/Clear Gateway в UI соответствуют части router set/unset и не заменяют эти команды.	—	Основной	https://github.com/openstack/python-openstackclient/blob/7.4.0/openstackclient/network/v2/router.py#L1316	https://github.com/openstack/horizon/blob/25.3.0/openstack_dashboard/dashboards/project/routers/ports/forms.py#L147; https://github.com/openstack/horizon/blob/25.3.0/openstack_dashboard/dashboards/project/routers/tables.py#L110
neutron	python-openstackclient	7.4.0	openstack.network.v2	openstack router remove port	Remove Interface у выбранного router port.	yes	Для gateway-порта UI вызывает удаление gateway; обычный интерфейс удаляется по port_id.	—	Основной	https://github.com/openstack/python-openstackclient/blob/7.4.0/openstackclient/network/v2/router.py#L827	https://github.com/openstack/horizon/blob/25.3.0/openstack_dashboard/dashboards/project/routers/ports/tables.py#L52
neutron	python-openstackclient	7.4.0	openstack.network.v2	openstack router remove route	Static Routes в деталях router: Add Static Route / Delete Static Routes.	yes	Нужен extraroute; UI работает через таблицу маршрутов, а не обещает одинаковую атомарность всех CLI-вариантов.	—	Основной	https://github.com/openstack/python-openstackclient/blob/7.4.0/openstackclient/network/v2/router.py#L409	https://github.com/openstack/horizon/blob/25.3.0/openstack_dashboard/dashboards/project/routers/extensions/extraroutes/tables.py#L26
neutron	python-openstackclient	7.4.0	openstack.network.v2	openstack router remove subnet	Remove Interface удаляет интерфейс, соответствующий подсети.	partial	UI удаляет по port_id; выбор одной subnet из общего интерфейса нескольких IPv6 subnet не представлен.	—	Основной	https://github.com/openstack/python-openstackclient/blob/7.4.0/openstackclient/network/v2/router.py#L853	https://github.com/openstack/horizon/blob/25.3.0/openstack_dashboard/dashboards/project/routers/ports/tables.py#L81
neutron	python-openstackclient	7.4.0	openstack.network.v2	openstack router set	Изменить — Edit Router: name/admin state/DVR; Set Gateway задает внешнюю сеть/SNAT; отдельные действия меняют routes.	partial	HA update намеренно скрыт; нет общей формы multihoming, QoS, NDP, ECMP/BFD и остальных расширенных параметров.	—	Основной	https://github.com/openstack/python-openstackclient/blob/7.4.0/openstackclient/network/v2/router.py#L883	https://github.com/openstack/horizon/blob/25.3.0/openstack_dashboard/dashboards/project/routers/forms.py#L159; https://github.com/openstack/horizon/blob/25.3.0/openstack_dashboard/dashboards/project/routers/ports/forms.py#L147
neutron	python-openstackclient	7.4.0	openstack.network.v2	openstack router show	Показать — Routers: список, Router Details, Delete Router.	yes	Удаление UI предварительно снимает интерфейсы; это отличается от прямого запроса delete API.	—	Основной	https://github.com/openstack/python-openstackclient/blob/7.4.0/openstackclient/network/v2/router.py#L1117	https://github.com/openstack/horizon/blob/25.3.0/openstack_dashboard/dashboards/project/routers/tables.py#L257; https://github.com/openstack/horizon/blob/25.3.0/openstack_dashboard/dashboards/project/routers/tables.py#L36
neutron	python-openstackclient	7.4.0	openstack.network.v2	openstack router unset	Снять параметры — Clear Gateway и удаление Static Routes.	partial	Нет снятия QoS policy/тегов и управления выборочными multihomed gateways.	—	Основной	https://github.com/openstack/python-openstackclient/blob/7.4.0/openstackclient/network/v2/router.py#L1153	https://github.com/openstack/horizon/blob/25.3.0/openstack_dashboard/dashboards/project/routers/tables.py#L124; https://github.com/openstack/horizon/blob/25.3.0/openstack_dashboard/dashboards/project/routers/extensions/extraroutes/tables.py#L39
neutron	python-openstackclient	7.4.0	openstack.network.v2	openstack router ndp proxy create	Создать — Создать: NDP proxy маршрутизатора.	no	Нет панели и формы NDP proxies.	—	Основной	https://github.com/openstack/python-openstackclient/blob/7.4.0/openstackclient/network/v2/ndp_proxy.py#L39	https://github.com/openstack/horizon/tree/25.3.0/openstack_dashboard/enabled; https://github.com/openstack/horizon/tree/25.3.0/openstack_dashboard/dashboards; https://github.com/openstack/horizon/tree/25.3.0/openstack_dashboard/static/app/core
neutron	python-openstackclient	7.4.0	openstack.network.v2	openstack router ndp proxy delete	Удалить — Удалить: NDP proxy маршрутизатора.	no	Нет панели и формы NDP proxies.	—	Основной	https://github.com/openstack/python-openstackclient/blob/7.4.0/openstackclient/network/v2/ndp_proxy.py#L103	https://github.com/openstack/horizon/tree/25.3.0/openstack_dashboard/enabled; https://github.com/openstack/horizon/tree/25.3.0/openstack_dashboard/dashboards; https://github.com/openstack/horizon/tree/25.3.0/openstack_dashboard/static/app/core
neutron	python-openstackclient	7.4.0	openstack.network.v2	openstack router ndp proxy list	Перечислить — Перечислить: NDP proxy маршрутизатора.	no	Нет панели и формы NDP proxies.	—	Основной	https://github.com/openstack/python-openstackclient/blob/7.4.0/openstackclient/network/v2/ndp_proxy.py#L138	https://github.com/openstack/horizon/tree/25.3.0/openstack_dashboard/enabled; https://github.com/openstack/horizon/tree/25.3.0/openstack_dashboard/dashboards; https://github.com/openstack/horizon/tree/25.3.0/openstack_dashboard/static/app/core
neutron	python-openstackclient	7.4.0	openstack.network.v2	openstack router ndp proxy set	Изменить — Изменить: NDP proxy маршрутизатора.	no	Нет панели и формы NDP proxies.	—	Основной	https://github.com/openstack/python-openstackclient/blob/7.4.0/openstackclient/network/v2/ndp_proxy.py#L233	https://github.com/openstack/horizon/tree/25.3.0/openstack_dashboard/enabled; https://github.com/openstack/horizon/tree/25.3.0/openstack_dashboard/dashboards; https://github.com/openstack/horizon/tree/25.3.0/openstack_dashboard/static/app/core
neutron	python-openstackclient	7.4.0	openstack.network.v2	openstack router ndp proxy show	Показать — Показать: NDP proxy маршрутизатора.	no	Нет панели и формы NDP proxies.	—	Основной	https://github.com/openstack/python-openstackclient/blob/7.4.0/openstackclient/network/v2/ndp_proxy.py#L270	https://github.com/openstack/horizon/tree/25.3.0/openstack_dashboard/enabled; https://github.com/openstack/horizon/tree/25.3.0/openstack_dashboard/dashboards; https://github.com/openstack/horizon/tree/25.3.0/openstack_dashboard/static/app/core
neutron	python-openstackclient	7.4.0	openstack.network.v2	openstack security group create	Создать — Create/Edit Security Group: name и description.	partial	Нет выбора stateful/stateless и управления tags; создание для произвольного проекта не представлено формой проекта.	—	Основной	https://github.com/openstack/python-openstackclient/blob/7.4.0/openstackclient/network/v2/security_group.py#L102	https://github.com/openstack/horizon/blob/25.3.0/openstack_dashboard/dashboards/project/security_groups/forms.py#L36; https://github.com/openstack/horizon/blob/25.3.0/openstack_dashboard/dashboards/project/security_groups/tables.py#L113
neutron	python-openstackclient	7.4.0	openstack.network.v2	openstack security group delete	Удалить — Security Groups: список, Manage Rules/детали, Delete.	yes	Детали ориентированы на правила; полный JSON API не воспроизводится.	—	Основной	https://github.com/openstack/python-openstackclient/blob/7.4.0/openstackclient/network/v2/security_group.py#L196	https://github.com/openstack/horizon/blob/25.3.0/openstack_dashboard/dashboards/project/security_groups/tables.py#L113; https://github.com/openstack/horizon/blob/25.3.0/openstack_dashboard/dashboards/project/security_groups/views.py#L40
neutron	python-openstackclient	7.4.0	openstack.network.v2	openstack security group list	Перечислить — Security Groups: список, Manage Rules/детали, Delete.	yes	Детали ориентированы на правила; полный JSON API не воспроизводится.	—	Основной	https://github.com/openstack/python-openstackclient/blob/7.4.0/openstackclient/network/v2/security_group.py#L223	https://github.com/openstack/horizon/blob/25.3.0/openstack_dashboard/dashboards/project/security_groups/tables.py#L113; https://github.com/openstack/horizon/blob/25.3.0/openstack_dashboard/dashboards/project/security_groups/views.py#L40
neutron	python-openstackclient	7.4.0	openstack.network.v2	openstack security group set	Изменить — Create/Edit Security Group: name и description.	partial	Нет выбора stateful/stateless и управления tags; создание для произвольного проекта не представлено формой проекта.	—	Основной	https://github.com/openstack/python-openstackclient/blob/7.4.0/openstackclient/network/v2/security_group.py#L324	https://github.com/openstack/horizon/blob/25.3.0/openstack_dashboard/dashboards/project/security_groups/forms.py#L36; https://github.com/openstack/horizon/blob/25.3.0/openstack_dashboard/dashboards/project/security_groups/tables.py#L113
neutron	python-openstackclient	7.4.0	openstack.network.v2	openstack security group show	Показать — Security Groups: список, Manage Rules/детали, Delete.	yes	Детали ориентированы на правила; полный JSON API не воспроизводится.	—	Основной	https://github.com/openstack/python-openstackclient/blob/7.4.0/openstackclient/network/v2/security_group.py#L407	https://github.com/openstack/horizon/blob/25.3.0/openstack_dashboard/dashboards/project/security_groups/tables.py#L113; https://github.com/openstack/horizon/blob/25.3.0/openstack_dashboard/dashboards/project/security_groups/views.py#L40
neutron	python-openstackclient	7.4.0	openstack.network.v2	openstack security group unset	Снять параметры — CLI снимает tags security group.	no	UI name/description не является редактором tags; действия снятия тегов нет.	—	Основной	https://github.com/openstack/python-openstackclient/blob/7.4.0/openstackclient/network/v2/security_group.py#L437	https://github.com/openstack/horizon/blob/25.3.0/openstack_dashboard/dashboards/project/security_groups/forms.py#L36
neutron	python-openstackclient	7.4.0	openstack.network.v2	openstack security group rule create	Создать — Add Rule: protocol/ports/ICMP, direction, ethertype, CIDR или remote security group.	partial	Нет remote address group, которая доступна CLI; это существенный отдельный вид remote.	—	Основной	https://github.com/openstack/python-openstackclient/blob/7.4.0/openstackclient/network/v2/security_group_rule.py#L42	https://github.com/openstack/horizon/blob/25.3.0/openstack_dashboard/dashboards/project/security_groups/forms.py#L97
neutron	python-openstackclient	7.4.0	openstack.network.v2	openstack security group rule delete	Удалить — Manage Rules: список и параметры правил; Delete Rule.	yes	Просмотр конкретного правила обеспечивается строкой таблицы; remote address group не создается UI.	—	Основной	https://github.com/openstack/python-openstackclient/blob/7.4.0/openstackclient/network/v2/security_group_rule.py#L327	https://github.com/openstack/horizon/blob/25.3.0/openstack_dashboard/dashboards/project/security_groups/tables.py#L143; https://github.com/openstack/horizon/blob/25.3.0/openstack_dashboard/dashboards/project/security_groups/tables.py#L247
neutron	python-openstackclient	7.4.0	openstack.network.v2	openstack security group rule list	Перечислить — Manage Rules: список и параметры правил; Delete Rule.	yes	Просмотр конкретного правила обеспечивается строкой таблицы; remote address group не создается UI.	—	Основной	https://github.com/openstack/python-openstackclient/blob/7.4.0/openstackclient/network/v2/security_group_rule.py#L351	https://github.com/openstack/horizon/blob/25.3.0/openstack_dashboard/dashboards/project/security_groups/tables.py#L143; https://github.com/openstack/horizon/blob/25.3.0/openstack_dashboard/dashboards/project/security_groups/tables.py#L247
neutron	python-openstackclient	7.4.0	openstack.network.v2	openstack security group rule show	Показать — Manage Rules: список и параметры правил; Delete Rule.	yes	Просмотр конкретного правила обеспечивается строкой таблицы; remote address group не создается UI.	—	Основной	https://github.com/openstack/python-openstackclient/blob/7.4.0/openstackclient/network/v2/security_group_rule.py#L571	https://github.com/openstack/horizon/blob/25.3.0/openstack_dashboard/dashboards/project/security_groups/tables.py#L143; https://github.com/openstack/horizon/blob/25.3.0/openstack_dashboard/dashboards/project/security_groups/tables.py#L247
neutron	python-openstackclient	7.4.0	openstack.network.v2	openstack default security group rule create	Создать — Создать: шаблон default security group rule.	no	Редактирование обычной security group с именем default не управляет этим API-ресурсом.	—	Основной	https://github.com/openstack/python-openstackclient/blob/7.4.0/openstackclient/network/v2/default_security_group_rule.py#L38	https://github.com/openstack/horizon/tree/25.3.0/openstack_dashboard/enabled; https://github.com/openstack/horizon/tree/25.3.0/openstack_dashboard/dashboards; https://github.com/openstack/horizon/tree/25.3.0/openstack_dashboard/static/app/core
neutron	python-openstackclient	7.4.0	openstack.network.v2	openstack default security group rule delete	Удалить — Удалить: шаблон default security group rule.	no	Редактирование обычной security group с именем default не управляет этим API-ресурсом.	—	Основной	https://github.com/openstack/python-openstackclient/blob/7.4.0/openstackclient/network/v2/default_security_group_rule.py#L232	https://github.com/openstack/horizon/tree/25.3.0/openstack_dashboard/enabled; https://github.com/openstack/horizon/tree/25.3.0/openstack_dashboard/dashboards; https://github.com/openstack/horizon/tree/25.3.0/openstack_dashboard/static/app/core
neutron	python-openstackclient	7.4.0	openstack.network.v2	openstack default security group rule list	Перечислить — Перечислить: шаблон default security group rule.	no	Редактирование обычной security group с именем default не управляет этим API-ресурсом.	—	Основной	https://github.com/openstack/python-openstackclient/blob/7.4.0/openstackclient/network/v2/default_security_group_rule.py#L277	https://github.com/openstack/horizon/tree/25.3.0/openstack_dashboard/enabled; https://github.com/openstack/horizon/tree/25.3.0/openstack_dashboard/dashboards; https://github.com/openstack/horizon/tree/25.3.0/openstack_dashboard/static/app/core
neutron	python-openstackclient	7.4.0	openstack.network.v2	openstack default security group rule show	Показать — Показать: шаблон default security group rule.	no	Редактирование обычной security group с именем default не управляет этим API-ресурсом.	—	Основной	https://github.com/openstack/python-openstackclient/blob/7.4.0/openstackclient/network/v2/default_security_group_rule.py#L390	https://github.com/openstack/horizon/tree/25.3.0/openstack_dashboard/enabled; https://github.com/openstack/horizon/tree/25.3.0/openstack_dashboard/dashboards; https://github.com/openstack/horizon/tree/25.3.0/openstack_dashboard/static/app/core
neutron	python-openstackclient	7.4.0	openstack.network.v2	openstack subnet create	Создать — Create Subnet: CIDR либо существующий subnet pool, IPv4/IPv6, gateway, DHCP, DNS, routes, allocation pools.	yes	Нет полного набора CLI-полей, например service types, network segment и tags.	—	Основной	https://github.com/openstack/python-openstackclient/blob/7.4.0/openstackclient/network/v2/subnet.py#L291	https://github.com/openstack/horizon/blob/25.3.0/openstack_dashboard/dashboards/project/networks/subnets/workflows.py#L32; https://github.com/openstack/horizon/blob/25.3.0/openstack_dashboard/dashboards/project/networks/workflows.py#L105
neutron	python-openstackclient	7.4.0	openstack.network.v2	openstack subnet delete	Удалить — Subnets в Network Details: список, детали, Delete Subnet.	yes	Список вложен в сеть; IPv6 и другие поля зависят от настроек/расширений.	—	Основной	https://github.com/openstack/python-openstackclient/blob/7.4.0/openstackclient/network/v2/subnet.py#L435	https://github.com/openstack/horizon/blob/25.3.0/openstack_dashboard/dashboards/project/networks/subnets/tables.py#L110; https://github.com/openstack/horizon/blob/25.3.0/openstack_dashboard/dashboards/project/networks/subnets/views.py#L105
neutron	python-openstackclient	7.4.0	openstack.network.v2	openstack subnet list	Перечислить — Subnets в Network Details: список, детали, Delete Subnet.	yes	Список вложен в сеть; IPv6 и другие поля зависят от настроек/расширений.	—	Основной	https://github.com/openstack/python-openstackclient/blob/7.4.0/openstackclient/network/v2/subnet.py#L477	https://github.com/openstack/horizon/blob/25.3.0/openstack_dashboard/dashboards/project/networks/subnets/tables.py#L110; https://github.com/openstack/horizon/blob/25.3.0/openstack_dashboard/dashboards/project/networks/subnets/views.py#L105
neutron	python-openstackclient	7.4.0	openstack.network.v2	openstack subnet set	Изменить — Edit Subnet: name, gateway, DHCP, allocation pools, DNS nameservers, host routes.	partial	IPv6 modes при update скрыты; нет service types, segment, description/tags и ряда расширений.	—	Основной	https://github.com/openstack/python-openstackclient/blob/7.4.0/openstackclient/network/v2/subnet.py#L650	https://github.com/openstack/horizon/blob/25.3.0/openstack_dashboard/dashboards/project/networks/subnets/workflows.py#L94; https://github.com/openstack/horizon/blob/25.3.0/openstack_dashboard/dashboards/project/networks/subnets/workflows.py#L199
neutron	python-openstackclient	7.4.0	openstack.network.v2	openstack subnet show	Показать — Subnets в Network Details: список, детали, Delete Subnet.	yes	Список вложен в сеть; IPv6 и другие поля зависят от настроек/расширений.	—	Основной	https://github.com/openstack/python-openstackclient/blob/7.4.0/openstackclient/network/v2/subnet.py#L743	https://github.com/openstack/horizon/blob/25.3.0/openstack_dashboard/dashboards/project/networks/subnets/tables.py#L110; https://github.com/openstack/horizon/blob/25.3.0/openstack_dashboard/dashboards/project/networks/subnets/views.py#L105
neutron	python-openstackclient	7.4.0	openstack.network.v2	openstack subnet unset	Снять параметры — Edit Subnet может убрать gateway, DNS/host routes и записи allocation pools.	partial	Нет снятия service types и tags; полностью пустой allocation_pools не отправляется, поэтому удаление последнего pool не покрыто. DNS/routes можно очистить.	—	Основной	https://github.com/openstack/python-openstackclient/blob/7.4.0/openstackclient/network/v2/subnet.py#L764	https://github.com/openstack/horizon/blob/25.3.0/openstack_dashboard/dashboards/project/networks/subnets/workflows.py#L199; https://github.com/openstack/horizon/blob/25.3.0/openstack_dashboard/dashboards/project/networks/workflows.py#L340
neutron	python-openstackclient	7.4.0	openstack.network.v2	openstack subnet pool create	Создать — Нет отдельной панели subnet pools.	no	При просмотре subnet читается только имя/id ее pool; это не просмотр pool prefixes, address scope, quotas и allocation attributes и не CRUD pool.	—	Основной	https://github.com/openstack/python-openstackclient/blob/7.4.0/openstackclient/network/v2/subnet_pool.py#L154	https://github.com/openstack/horizon/blob/25.3.0/openstack_dashboard/dashboards/project/networks/subnets/views.py#L122; https://github.com/openstack/horizon/blob/25.3.0/openstack_dashboard/dashboards/project/networks/workflows.py#L247
neutron	python-openstackclient	7.4.0	openstack.network.v2	openstack subnet pool delete	Удалить — Нет отдельной панели subnet pools.	no	При просмотре subnet читается только имя/id ее pool; это не просмотр pool prefixes, address scope, quotas и allocation attributes и не CRUD pool.	—	Основной	https://github.com/openstack/python-openstackclient/blob/7.4.0/openstackclient/network/v2/subnet_pool.py#L225	https://github.com/openstack/horizon/blob/25.3.0/openstack_dashboard/dashboards/project/networks/subnets/views.py#L122; https://github.com/openstack/horizon/blob/25.3.0/openstack_dashboard/dashboards/project/networks/workflows.py#L247
neutron	python-openstackclient	7.4.0	openstack.network.v2	openstack subnet pool list	Перечислить — Существующие subnet pools перечислены в Create Subnet.	partial	Dropdown для allocation, без самостоятельной таблицы pool ресурсов.	—	Основной	https://github.com/openstack/python-openstackclient/blob/7.4.0/openstackclient/network/v2/subnet_pool.py#L266	https://github.com/openstack/horizon/blob/25.3.0/openstack_dashboard/dashboards/project/networks/workflows.py#L247
neutron	python-openstackclient	7.4.0	openstack.network.v2	openstack subnet pool set	Изменить — Нет отдельной панели subnet pools.	no	При просмотре subnet читается только имя/id ее pool; это не просмотр pool prefixes, address scope, quotas и allocation attributes и не CRUD pool.	—	Основной	https://github.com/openstack/python-openstackclient/blob/7.4.0/openstackclient/network/v2/subnet_pool.py#L392	https://github.com/openstack/horizon/blob/25.3.0/openstack_dashboard/dashboards/project/networks/subnets/views.py#L122; https://github.com/openstack/horizon/blob/25.3.0/openstack_dashboard/dashboards/project/networks/workflows.py#L247
neutron	python-openstackclient	7.4.0	openstack.network.v2	openstack subnet pool show	Показать — Нет отдельной панели subnet pools.	no	При просмотре subnet читается только имя/id ее pool; это не просмотр pool prefixes, address scope, quotas и allocation attributes и не CRUD pool.	—	Основной	https://github.com/openstack/python-openstackclient/blob/7.4.0/openstackclient/network/v2/subnet_pool.py#L463	https://github.com/openstack/horizon/blob/25.3.0/openstack_dashboard/dashboards/project/networks/subnets/views.py#L122; https://github.com/openstack/horizon/blob/25.3.0/openstack_dashboard/dashboards/project/networks/workflows.py#L247
neutron	python-openstackclient	7.4.0	openstack.network.v2	openstack subnet pool unset	Снять параметры — Нет отдельной панели subnet pools.	no	При просмотре subnet читается только имя/id ее pool; это не просмотр pool prefixes, address scope, quotas и allocation attributes и не CRUD pool.	—	Основной	https://github.com/openstack/python-openstackclient/blob/7.4.0/openstackclient/network/v2/subnet_pool.py#L485	https://github.com/openstack/horizon/blob/25.3.0/openstack_dashboard/dashboards/project/networks/subnets/views.py#L122; https://github.com/openstack/horizon/blob/25.3.0/openstack_dashboard/dashboards/project/networks/workflows.py#L247
glance	python-openstackclient	7.4.0	openstack.image.v2	openstack image add project	Добавление проекта в image membership	no	Visibility shared в Edit/Create Image не является интерфейсом управления members; таких действий в registry нет.	—	Основной	https://github.com/openstack/python-openstackclient/blob/7.4.0/openstackclient/image/v2/image.py#L227 | https://opendev.org/openstack/python-openstackclient/src/tag/7.4.0/openstackclient/image/v2/image.py#L227	https://github.com/openstack/horizon/blob/25.3.0/openstack_dashboard/static/app/core/images/actions/actions.module.js#L60 | https://opendev.org/openstack/horizon/src/tag/25.3.0/openstack_dashboard/static/app/core/images/actions/actions.module.js#L60
glance	python-openstackclient	7.4.0	openstack.image.v2	openstack image create	Создание image с загрузкой данных/метаданных; image из volume	yes	Create Image, metadata шаг; Upload to Image из Cinder volume. Режим загрузки/URL зависит от настроек; полный Glance import/stores workflow отсутствует.	—	Основной	https://github.com/openstack/python-openstackclient/blob/7.4.0/openstackclient/image/v2/image.py#L271 | https://opendev.org/openstack/python-openstackclient/src/tag/7.4.0/openstackclient/image/v2/image.py#L271	https://github.com/openstack/horizon/blob/25.3.0/openstack_dashboard/static/app/core/images/actions/actions.module.js#L113 | https://opendev.org/openstack/horizon/src/tag/25.3.0/openstack_dashboard/static/app/core/images/actions/actions.module.js#L113 ; https://github.com/openstack/horizon/blob/25.3.0/openstack_dashboard/static/app/core/images/actions/create.action.service.js#L46 | https://opendev.org/openstack/horizon/src/tag/25.3.0/openstack_dashboard/static/app/core/images/actions/create.action.service.js#L46 ; https://github.com/openstack/horizon/blob/25.3.0/openstack_dashboard/dashboards/project/volumes/forms.py#L701 | https://opendev.org/openstack/horizon/src/tag/25.3.0/openstack_dashboard/dashboards/project/volumes/forms.py#L701 ; https://github.com/openstack/horizon/blob/25.3.0/openstack_dashboard/api/glance.py#L455 | https://opendev.org/openstack/horizon/src/tag/25.3.0/openstack_dashboard/api/glance.py#L455
glance	python-openstackclient	7.4.0	openstack.image.v2	openstack image delete	Удаление image	yes	Delete Image одиночно или bulk; удаление только из конкретного multistore не представлено отдельно.	—	Основной	https://github.com/openstack/python-openstackclient/blob/7.4.0/openstackclient/image/v2/image.py#L668 | https://opendev.org/openstack/python-openstackclient/src/tag/7.4.0/openstackclient/image/v2/image.py#L668	https://github.com/openstack/horizon/blob/25.3.0/openstack_dashboard/static/app/core/images/actions/actions.module.js#L104 | https://opendev.org/openstack/horizon/src/tag/25.3.0/openstack_dashboard/static/app/core/images/actions/actions.module.js#L104 ; https://github.com/openstack/horizon/blob/25.3.0/openstack_dashboard/static/app/core/images/actions/delete-image.service.js#L43 | https://opendev.org/openstack/horizon/src/tag/25.3.0/openstack_dashboard/static/app/core/images/actions/delete-image.service.js#L43
glance	python-openstackclient	7.4.0	openstack.image.v2	openstack image list	Список images и фильтрация	yes	Project/Admin Images; backend filters и output formats CLI отличаются.	—	Основной	https://github.com/openstack/python-openstackclient/blob/7.4.0/openstackclient/image/v2/image.py#L722 | https://opendev.org/openstack/python-openstackclient/src/tag/7.4.0/openstackclient/image/v2/image.py#L722	https://github.com/openstack/horizon/blob/25.3.0/openstack_dashboard/static/app/core/images/images.module.js#L70 | https://opendev.org/openstack/horizon/src/tag/25.3.0/openstack_dashboard/static/app/core/images/images.module.js#L70 ; https://github.com/openstack/horizon/blob/25.3.0/openstack_dashboard/dashboards/project/images/urls.py#L31 | https://opendev.org/openstack/horizon/src/tag/25.3.0/openstack_dashboard/dashboards/project/images/urls.py#L31
glance	python-openstackclient	7.4.0	openstack.image.v2	openstack image member list	Список image members	no	Visibility shared в Edit/Create Image не является интерфейсом управления members; таких действий в registry нет.	—	Основной	https://github.com/openstack/python-openstackclient/blob/7.4.0/openstackclient/image/v2/image.py#L947 | https://opendev.org/openstack/python-openstackclient/src/tag/7.4.0/openstackclient/image/v2/image.py#L947	https://github.com/openstack/horizon/blob/25.3.0/openstack_dashboard/static/app/core/images/actions/actions.module.js#L60 | https://opendev.org/openstack/horizon/src/tag/25.3.0/openstack_dashboard/static/app/core/images/actions/actions.module.js#L60
glance	python-openstackclient	7.4.0	openstack.image.v2	openstack image remove project	Удаление проекта из image membership	no	Visibility shared в Edit/Create Image не является интерфейсом управления members; таких действий в registry нет.	—	Основной	https://github.com/openstack/python-openstackclient/blob/7.4.0/openstackclient/image/v2/image.py#L983 | https://opendev.org/openstack/python-openstackclient/src/tag/7.4.0/openstackclient/image/v2/image.py#L983	https://github.com/openstack/horizon/blob/25.3.0/openstack_dashboard/static/app/core/images/actions/actions.module.js#L60 | https://opendev.org/openstack/horizon/src/tag/25.3.0/openstack_dashboard/static/app/core/images/actions/actions.module.js#L60
glance	python-openstackclient	7.4.0	openstack.image.v2	openstack image member get	Детали image member	no	Visibility shared в Edit/Create Image не является интерфейсом управления members; таких действий в registry нет.	—	Основной	https://github.com/openstack/python-openstackclient/blob/7.4.0/openstackclient/image/v2/image.py#L1019 | https://opendev.org/openstack/python-openstackclient/src/tag/7.4.0/openstackclient/image/v2/image.py#L1019	https://github.com/openstack/horizon/blob/25.3.0/openstack_dashboard/static/app/core/images/actions/actions.module.js#L60 | https://opendev.org/openstack/horizon/src/tag/25.3.0/openstack_dashboard/static/app/core/images/actions/actions.module.js#L60
glance	python-openstackclient	7.4.0	openstack.image.v2	openstack image save	Скачивание binary image в локальный файл/stdout	no	В штатном image action registry нет Download/Save Image; Upload и Create Volume — другие операции.	—	Основной	https://github.com/openstack/python-openstackclient/blob/7.4.0/openstackclient/image/v2/image.py#L1056 | https://opendev.org/openstack/python-openstackclient/src/tag/7.4.0/openstackclient/image/v2/image.py#L1056	https://github.com/openstack/horizon/blob/25.3.0/openstack_dashboard/static/app/core/images/actions/actions.module.js#L60 | https://opendev.org/openstack/horizon/src/tag/25.3.0/openstack_dashboard/static/app/core/images/actions/actions.module.js#L60
glance	python-openstackclient	7.4.0	openstack.image.v2	openstack image show	Подробности image и свойства	yes	Image details/overview/metadata; нет гарантии отображения каждого raw API поля.	—	Основной	https://github.com/openstack/python-openstackclient/blob/7.4.0/openstackclient/image/v2/image.py#L1389 | https://opendev.org/openstack/python-openstackclient/src/tag/7.4.0/openstackclient/image/v2/image.py#L1389	https://github.com/openstack/horizon/blob/25.3.0/openstack_dashboard/static/app/core/images/details/details.module.js#L20 | https://opendev.org/openstack/horizon/src/tag/25.3.0/openstack_dashboard/static/app/core/images/details/details.module.js#L20
glance	python-openstackclient	7.4.0	openstack.image.v2	openstack image set	Изменение image attributes/properties/tags, activate/deactivate, membership status	partial	Edit Image/Update Metadata и Angular Deactivate/Reactivate доступны; членство accept/reject/pending и прочие низкоуровневые параметры не представлены.	—	Основной	https://github.com/openstack/python-openstackclient/blob/7.4.0/openstackclient/image/v2/image.py#L1088 | https://opendev.org/openstack/python-openstackclient/src/tag/7.4.0/openstackclient/image/v2/image.py#L1088	https://github.com/openstack/horizon/blob/25.3.0/openstack_dashboard/static/app/core/images/actions/actions.module.js#L76 | https://opendev.org/openstack/horizon/src/tag/25.3.0/openstack_dashboard/static/app/core/images/actions/actions.module.js#L76 ; https://github.com/openstack/horizon/blob/25.3.0/openstack_dashboard/static/app/core/images/actions/edit.action.service.js#L40 | https://opendev.org/openstack/horizon/src/tag/25.3.0/openstack_dashboard/static/app/core/images/actions/edit.action.service.js#L40 ; https://github.com/openstack/horizon/blob/25.3.0/openstack_dashboard/static/app/core/images/actions/update-metadata.action.service.js#L40 | https://opendev.org/openstack/horizon/src/tag/25.3.0/openstack_dashboard/static/app/core/images/actions/update-metadata.action.service.js#L40
glance	python-openstackclient	7.4.0	openstack.image.v2	openstack image unset	Удаление image custom properties/tags	partial	Update Metadata позволяет удалять custom properties; отдельного интерфейса управления image tags не найдено.	—	Основной	https://github.com/openstack/python-openstackclient/blob/7.4.0/openstackclient/image/v2/image.py#L1419 | https://opendev.org/openstack/python-openstackclient/src/tag/7.4.0/openstackclient/image/v2/image.py#L1419	https://github.com/openstack/horizon/blob/25.3.0/openstack_dashboard/static/app/core/images/actions/update-metadata.action.service.js#L40 | https://opendev.org/openstack/horizon/src/tag/25.3.0/openstack_dashboard/static/app/core/images/actions/update-metadata.action.service.js#L40
glance	python-openstackclient	7.4.0	openstack.image.v2	openstack image stage	Загрузка image data в staging area Glance import API	no	Create Image upload вызывает images.upload; отдельного stage действия нет.	—	Основной	https://github.com/openstack/python-openstackclient/blob/7.4.0/openstackclient/image/v2/image.py#L1527 | https://opendev.org/openstack/python-openstackclient/src/tag/7.4.0/openstackclient/image/v2/image.py#L1527	https://github.com/openstack/horizon/blob/25.3.0/openstack_dashboard/static/app/core/images/actions/actions.module.js#L113 | https://opendev.org/openstack/horizon/src/tag/25.3.0/openstack_dashboard/static/app/core/images/actions/actions.module.js#L113 ; https://github.com/openstack/horizon/blob/25.3.0/openstack_dashboard/api/glance.py#L455 | https://opendev.org/openstack/horizon/src/tag/25.3.0/openstack_dashboard/api/glance.py#L455
glance	python-openstackclient	7.4.0	openstack.image.v2	openstack image task show	Детали Glance asynchronous task	no	Нет карточки task API.	—	Основной	https://github.com/openstack/python-openstackclient/blob/7.4.0/openstackclient/image/v2/task.py#L63 | https://opendev.org/openstack/python-openstackclient/src/tag/7.4.0/openstackclient/image/v2/task.py#L63	https://github.com/openstack/horizon/blob/25.3.0/openstack_dashboard/static/app/core/images/actions/actions.module.js#L60 | https://opendev.org/openstack/horizon/src/tag/25.3.0/openstack_dashboard/static/app/core/images/actions/actions.module.js#L60
glance	python-openstackclient	7.4.0	openstack.image.v2	openstack image task list	Список Glance asynchronous tasks	no	Нет панели task API; статус самого image не является списком задач.	—	Основной	https://github.com/openstack/python-openstackclient/blob/7.4.0/openstackclient/image/v2/task.py#L86 | https://opendev.org/openstack/python-openstackclient/src/tag/7.4.0/openstackclient/image/v2/task.py#L86	https://github.com/openstack/horizon/blob/25.3.0/openstack_dashboard/static/app/core/images/actions/actions.module.js#L60 | https://opendev.org/openstack/horizon/src/tag/25.3.0/openstack_dashboard/static/app/core/images/actions/actions.module.js#L60
glance	python-openstackclient	7.4.0	openstack.image.v2	openstack image import info	Discovery поддерживаемых image import methods	no	Нет UI import methods discovery.	—	Основной	https://github.com/openstack/python-openstackclient/blob/7.4.0/openstackclient/image/v2/info.py#L20 | https://opendev.org/openstack/python-openstackclient/src/tag/7.4.0/openstackclient/image/v2/info.py#L20	https://github.com/openstack/horizon/blob/25.3.0/openstack_dashboard/static/app/core/images/actions/actions.module.js#L60 | https://opendev.org/openstack/horizon/src/tag/25.3.0/openstack_dashboard/static/app/core/images/actions/actions.module.js#L60
glance	python-openstackclient	7.4.0	openstack.image.v2	openstack image import	Запуск interoperable image import: glance-direct/web-download/copy-image/glance-download	no	Create Image import_data/copy_from исторического upload flow не вызывает современный image_import и не дает выбора методов/stores.	—	Основной	https://github.com/openstack/python-openstackclient/blob/7.4.0/openstackclient/image/v2/image.py#L1604 | https://opendev.org/openstack/python-openstackclient/src/tag/7.4.0/openstackclient/image/v2/image.py#L1604	https://github.com/openstack/horizon/blob/25.3.0/openstack_dashboard/static/app/core/images/actions/actions.module.js#L113 | https://opendev.org/openstack/horizon/src/tag/25.3.0/openstack_dashboard/static/app/core/images/actions/actions.module.js#L113 ; https://github.com/openstack/horizon/blob/25.3.0/openstack_dashboard/api/rest/glance.py#L238 | https://opendev.org/openstack/horizon/src/tag/25.3.0/openstack_dashboard/api/rest/glance.py#L238 ; https://github.com/openstack/horizon/blob/25.3.0/openstack_dashboard/api/glance.py#L455 | https://opendev.org/openstack/horizon/src/tag/25.3.0/openstack_dashboard/api/glance.py#L455
glance	python-openstackclient	7.4.0	openstack.image.v2	openstack image stores list	Discovery Glance multistore backends	no	Нет панели/выбора Glance stores в штатном Images UI.	—	Основной	https://github.com/openstack/python-openstackclient/blob/7.4.0/openstackclient/image/v2/image.py#L1848 | https://opendev.org/openstack/python-openstackclient/src/tag/7.4.0/openstackclient/image/v2/image.py#L1848	https://github.com/openstack/horizon/blob/25.3.0/openstack_dashboard/static/app/core/images/actions/actions.module.js#L60 | https://opendev.org/openstack/horizon/src/tag/25.3.0/openstack_dashboard/static/app/core/images/actions/actions.module.js#L60
glance	python-openstackclient	7.4.0	openstack.image.v2	openstack image metadef namespace create	Создание namespace определений метаданных	yes	Admin Metadata Definitions / Import Namespace принимает JSON файл или direct JSON целиком.	—	Основной	https://github.com/openstack/python-openstackclient/blob/7.4.0/openstackclient/image/v2/metadef_namespaces.py#L65 | https://opendev.org/openstack/python-openstackclient/src/tag/7.4.0/openstackclient/image/v2/metadef_namespaces.py#L65	https://github.com/openstack/horizon/blob/25.3.0/openstack_dashboard/dashboards/admin/metadata_defs/forms.py#L34 | https://opendev.org/openstack/horizon/src/tag/25.3.0/openstack_dashboard/dashboards/admin/metadata_defs/forms.py#L34 ; https://github.com/openstack/horizon/blob/25.3.0/openstack_dashboard/dashboards/admin/metadata_defs/views.py#L84 | https://opendev.org/openstack/horizon/src/tag/25.3.0/openstack_dashboard/dashboards/admin/metadata_defs/views.py#L84
glance	python-openstackclient	7.4.0	openstack.image.v2	openstack image metadef namespace delete	Удаление namespace метаданных	yes	Delete Namespace.	—	Основной	https://github.com/openstack/python-openstackclient/blob/7.4.0/openstackclient/image/v2/metadef_namespaces.py#L139 | https://opendev.org/openstack/python-openstackclient/src/tag/7.4.0/openstackclient/image/v2/metadef_namespaces.py#L139	https://github.com/openstack/horizon/blob/25.3.0/openstack_dashboard/dashboards/admin/metadata_defs/tables.py#L43 | https://opendev.org/openstack/horizon/src/tag/25.3.0/openstack_dashboard/dashboards/admin/metadata_defs/tables.py#L43
glance	python-openstackclient	7.4.0	openstack.image.v2	openstack image metadef namespace list	Список namespace метаданных	yes	Admin Metadata Definitions с фильтрами и pagination.	—	Основной	https://github.com/openstack/python-openstackclient/blob/7.4.0/openstackclient/image/v2/metadef_namespaces.py#L178 | https://opendev.org/openstack/python-openstackclient/src/tag/7.4.0/openstackclient/image/v2/metadef_namespaces.py#L178	https://github.com/openstack/horizon/blob/25.3.0/openstack_dashboard/dashboards/admin/metadata_defs/views.py#L38 | https://opendev.org/openstack/horizon/src/tag/25.3.0/openstack_dashboard/dashboards/admin/metadata_defs/views.py#L38
glance	python-openstackclient	7.4.0	openstack.image.v2	openstack image metadef namespace set	Изменение атрибутов namespace	partial	Edit Namespace позволяет public/private и protected; не отдельные display_name/description поля CLI.	—	Основной	https://github.com/openstack/python-openstackclient/blob/7.4.0/openstackclient/image/v2/metadef_namespaces.py#L220 | https://opendev.org/openstack/python-openstackclient/src/tag/7.4.0/openstackclient/image/v2/metadef_namespaces.py#L220	https://github.com/openstack/horizon/blob/25.3.0/openstack_dashboard/dashboards/admin/metadata_defs/forms.py#L147 | https://opendev.org/openstack/horizon/src/tag/25.3.0/openstack_dashboard/dashboards/admin/metadata_defs/forms.py#L147
glance	python-openstackclient	7.4.0	openstack.image.v2	openstack image metadef namespace show	Детали namespace метаданных	yes	Namespace Overview и Contents с полным JSON.	—	Основной	https://github.com/openstack/python-openstackclient/blob/7.4.0/openstackclient/image/v2/metadef_namespaces.py#L296 | https://opendev.org/openstack/python-openstackclient/src/tag/7.4.0/openstackclient/image/v2/metadef_namespaces.py#L296	https://github.com/openstack/horizon/blob/25.3.0/openstack_dashboard/dashboards/admin/metadata_defs/tabs.py#L26 | https://opendev.org/openstack/horizon/src/tag/25.3.0/openstack_dashboard/dashboards/admin/metadata_defs/tabs.py#L26
glance	python-openstackclient	7.4.0	openstack.image.v2	openstack image metadef object create	Создание объекта определения метаданных	partial	Можно включить в импорт нового namespace JSON; отдельного добавления в существующий namespace UI нет.	—	Основной	https://github.com/openstack/python-openstackclient/blob/7.4.0/openstackclient/image/v2/metadef_objects.py#L50 | https://opendev.org/openstack/python-openstackclient/src/tag/7.4.0/openstackclient/image/v2/metadef_objects.py#L50	https://github.com/openstack/horizon/blob/25.3.0/openstack_dashboard/dashboards/admin/metadata_defs/forms.py#L34 | https://opendev.org/openstack/horizon/src/tag/25.3.0/openstack_dashboard/dashboards/admin/metadata_defs/forms.py#L34
glance	python-openstackclient	7.4.0	openstack.image.v2	openstack image metadef object show	Просмотр объекта определения метаданных	partial	Содержимое доступно через namespace Contents JSON; отдельного списка/карточки объектов или свойств нет.	—	Основной	https://github.com/openstack/python-openstackclient/blob/7.4.0/openstackclient/image/v2/metadef_objects.py#L83 | https://opendev.org/openstack/python-openstackclient/src/tag/7.4.0/openstackclient/image/v2/metadef_objects.py#L83	https://github.com/openstack/horizon/blob/25.3.0/openstack_dashboard/dashboards/admin/metadata_defs/tabs.py#L45 | https://opendev.org/openstack/horizon/src/tag/25.3.0/openstack_dashboard/dashboards/admin/metadata_defs/tabs.py#L45
glance	python-openstackclient	7.4.0	openstack.image.v2	openstack image metadef object list	Список объекта определения метаданных	partial	Содержимое доступно через namespace Contents JSON; отдельного списка/карточки объектов или свойств нет.	—	Основной	https://github.com/openstack/python-openstackclient/blob/7.4.0/openstackclient/image/v2/metadef_objects.py#L160 | https://opendev.org/openstack/python-openstackclient/src/tag/7.4.0/openstackclient/image/v2/metadef_objects.py#L160	https://github.com/openstack/horizon/blob/25.3.0/openstack_dashboard/dashboards/admin/metadata_defs/tabs.py#L45 | https://opendev.org/openstack/horizon/src/tag/25.3.0/openstack_dashboard/dashboards/admin/metadata_defs/tabs.py#L45
glance	python-openstackclient	7.4.0	openstack.image.v2	openstack image metadef object delete	Удаление объекта определения метаданных	no	Нет отдельного CRUD объектов/свойств в существующем namespace; Edit Namespace меняет только visibility/protected.	—	Основной	https://github.com/openstack/python-openstackclient/blob/7.4.0/openstackclient/image/v2/metadef_objects.py#L113 | https://opendev.org/openstack/python-openstackclient/src/tag/7.4.0/openstackclient/image/v2/metadef_objects.py#L113	https://github.com/openstack/horizon/blob/25.3.0/openstack_dashboard/dashboards/admin/metadata_defs/tables.py#L141 | https://opendev.org/openstack/horizon/src/tag/25.3.0/openstack_dashboard/dashboards/admin/metadata_defs/tables.py#L141 ; https://github.com/openstack/horizon/blob/25.3.0/openstack_dashboard/dashboards/admin/metadata_defs/forms.py#L147 | https://opendev.org/openstack/horizon/src/tag/25.3.0/openstack_dashboard/dashboards/admin/metadata_defs/forms.py#L147
glance	python-openstackclient	7.4.0	openstack.image.v2	openstack image metadef object update	Изменение объекта определения метаданных	no	Нет отдельного CRUD объектов/свойств в существующем namespace; Edit Namespace меняет только visibility/protected.	—	Основной	https://github.com/openstack/python-openstackclient/blob/7.4.0/openstackclient/image/v2/metadef_objects.py#L192 | https://opendev.org/openstack/python-openstackclient/src/tag/7.4.0/openstackclient/image/v2/metadef_objects.py#L192	https://github.com/openstack/horizon/blob/25.3.0/openstack_dashboard/dashboards/admin/metadata_defs/tables.py#L141 | https://opendev.org/openstack/horizon/src/tag/25.3.0/openstack_dashboard/dashboards/admin/metadata_defs/tables.py#L141 ; https://github.com/openstack/horizon/blob/25.3.0/openstack_dashboard/dashboards/admin/metadata_defs/forms.py#L147 | https://opendev.org/openstack/horizon/src/tag/25.3.0/openstack_dashboard/dashboards/admin/metadata_defs/forms.py#L147
glance	python-openstackclient	7.4.0	openstack.image.v2	openstack image metadef object property show	Просмотр свойства внутри metadef object	partial	Видно внутри namespace Contents JSON, отдельной карточки property нет.	—	Основной	https://github.com/openstack/python-openstackclient/blob/7.4.0/openstackclient/image/v2/metadef_objects.py#L228 | https://opendev.org/openstack/python-openstackclient/src/tag/7.4.0/openstackclient/image/v2/metadef_objects.py#L228	https://github.com/openstack/horizon/blob/25.3.0/openstack_dashboard/dashboards/admin/metadata_defs/tabs.py#L45 | https://opendev.org/openstack/horizon/src/tag/25.3.0/openstack_dashboard/dashboards/admin/metadata_defs/tabs.py#L45
glance	python-openstackclient	7.4.0	openstack.image.v2	openstack image metadef property create	Создание свойства определения метаданных	partial	Можно включить в импорт нового namespace JSON; отдельного добавления в существующий namespace UI нет.	—	Основной	https://github.com/openstack/python-openstackclient/blob/7.4.0/openstackclient/image/v2/metadef_properties.py#L57 | https://opendev.org/openstack/python-openstackclient/src/tag/7.4.0/openstackclient/image/v2/metadef_properties.py#L57	https://github.com/openstack/horizon/blob/25.3.0/openstack_dashboard/dashboards/admin/metadata_defs/forms.py#L34 | https://opendev.org/openstack/horizon/src/tag/25.3.0/openstack_dashboard/dashboards/admin/metadata_defs/forms.py#L34
glance	python-openstackclient	7.4.0	openstack.image.v2	openstack image metadef property delete	Удаление свойства определения метаданных	no	Нет отдельного CRUD объектов/свойств в существующем namespace; Edit Namespace меняет только visibility/protected.	—	Основной	https://github.com/openstack/python-openstackclient/blob/7.4.0/openstackclient/image/v2/metadef_properties.py#L114 | https://opendev.org/openstack/python-openstackclient/src/tag/7.4.0/openstackclient/image/v2/metadef_properties.py#L114	https://github.com/openstack/horizon/blob/25.3.0/openstack_dashboard/dashboards/admin/metadata_defs/tables.py#L141 | https://opendev.org/openstack/horizon/src/tag/25.3.0/openstack_dashboard/dashboards/admin/metadata_defs/tables.py#L141 ; https://github.com/openstack/horizon/blob/25.3.0/openstack_dashboard/dashboards/admin/metadata_defs/forms.py#L147 | https://opendev.org/openstack/horizon/src/tag/25.3.0/openstack_dashboard/dashboards/admin/metadata_defs/forms.py#L147
glance	python-openstackclient	7.4.0	openstack.image.v2	openstack image metadef property list	Список свойства определения метаданных	partial	Содержимое доступно через namespace Contents JSON; отдельного списка/карточки объектов или свойств нет.	—	Основной	https://github.com/openstack/python-openstackclient/blob/7.4.0/openstackclient/image/v2/metadef_properties.py#L166 | https://opendev.org/openstack/python-openstackclient/src/tag/7.4.0/openstackclient/image/v2/metadef_properties.py#L166	https://github.com/openstack/horizon/blob/25.3.0/openstack_dashboard/dashboards/admin/metadata_defs/tabs.py#L45 | https://opendev.org/openstack/horizon/src/tag/25.3.0/openstack_dashboard/dashboards/admin/metadata_defs/tabs.py#L45
glance	python-openstackclient	7.4.0	openstack.image.v2	openstack image metadef property set	Изменение свойства определения метаданных	no	Нет отдельного CRUD объектов/свойств в существующем namespace; Edit Namespace меняет только visibility/protected.	—	Основной	https://github.com/openstack/python-openstackclient/blob/7.4.0/openstackclient/image/v2/metadef_properties.py#L194 | https://opendev.org/openstack/python-openstackclient/src/tag/7.4.0/openstackclient/image/v2/metadef_properties.py#L194	https://github.com/openstack/horizon/blob/25.3.0/openstack_dashboard/dashboards/admin/metadata_defs/tables.py#L141 | https://opendev.org/openstack/horizon/src/tag/25.3.0/openstack_dashboard/dashboards/admin/metadata_defs/tables.py#L141 ; https://github.com/openstack/horizon/blob/25.3.0/openstack_dashboard/dashboards/admin/metadata_defs/forms.py#L147 | https://opendev.org/openstack/horizon/src/tag/25.3.0/openstack_dashboard/dashboards/admin/metadata_defs/forms.py#L147
glance	python-openstackclient	7.4.0	openstack.image.v2	openstack image metadef property show	Просмотр свойства определения метаданных	partial	Содержимое доступно через namespace Contents JSON; отдельного списка/карточки объектов или свойств нет.	—	Основной	https://github.com/openstack/python-openstackclient/blob/7.4.0/openstackclient/image/v2/metadef_properties.py#L259 | https://opendev.org/openstack/python-openstackclient/src/tag/7.4.0/openstackclient/image/v2/metadef_properties.py#L259	https://github.com/openstack/horizon/blob/25.3.0/openstack_dashboard/dashboards/admin/metadata_defs/tabs.py#L45 | https://opendev.org/openstack/horizon/src/tag/25.3.0/openstack_dashboard/dashboards/admin/metadata_defs/tabs.py#L45
glance	python-openstackclient	7.4.0	openstack.image.v2	openstack image metadef resource type list	Список известных resource types для metadata definitions	partial	Список используется в Manage Resource Type Associations, отдельной самостоятельной таблицы нет.	—	Основной	https://github.com/openstack/python-openstackclient/blob/7.4.0/openstackclient/image/v2/metadef_resource_types.py#L21 | https://opendev.org/openstack/python-openstackclient/src/tag/7.4.0/openstackclient/image/v2/metadef_resource_types.py#L21	https://github.com/openstack/horizon/blob/25.3.0/openstack_dashboard/dashboards/admin/metadata_defs/views.py#L157 | https://opendev.org/openstack/horizon/src/tag/25.3.0/openstack_dashboard/dashboards/admin/metadata_defs/views.py#L157
glance	python-openstackclient	7.4.0	openstack.image.v2	openstack image metadef resource type association create	Создание связей namespace с resource type	yes	Manage Resource Type Associations читает и записывает набор associations, включая prefix/properties target; изменение списка одним workflow.	—	Основной	https://github.com/openstack/python-openstackclient/blob/7.4.0/openstackclient/image/v2/metadef_resource_type_association.py#L32 | https://opendev.org/openstack/python-openstackclient/src/tag/7.4.0/openstackclient/image/v2/metadef_resource_type_association.py#L32	https://github.com/openstack/horizon/blob/25.3.0/openstack_dashboard/dashboards/admin/metadata_defs/forms.py#L116 | https://opendev.org/openstack/horizon/src/tag/25.3.0/openstack_dashboard/dashboards/admin/metadata_defs/forms.py#L116 ; https://github.com/openstack/horizon/blob/25.3.0/openstack_dashboard/dashboards/admin/metadata_defs/views.py#L157 | https://opendev.org/openstack/horizon/src/tag/25.3.0/openstack_dashboard/dashboards/admin/metadata_defs/views.py#L157
glance	python-openstackclient	7.4.0	openstack.image.v2	openstack image metadef resource type association delete	Удаление связей namespace с resource type	yes	Manage Resource Type Associations читает и записывает набор associations, включая prefix/properties target; изменение списка одним workflow.	—	Основной	https://github.com/openstack/python-openstackclient/blob/7.4.0/openstackclient/image/v2/metadef_resource_type_association.py#L80 | https://opendev.org/openstack/python-openstackclient/src/tag/7.4.0/openstackclient/image/v2/metadef_resource_type_association.py#L80	https://github.com/openstack/horizon/blob/25.3.0/openstack_dashboard/dashboards/admin/metadata_defs/forms.py#L116 | https://opendev.org/openstack/horizon/src/tag/25.3.0/openstack_dashboard/dashboards/admin/metadata_defs/forms.py#L116 ; https://github.com/openstack/horizon/blob/25.3.0/openstack_dashboard/dashboards/admin/metadata_defs/views.py#L157 | https://opendev.org/openstack/horizon/src/tag/25.3.0/openstack_dashboard/dashboards/admin/metadata_defs/views.py#L157
glance	python-openstackclient	7.4.0	openstack.image.v2	openstack image metadef resource type association list	Список связей namespace с resource type	yes	Manage Resource Type Associations читает и записывает набор associations, включая prefix/properties target; изменение списка одним workflow.	—	Основной	https://github.com/openstack/python-openstackclient/blob/7.4.0/openstackclient/image/v2/metadef_resource_type_association.py#L161 | https://opendev.org/openstack/python-openstackclient/src/tag/7.4.0/openstackclient/image/v2/metadef_resource_type_association.py#L161	https://github.com/openstack/horizon/blob/25.3.0/openstack_dashboard/dashboards/admin/metadata_defs/forms.py#L116 | https://opendev.org/openstack/horizon/src/tag/25.3.0/openstack_dashboard/dashboards/admin/metadata_defs/forms.py#L116 ; https://github.com/openstack/horizon/blob/25.3.0/openstack_dashboard/dashboards/admin/metadata_defs/views.py#L157 | https://opendev.org/openstack/horizon/src/tag/25.3.0/openstack_dashboard/dashboards/admin/metadata_defs/views.py#L157
glance	python-openstackclient	7.4.0	openstack.image.v2	openstack cached image list	Список Glance image cache	no	Нет панели cache list/queue/delete/clear. Кэш Horizon и Glance image cache — разные объекты.	—	Основной	https://github.com/openstack/python-openstackclient/blob/7.4.0/openstackclient/image/v2/cache.py#L66 | https://opendev.org/openstack/python-openstackclient/src/tag/7.4.0/openstackclient/image/v2/cache.py#L66	https://github.com/openstack/horizon/blob/25.3.0/openstack_dashboard/static/app/core/images/actions/actions.module.js#L60 | https://opendev.org/openstack/horizon/src/tag/25.3.0/openstack_dashboard/static/app/core/images/actions/actions.module.js#L60
glance	python-openstackclient	7.4.0	openstack.image.v2	openstack cached image queue	Постановка в очередь Glance image cache	no	Нет панели cache list/queue/delete/clear. Кэш Horizon и Glance image cache — разные объекты.	—	Основной	https://github.com/openstack/python-openstackclient/blob/7.4.0/openstackclient/image/v2/cache.py#L107 | https://opendev.org/openstack/python-openstackclient/src/tag/7.4.0/openstackclient/image/v2/cache.py#L107	https://github.com/openstack/horizon/blob/25.3.0/openstack_dashboard/static/app/core/images/actions/actions.module.js#L60 | https://opendev.org/openstack/horizon/src/tag/25.3.0/openstack_dashboard/static/app/core/images/actions/actions.module.js#L60
glance	python-openstackclient	7.4.0	openstack.image.v2	openstack cached image delete	Удаление Glance image cache	no	Нет панели cache list/queue/delete/clear. Кэш Horizon и Glance image cache — разные объекты.	—	Основной	https://github.com/openstack/python-openstackclient/blob/7.4.0/openstackclient/image/v2/cache.py#L148 | https://opendev.org/openstack/python-openstackclient/src/tag/7.4.0/openstackclient/image/v2/cache.py#L148	https://github.com/openstack/horizon/blob/25.3.0/openstack_dashboard/static/app/core/images/actions/actions.module.js#L60 | https://opendev.org/openstack/horizon/src/tag/25.3.0/openstack_dashboard/static/app/core/images/actions/actions.module.js#L60
glance	python-openstackclient	7.4.0	openstack.image.v2	openstack cached image clear	Очистка Glance image cache	no	Нет панели cache list/queue/delete/clear. Кэш Horizon и Glance image cache — разные объекты.	—	Основной	https://github.com/openstack/python-openstackclient/blob/7.4.0/openstackclient/image/v2/cache.py#L188 | https://opendev.org/openstack/python-openstackclient/src/tag/7.4.0/openstackclient/image/v2/cache.py#L188	https://github.com/openstack/horizon/blob/25.3.0/openstack_dashboard/static/app/core/images/actions/actions.module.js#L60 | https://opendev.org/openstack/horizon/src/tag/25.3.0/openstack_dashboard/static/app/core/images/actions/actions.module.js#L60
cinder	python-openstackclient	7.4.0	openstack.volume.v3	openstack consistency group add volume	Добавление тома в legacy consistency group	no	Панель Volume Groups использует client.groups generic API; это иной ресурс, не legacy consistencygroups.	—	Основной	https://github.com/openstack/python-openstackclient/blob/7.4.0/openstackclient/volume/v2/consistency_group.py#L51 | https://opendev.org/openstack/python-openstackclient/src/tag/7.4.0/openstackclient/volume/v2/consistency_group.py#L51	https://github.com/openstack/horizon/blob/25.3.0/openstack_dashboard/api/cinder.py#L1137 | https://opendev.org/openstack/horizon/src/tag/25.3.0/openstack_dashboard/api/cinder.py#L1137 ; https://github.com/openstack/horizon/blob/25.3.0/openstack_dashboard/dashboards/project/volume_groups/tables.py#L175 | https://opendev.org/openstack/horizon/src/tag/25.3.0/openstack_dashboard/dashboards/project/volume_groups/tables.py#L175
cinder	python-openstackclient	7.4.0	openstack.volume.v3	openstack consistency group create	Создание legacy consistency group	no	Панель Volume Groups использует client.groups generic API; это иной ресурс, не legacy consistencygroups.	—	Основной	https://github.com/openstack/python-openstackclient/blob/7.4.0/openstackclient/volume/v2/consistency_group.py#L93 | https://opendev.org/openstack/python-openstackclient/src/tag/7.4.0/openstackclient/volume/v2/consistency_group.py#L93	https://github.com/openstack/horizon/blob/25.3.0/openstack_dashboard/api/cinder.py#L1137 | https://opendev.org/openstack/horizon/src/tag/25.3.0/openstack_dashboard/api/cinder.py#L1137 ; https://github.com/openstack/horizon/blob/25.3.0/openstack_dashboard/dashboards/project/volume_groups/tables.py#L175 | https://opendev.org/openstack/horizon/src/tag/25.3.0/openstack_dashboard/dashboards/project/volume_groups/tables.py#L175
cinder	python-openstackclient	7.4.0	openstack.volume.v3	openstack consistency group delete	Удаление legacy consistency group	no	Панель Volume Groups использует client.groups generic API; это иной ресурс, не legacy consistencygroups.	—	Основной	https://github.com/openstack/python-openstackclient/blob/7.4.0/openstackclient/volume/v2/consistency_group.py#L195 | https://opendev.org/openstack/python-openstackclient/src/tag/7.4.0/openstackclient/volume/v2/consistency_group.py#L195	https://github.com/openstack/horizon/blob/25.3.0/openstack_dashboard/api/cinder.py#L1137 | https://opendev.org/openstack/horizon/src/tag/25.3.0/openstack_dashboard/api/cinder.py#L1137 ; https://github.com/openstack/horizon/blob/25.3.0/openstack_dashboard/dashboards/project/volume_groups/tables.py#L175 | https://opendev.org/openstack/horizon/src/tag/25.3.0/openstack_dashboard/dashboards/project/volume_groups/tables.py#L175
cinder	python-openstackclient	7.4.0	openstack.volume.v3	openstack consistency group list	Список legacy consistency group	no	Панель Volume Groups использует client.groups generic API; это иной ресурс, не legacy consistencygroups.	—	Основной	https://github.com/openstack/python-openstackclient/blob/7.4.0/openstackclient/volume/v2/consistency_group.py#L245 | https://opendev.org/openstack/python-openstackclient/src/tag/7.4.0/openstackclient/volume/v2/consistency_group.py#L245	https://github.com/openstack/horizon/blob/25.3.0/openstack_dashboard/api/cinder.py#L1137 | https://opendev.org/openstack/horizon/src/tag/25.3.0/openstack_dashboard/api/cinder.py#L1137 ; https://github.com/openstack/horizon/blob/25.3.0/openstack_dashboard/dashboards/project/volume_groups/tables.py#L175 | https://opendev.org/openstack/horizon/src/tag/25.3.0/openstack_dashboard/dashboards/project/volume_groups/tables.py#L175
cinder	python-openstackclient	7.4.0	openstack.volume.v3	openstack consistency group remove volume	Удаление тома из legacy consistency group	no	Панель Volume Groups использует client.groups generic API; это иной ресурс, не legacy consistencygroups.	—	Основной	https://github.com/openstack/python-openstackclient/blob/7.4.0/openstackclient/volume/v2/consistency_group.py#L296 | https://opendev.org/openstack/python-openstackclient/src/tag/7.4.0/openstackclient/volume/v2/consistency_group.py#L296	https://github.com/openstack/horizon/blob/25.3.0/openstack_dashboard/api/cinder.py#L1137 | https://opendev.org/openstack/horizon/src/tag/25.3.0/openstack_dashboard/api/cinder.py#L1137 ; https://github.com/openstack/horizon/blob/25.3.0/openstack_dashboard/dashboards/project/volume_groups/tables.py#L175 | https://opendev.org/openstack/horizon/src/tag/25.3.0/openstack_dashboard/dashboards/project/volume_groups/tables.py#L175
cinder	python-openstackclient	7.4.0	openstack.volume.v3	openstack consistency group set	Изменение legacy consistency group	no	Панель Volume Groups использует client.groups generic API; это иной ресурс, не legacy consistencygroups.	—	Основной	https://github.com/openstack/python-openstackclient/blob/7.4.0/openstackclient/volume/v2/consistency_group.py#L338 | https://opendev.org/openstack/python-openstackclient/src/tag/7.4.0/openstackclient/volume/v2/consistency_group.py#L338	https://github.com/openstack/horizon/blob/25.3.0/openstack_dashboard/api/cinder.py#L1137 | https://opendev.org/openstack/horizon/src/tag/25.3.0/openstack_dashboard/api/cinder.py#L1137 ; https://github.com/openstack/horizon/blob/25.3.0/openstack_dashboard/dashboards/project/volume_groups/tables.py#L175 | https://opendev.org/openstack/horizon/src/tag/25.3.0/openstack_dashboard/dashboards/project/volume_groups/tables.py#L175
cinder	python-openstackclient	7.4.0	openstack.volume.v3	openstack consistency group show	Просмотр legacy consistency group	no	Панель Volume Groups использует client.groups generic API; это иной ресурс, не legacy consistencygroups.	—	Основной	https://github.com/openstack/python-openstackclient/blob/7.4.0/openstackclient/volume/v2/consistency_group.py#L376 | https://opendev.org/openstack/python-openstackclient/src/tag/7.4.0/openstackclient/volume/v2/consistency_group.py#L376	https://github.com/openstack/horizon/blob/25.3.0/openstack_dashboard/api/cinder.py#L1137 | https://opendev.org/openstack/horizon/src/tag/25.3.0/openstack_dashboard/api/cinder.py#L1137 ; https://github.com/openstack/horizon/blob/25.3.0/openstack_dashboard/dashboards/project/volume_groups/tables.py#L175 | https://opendev.org/openstack/horizon/src/tag/25.3.0/openstack_dashboard/dashboards/project/volume_groups/tables.py#L175
cinder	python-openstackclient	7.4.0	openstack.volume.v3	openstack consistency group snapshot create	Создание legacy consistency-group snapshot	no	Панель Group Snapshots вызывает generic group_snapshots; отдельного legacy cgsnapshots UI нет.	—	Основной	https://github.com/openstack/python-openstackclient/blob/7.4.0/openstackclient/volume/v2/consistency_group_snapshot.py#L29 | https://opendev.org/openstack/python-openstackclient/src/tag/7.4.0/openstackclient/volume/v2/consistency_group_snapshot.py#L29	https://github.com/openstack/horizon/blob/25.3.0/openstack_dashboard/api/cinder.py#L1226 | https://opendev.org/openstack/horizon/src/tag/25.3.0/openstack_dashboard/api/cinder.py#L1226 ; https://github.com/openstack/horizon/blob/25.3.0/openstack_dashboard/dashboards/project/vg_snapshots/tables.py#L130 | https://opendev.org/openstack/horizon/src/tag/25.3.0/openstack_dashboard/dashboards/project/vg_snapshots/tables.py#L130
cinder	python-openstackclient	7.4.0	openstack.volume.v3	openstack consistency group snapshot delete	Удаление legacy consistency-group snapshot	no	Панель Group Snapshots вызывает generic group_snapshots; отдельного legacy cgsnapshots UI нет.	—	Основной	https://github.com/openstack/python-openstackclient/blob/7.4.0/openstackclient/volume/v2/consistency_group_snapshot.py#L74 | https://opendev.org/openstack/python-openstackclient/src/tag/7.4.0/openstackclient/volume/v2/consistency_group_snapshot.py#L74	https://github.com/openstack/horizon/blob/25.3.0/openstack_dashboard/api/cinder.py#L1226 | https://opendev.org/openstack/horizon/src/tag/25.3.0/openstack_dashboard/api/cinder.py#L1226 ; https://github.com/openstack/horizon/blob/25.3.0/openstack_dashboard/dashboards/project/vg_snapshots/tables.py#L130 | https://opendev.org/openstack/horizon/src/tag/25.3.0/openstack_dashboard/dashboards/project/vg_snapshots/tables.py#L130
cinder	python-openstackclient	7.4.0	openstack.volume.v3	openstack consistency group snapshot list	Список legacy consistency-group snapshot	no	Панель Group Snapshots вызывает generic group_snapshots; отдельного legacy cgsnapshots UI нет.	—	Основной	https://github.com/openstack/python-openstackclient/blob/7.4.0/openstackclient/volume/v2/consistency_group_snapshot.py#L117 | https://opendev.org/openstack/python-openstackclient/src/tag/7.4.0/openstackclient/volume/v2/consistency_group_snapshot.py#L117	https://github.com/openstack/horizon/blob/25.3.0/openstack_dashboard/api/cinder.py#L1226 | https://opendev.org/openstack/horizon/src/tag/25.3.0/openstack_dashboard/api/cinder.py#L1226 ; https://github.com/openstack/horizon/blob/25.3.0/openstack_dashboard/dashboards/project/vg_snapshots/tables.py#L130 | https://opendev.org/openstack/horizon/src/tag/25.3.0/openstack_dashboard/dashboards/project/vg_snapshots/tables.py#L130
cinder	python-openstackclient	7.4.0	openstack.volume.v3	openstack consistency group snapshot show	Просмотр legacy consistency-group snapshot	no	Панель Group Snapshots вызывает generic group_snapshots; отдельного legacy cgsnapshots UI нет.	—	Основной	https://github.com/openstack/python-openstackclient/blob/7.4.0/openstackclient/volume/v2/consistency_group_snapshot.py#L195 | https://opendev.org/openstack/python-openstackclient/src/tag/7.4.0/openstackclient/volume/v2/consistency_group_snapshot.py#L195	https://github.com/openstack/horizon/blob/25.3.0/openstack_dashboard/api/cinder.py#L1226 | https://opendev.org/openstack/horizon/src/tag/25.3.0/openstack_dashboard/api/cinder.py#L1226 ; https://github.com/openstack/horizon/blob/25.3.0/openstack_dashboard/dashboards/project/vg_snapshots/tables.py#L130 | https://opendev.org/openstack/horizon/src/tag/25.3.0/openstack_dashboard/dashboards/project/vg_snapshots/tables.py#L130
cinder	python-openstackclient	7.4.0	openstack.volume.v3	openstack volume create	Создание тома, clone, том из image/snapshot/backup; прием существующего backend volume	yes	Основной Create Volume; backup restore и Admin Manage реализованы отдельными формами. Не все scheduler/remote-source/cluster параметры CLI доступны.	—	Основной	https://github.com/openstack/python-openstackclient/blob/7.4.0/openstackclient/volume/v3/volume.py#L94 | https://opendev.org/openstack/python-openstackclient/src/tag/7.4.0/openstackclient/volume/v3/volume.py#L94	https://github.com/openstack/horizon/blob/25.3.0/openstack_dashboard/dashboards/project/volumes/forms.py#L78 | https://opendev.org/openstack/horizon/src/tag/25.3.0/openstack_dashboard/dashboards/project/volumes/forms.py#L78 ; https://github.com/openstack/horizon/blob/25.3.0/openstack_dashboard/dashboards/project/backups/forms.py#L130 | https://opendev.org/openstack/horizon/src/tag/25.3.0/openstack_dashboard/dashboards/project/backups/forms.py#L130 ; https://github.com/openstack/horizon/blob/25.3.0/openstack_dashboard/dashboards/admin/volumes/forms.py#L46 | https://opendev.org/openstack/horizon/src/tag/25.3.0/openstack_dashboard/dashboards/admin/volumes/forms.py#L46
cinder	python-openstackclient	7.4.0	openstack.volume.v3	openstack volume delete	Удаление тома; освобождение от управления с соответствующей опцией CLI	yes	Delete Volume; Admin Unmanage отдельно. UI не обещает parity --force/--purge и ограничивает допустимые состояния.	—	Основной	https://github.com/openstack/python-openstackclient/blob/7.4.0/openstackclient/volume/v3/volume.py#L358 | https://opendev.org/openstack/python-openstackclient/src/tag/7.4.0/openstackclient/volume/v3/volume.py#L358	https://github.com/openstack/horizon/blob/25.3.0/openstack_dashboard/dashboards/project/volumes/tables.py#L98 | https://opendev.org/openstack/horizon/src/tag/25.3.0/openstack_dashboard/dashboards/project/volumes/tables.py#L98 ; https://github.com/openstack/horizon/blob/25.3.0/openstack_dashboard/dashboards/admin/volumes/forms.py#L138 | https://opendev.org/openstack/horizon/src/tag/25.3.0/openstack_dashboard/dashboards/admin/volumes/forms.py#L138
cinder	python-openstackclient	7.4.0	openstack.volume.v3	openstack volume list	Список томов проекта или всех проектов	yes	Project/Admin Volumes; состав фильтров и формат выгрузки отличаются от CLI.	—	Основной	https://github.com/openstack/python-openstackclient/blob/7.4.0/openstackclient/volume/v3/volume.py#L412 | https://opendev.org/openstack/python-openstackclient/src/tag/7.4.0/openstackclient/volume/v3/volume.py#L412	https://github.com/openstack/horizon/blob/25.3.0/openstack_dashboard/dashboards/project/volumes/tables.py#L554 | https://opendev.org/openstack/horizon/src/tag/25.3.0/openstack_dashboard/dashboards/project/volumes/tables.py#L554 ; https://github.com/openstack/horizon/blob/25.3.0/openstack_dashboard/dashboards/admin/volumes/tables.py#L99 | https://opendev.org/openstack/horizon/src/tag/25.3.0/openstack_dashboard/dashboards/admin/volumes/tables.py#L99
cinder	python-openstackclient	7.4.0	openstack.volume.v3	openstack volume migrate	Перенос тома на другой backend/host	yes	Admin Migrate Volume с выбором host, force host copy и lock volume; нужны policy и поддержка backend.	—	Основной	https://github.com/openstack/python-openstackclient/blob/7.4.0/openstackclient/volume/v3/volume.py#L556 | https://opendev.org/openstack/python-openstackclient/src/tag/7.4.0/openstackclient/volume/v3/volume.py#L556	https://github.com/openstack/horizon/blob/25.3.0/openstack_dashboard/dashboards/admin/volumes/forms.py#L166 | https://opendev.org/openstack/horizon/src/tag/25.3.0/openstack_dashboard/dashboards/admin/volumes/forms.py#L166
cinder	python-openstackclient	7.4.0	openstack.volume.v3	openstack volume set	Имя, описание, размер, metadata, image metadata, status/attachment state, type, bootable, read-only	partial	UI имеет Edit/Extend/Retype/Update Metadata/Admin Update Status; не предоставляет весь набор image-property, read-only и ручного attachment-state CLI.	—	Основной	https://github.com/openstack/python-openstackclient/blob/7.4.0/openstackclient/volume/v3/volume.py#L604 | https://opendev.org/openstack/python-openstackclient/src/tag/7.4.0/openstackclient/volume/v3/volume.py#L604	https://github.com/openstack/horizon/blob/25.3.0/openstack_dashboard/dashboards/project/volumes/forms.py#L660 | https://opendev.org/openstack/horizon/src/tag/25.3.0/openstack_dashboard/dashboards/project/volumes/forms.py#L660 ; https://github.com/openstack/horizon/blob/25.3.0/openstack_dashboard/dashboards/project/volumes/forms.py#L759 | https://opendev.org/openstack/horizon/src/tag/25.3.0/openstack_dashboard/dashboards/project/volumes/forms.py#L759 ; https://github.com/openstack/horizon/blob/25.3.0/openstack_dashboard/dashboards/project/volumes/forms.py#L810 | https://opendev.org/openstack/horizon/src/tag/25.3.0/openstack_dashboard/dashboards/project/volumes/forms.py#L810 ; https://github.com/openstack/horizon/blob/25.3.0/openstack_dashboard/dashboards/project/volumes/tables.py#L536 | https://opendev.org/openstack/horizon/src/tag/25.3.0/openstack_dashboard/dashboards/project/volumes/tables.py#L536 ; https://github.com/openstack/horizon/blob/25.3.0/openstack_dashboard/dashboards/admin/volumes/forms.py#L216 | https://opendev.org/openstack/horizon/src/tag/25.3.0/openstack_dashboard/dashboards/admin/volumes/forms.py#L216
cinder	python-openstackclient	7.4.0	openstack.volume.v3	openstack volume show	Детали тома	yes	Overview, attachments, snapshots, messages; raw output CLI может содержать больше полей.	—	Основной	https://github.com/openstack/python-openstackclient/blob/7.4.0/openstackclient/volume/v3/volume.py#L910 | https://opendev.org/openstack/python-openstackclient/src/tag/7.4.0/openstackclient/volume/v3/volume.py#L910	https://github.com/openstack/horizon/blob/25.3.0/openstack_dashboard/dashboards/project/volumes/tabs.py#L31 | https://opendev.org/openstack/horizon/src/tag/25.3.0/openstack_dashboard/dashboards/project/volumes/tabs.py#L31 ; https://github.com/openstack/horizon/blob/25.3.0/openstack_dashboard/dashboards/project/volumes/views.py#L550 | https://opendev.org/openstack/horizon/src/tag/25.3.0/openstack_dashboard/dashboards/project/volumes/views.py#L550
cinder	python-openstackclient	7.4.0	openstack.volume.v3	openstack volume unset	Удаление volume metadata или volume image metadata	partial	Update Metadata покрывает обычные свойства; отдельного удаления image-property не обнаружено.	—	Основной	https://github.com/openstack/python-openstackclient/blob/7.4.0/openstackclient/volume/v3/volume.py#L943 | https://opendev.org/openstack/python-openstackclient/src/tag/7.4.0/openstackclient/volume/v3/volume.py#L943	https://github.com/openstack/horizon/blob/25.3.0/openstack_dashboard/dashboards/project/volumes/tables.py#L536 | https://opendev.org/openstack/horizon/src/tag/25.3.0/openstack_dashboard/dashboards/project/volumes/tables.py#L536
cinder	python-openstackclient	7.4.0	openstack.volume.v3	openstack volume attachment create	Создание объекта Cinder Attachment API	no	Manage Attachments подключает/отключает volume через Nova; UI не управляет отдельным reserve/connect/complete lifecycle Cinder attachments.	—	Основной	https://github.com/openstack/python-openstackclient/blob/7.4.0/openstackclient/volume/v3/volume_attachment.py#L78 | https://opendev.org/openstack/python-openstackclient/src/tag/7.4.0/openstackclient/volume/v3/volume_attachment.py#L78	https://github.com/openstack/horizon/blob/25.3.0/openstack_dashboard/dashboards/project/volumes/forms.py#L469 | https://opendev.org/openstack/horizon/src/tag/25.3.0/openstack_dashboard/dashboards/project/volumes/forms.py#L469 ; https://github.com/openstack/horizon/blob/25.3.0/openstack_dashboard/dashboards/project/volumes/tables.py#L592 | https://opendev.org/openstack/horizon/src/tag/25.3.0/openstack_dashboard/dashboards/project/volumes/tables.py#L592
cinder	python-openstackclient	7.4.0	openstack.volume.v3	openstack volume attachment delete	Удаление объекта Cinder Attachment API	no	Manage Attachments подключает/отключает volume через Nova; UI не управляет отдельным reserve/connect/complete lifecycle Cinder attachments.	—	Основной	https://github.com/openstack/python-openstackclient/blob/7.4.0/openstackclient/volume/v3/volume_attachment.py#L238 | https://opendev.org/openstack/python-openstackclient/src/tag/7.4.0/openstackclient/volume/v3/volume_attachment.py#L238	https://github.com/openstack/horizon/blob/25.3.0/openstack_dashboard/dashboards/project/volumes/forms.py#L469 | https://opendev.org/openstack/horizon/src/tag/25.3.0/openstack_dashboard/dashboards/project/volumes/forms.py#L469 ; https://github.com/openstack/horizon/blob/25.3.0/openstack_dashboard/dashboards/project/volumes/tables.py#L592 | https://opendev.org/openstack/horizon/src/tag/25.3.0/openstack_dashboard/dashboards/project/volumes/tables.py#L592
cinder	python-openstackclient	7.4.0	openstack.volume.v3	openstack volume attachment list	Список объектов Cinder Attachment API	partial	В Manage Attachments виден volume.attachments выбранного тома; нет отдельного глобального списка и полного набора полей Attachment API.	—	Основной	https://github.com/openstack/python-openstackclient/blob/7.4.0/openstackclient/volume/v3/volume_attachment.py#L386 | https://opendev.org/openstack/python-openstackclient/src/tag/7.4.0/openstackclient/volume/v3/volume_attachment.py#L386	https://github.com/openstack/horizon/blob/25.3.0/openstack_dashboard/dashboards/project/volumes/views.py#L550 | https://opendev.org/openstack/horizon/src/tag/25.3.0/openstack_dashboard/dashboards/project/volumes/views.py#L550 ; https://github.com/openstack/horizon/blob/25.3.0/openstack_dashboard/dashboards/project/volumes/tables.py#L636 | https://opendev.org/openstack/horizon/src/tag/25.3.0/openstack_dashboard/dashboards/project/volumes/tables.py#L636
cinder	python-openstackclient	7.4.0	openstack.volume.v3	openstack volume attachment complete	Завершение объекта Cinder Attachment API	no	Manage Attachments подключает/отключает volume через Nova; UI не управляет отдельным reserve/connect/complete lifecycle Cinder attachments.	—	Основной	https://github.com/openstack/python-openstackclient/blob/7.4.0/openstackclient/volume/v3/volume_attachment.py#L361 | https://opendev.org/openstack/python-openstackclient/src/tag/7.4.0/openstackclient/volume/v3/volume_attachment.py#L361	https://github.com/openstack/horizon/blob/25.3.0/openstack_dashboard/dashboards/project/volumes/forms.py#L469 | https://opendev.org/openstack/horizon/src/tag/25.3.0/openstack_dashboard/dashboards/project/volumes/forms.py#L469 ; https://github.com/openstack/horizon/blob/25.3.0/openstack_dashboard/dashboards/project/volumes/tables.py#L592 | https://opendev.org/openstack/horizon/src/tag/25.3.0/openstack_dashboard/dashboards/project/volumes/tables.py#L592
cinder	python-openstackclient	7.4.0	openstack.volume.v3	openstack volume attachment set	Изменение объекта Cinder Attachment API	no	Manage Attachments подключает/отключает volume через Nova; UI не управляет отдельным reserve/connect/complete lifecycle Cinder attachments.	—	Основной	https://github.com/openstack/python-openstackclient/blob/7.4.0/openstackclient/volume/v3/volume_attachment.py#L272 | https://opendev.org/openstack/python-openstackclient/src/tag/7.4.0/openstackclient/volume/v3/volume_attachment.py#L272	https://github.com/openstack/horizon/blob/25.3.0/openstack_dashboard/dashboards/project/volumes/forms.py#L469 | https://opendev.org/openstack/horizon/src/tag/25.3.0/openstack_dashboard/dashboards/project/volumes/forms.py#L469 ; https://github.com/openstack/horizon/blob/25.3.0/openstack_dashboard/dashboards/project/volumes/tables.py#L592 | https://opendev.org/openstack/horizon/src/tag/25.3.0/openstack_dashboard/dashboards/project/volumes/tables.py#L592
cinder	python-openstackclient	7.4.0	openstack.volume.v3	openstack volume attachment show	Просмотр объекта Cinder Attachment API	no	Manage Attachments подключает/отключает volume через Nova; UI не управляет отдельным reserve/connect/complete lifecycle Cinder attachments.	—	Основной	https://github.com/openstack/python-openstackclient/blob/7.4.0/openstackclient/volume/v3/volume_attachment.py#L488 | https://opendev.org/openstack/python-openstackclient/src/tag/7.4.0/openstackclient/volume/v3/volume_attachment.py#L488	https://github.com/openstack/horizon/blob/25.3.0/openstack_dashboard/dashboards/project/volumes/forms.py#L469 | https://opendev.org/openstack/horizon/src/tag/25.3.0/openstack_dashboard/dashboards/project/volumes/forms.py#L469 ; https://github.com/openstack/horizon/blob/25.3.0/openstack_dashboard/dashboards/project/volumes/tables.py#L592 | https://opendev.org/openstack/horizon/src/tag/25.3.0/openstack_dashboard/dashboards/project/volumes/tables.py#L592
cinder	python-openstackclient	7.4.0	openstack.volume.v3	openstack volume backup create	Создание полного/incremental backup тома или snapshot	conditional	Панель/действия требуют OPENSTACK_CINDER_FEATURES['enable_backup']=True (upstream default False), backup service и policy. Есть name/description/container/snapshot/incremental; для in-use force выставляется автоматически; нет metadata/AZ CLI.	—	Основной	https://github.com/openstack/python-openstackclient/blob/7.4.0/openstackclient/volume/v3/volume_backup.py#L62 | https://opendev.org/openstack/python-openstackclient/src/tag/7.4.0/openstackclient/volume/v3/volume_backup.py#L62	https://github.com/openstack/horizon/blob/25.3.0/openstack_dashboard/dashboards/project/backups/forms.py#L32 | https://opendev.org/openstack/horizon/src/tag/25.3.0/openstack_dashboard/dashboards/project/backups/forms.py#L32 ; https://github.com/openstack/horizon/blob/25.3.0/openstack_dashboard/defaults.py#L369 | https://opendev.org/openstack/horizon/src/tag/25.3.0/openstack_dashboard/defaults.py#L369
cinder	python-openstackclient	7.4.0	openstack.volume.v3	openstack volume backup delete	Удаление backup	conditional	Панель/действия требуют OPENSTACK_CINDER_FEATURES['enable_backup']=True (upstream default False), backup service и policy. Обычное удаление; Admin имеет Force Delete.	—	Основной	https://github.com/openstack/python-openstackclient/blob/7.4.0/openstackclient/volume/v3/volume_backup.py#L183 | https://opendev.org/openstack/python-openstackclient/src/tag/7.4.0/openstackclient/volume/v3/volume_backup.py#L183	https://github.com/openstack/horizon/blob/25.3.0/openstack_dashboard/dashboards/project/backups/tables.py#L67 | https://opendev.org/openstack/horizon/src/tag/25.3.0/openstack_dashboard/dashboards/project/backups/tables.py#L67 ; https://github.com/openstack/horizon/blob/25.3.0/openstack_dashboard/dashboards/admin/backups/tables.py#L36 | https://opendev.org/openstack/horizon/src/tag/25.3.0/openstack_dashboard/dashboards/admin/backups/tables.py#L36
cinder	python-openstackclient	7.4.0	openstack.volume.v3	openstack volume backup list	Список backup	conditional	Панель/действия требуют OPENSTACK_CINDER_FEATURES['enable_backup']=True (upstream default False), backup service и policy. Project/Admin Backups.	—	Основной	https://github.com/openstack/python-openstackclient/blob/7.4.0/openstackclient/volume/v3/volume_backup.py#L235 | https://opendev.org/openstack/python-openstackclient/src/tag/7.4.0/openstackclient/volume/v3/volume_backup.py#L235	https://github.com/openstack/horizon/blob/25.3.0/openstack_dashboard/dashboards/project/backups/tables.py#L149 | https://opendev.org/openstack/horizon/src/tag/25.3.0/openstack_dashboard/dashboards/project/backups/tables.py#L149 ; https://github.com/openstack/horizon/blob/25.3.0/openstack_dashboard/dashboards/admin/backups/tables.py#L109 | https://opendev.org/openstack/horizon/src/tag/25.3.0/openstack_dashboard/dashboards/admin/backups/tables.py#L109
cinder	python-openstackclient	7.4.0	openstack.volume.v3	openstack volume backup restore	Восстановление backup в новый или существующий том	conditional	Панель/действия требуют OPENSTACK_CINDER_FEATURES['enable_backup']=True (upstream default False), backup service и policy. Restore Backup выбирает destination volume или новый том.	—	Основной	https://github.com/openstack/python-openstackclient/blob/7.4.0/openstackclient/volume/v3/volume_backup.py#L382 | https://opendev.org/openstack/python-openstackclient/src/tag/7.4.0/openstackclient/volume/v3/volume_backup.py#L382	https://github.com/openstack/horizon/blob/25.3.0/openstack_dashboard/dashboards/project/backups/forms.py#L130 | https://opendev.org/openstack/horizon/src/tag/25.3.0/openstack_dashboard/dashboards/project/backups/forms.py#L130
cinder	python-openstackclient	7.4.0	openstack.volume.v3	openstack volume backup set	Изменение имени/описания/status/metadata backup	partial	Панель/действия требуют OPENSTACK_CINDER_FEATURES['enable_backup']=True (upstream default False), backup service и policy. Admin Update Status реализован; редактирования name/description/metadata backup нет.	—	Основной	https://github.com/openstack/python-openstackclient/blob/7.4.0/openstackclient/volume/v3/volume_backup.py#L455 | https://opendev.org/openstack/python-openstackclient/src/tag/7.4.0/openstackclient/volume/v3/volume_backup.py#L455	https://github.com/openstack/horizon/blob/25.3.0/openstack_dashboard/dashboards/admin/backups/forms.py#L24 | https://opendev.org/openstack/horizon/src/tag/25.3.0/openstack_dashboard/dashboards/admin/backups/forms.py#L24 ; https://github.com/openstack/horizon/blob/25.3.0/openstack_dashboard/dashboards/admin/backups/tables.py#L87 | https://opendev.org/openstack/horizon/src/tag/25.3.0/openstack_dashboard/dashboards/admin/backups/tables.py#L87
cinder	python-openstackclient	7.4.0	openstack.volume.v3	openstack volume backup unset	Удаление metadata backup	no	Нет отдельного UI удаления свойств backup.	—	Основной	https://github.com/openstack/python-openstackclient/blob/7.4.0/openstackclient/volume/v3/volume_backup.py#L586 | https://opendev.org/openstack/python-openstackclient/src/tag/7.4.0/openstackclient/volume/v3/volume_backup.py#L586	https://github.com/openstack/horizon/blob/25.3.0/openstack_dashboard/dashboards/project/backups/tables.py#L203 | https://opendev.org/openstack/horizon/src/tag/25.3.0/openstack_dashboard/dashboards/project/backups/tables.py#L203 ; https://github.com/openstack/horizon/blob/25.3.0/openstack_dashboard/dashboards/admin/backups/tables.py#L122 | https://opendev.org/openstack/horizon/src/tag/25.3.0/openstack_dashboard/dashboards/admin/backups/tables.py#L122
cinder	python-openstackclient	7.4.0	openstack.volume.v3	openstack volume backup show	Просмотр деталей backup	conditional	Панель/действия требуют OPENSTACK_CINDER_FEATURES['enable_backup']=True (upstream default False), backup service и policy. Overview и Messages.	—	Основной	https://github.com/openstack/python-openstackclient/blob/7.4.0/openstackclient/volume/v3/volume_backup.py#L643 | https://opendev.org/openstack/python-openstackclient/src/tag/7.4.0/openstackclient/volume/v3/volume_backup.py#L643	https://github.com/openstack/horizon/blob/25.3.0/openstack_dashboard/dashboards/project/backups/tabs.py#L30 | https://opendev.org/openstack/horizon/src/tag/25.3.0/openstack_dashboard/dashboards/project/backups/tabs.py#L30
cinder	python-openstackclient	7.4.0	openstack.volume.v3	openstack volume backend capability show	Возможности драйвера storage backend	no	Нет самостоятельного UI backend capabilities.	—	Основной	https://github.com/openstack/python-openstackclient/blob/7.4.0/openstackclient/volume/v2/volume_backend.py#L24 | https://opendev.org/openstack/python-openstackclient/src/tag/7.4.0/openstackclient/volume/v2/volume_backend.py#L24	https://github.com/openstack/horizon/blob/25.3.0/openstack_dashboard/dashboards/admin/volumes/tables.py#L114 | https://opendev.org/openstack/horizon/src/tag/25.3.0/openstack_dashboard/dashboards/admin/volumes/tables.py#L114
cinder	python-openstackclient	7.4.0	openstack.volume.v3	openstack volume backend pool list	Список storage pools и их возможностей	partial	Имена pools используются в выборе destination Migrate; отдельной подробной таблицы pool capabilities нет.	—	Основной	https://github.com/openstack/python-openstackclient/blob/7.4.0/openstackclient/volume/v2/volume_backend.py#L71 | https://opendev.org/openstack/python-openstackclient/src/tag/7.4.0/openstackclient/volume/v2/volume_backend.py#L71	https://github.com/openstack/horizon/blob/25.3.0/openstack_dashboard/dashboards/admin/volumes/views.py#L246 | https://opendev.org/openstack/horizon/src/tag/25.3.0/openstack_dashboard/dashboards/admin/volumes/views.py#L246
cinder	python-openstackclient	7.4.0	openstack.volume.v3	openstack volume backup record export	Экспорт backup record для переноса между инсталляциями	no	Экспорт записи backend не представлен кнопкой UI; это не скачивание содержимого тома.	—	Основной	https://github.com/openstack/python-openstackclient/blob/7.4.0/openstackclient/volume/v2/backup_record.py#L28 | https://opendev.org/openstack/python-openstackclient/src/tag/7.4.0/openstackclient/volume/v2/backup_record.py#L28	https://github.com/openstack/horizon/blob/25.3.0/openstack_dashboard/dashboards/project/backups/tables.py#L203 | https://opendev.org/openstack/horizon/src/tag/25.3.0/openstack_dashboard/dashboards/project/backups/tables.py#L203 ; https://github.com/openstack/horizon/blob/25.3.0/openstack_dashboard/dashboards/admin/backups/tables.py#L122 | https://opendev.org/openstack/horizon/src/tag/25.3.0/openstack_dashboard/dashboards/admin/backups/tables.py#L122
cinder	python-openstackclient	7.4.0	openstack.volume.v3	openstack volume backup record import	Импорт backup record	no	Нет UI импорта backup record.	—	Основной	https://github.com/openstack/python-openstackclient/blob/7.4.0/openstackclient/volume/v2/backup_record.py#L59 | https://opendev.org/openstack/python-openstackclient/src/tag/7.4.0/openstackclient/volume/v2/backup_record.py#L59	https://github.com/openstack/horizon/blob/25.3.0/openstack_dashboard/dashboards/project/backups/tables.py#L203 | https://opendev.org/openstack/horizon/src/tag/25.3.0/openstack_dashboard/dashboards/project/backups/tables.py#L203 ; https://github.com/openstack/horizon/blob/25.3.0/openstack_dashboard/dashboards/admin/backups/tables.py#L122 | https://opendev.org/openstack/horizon/src/tag/25.3.0/openstack_dashboard/dashboards/admin/backups/tables.py#L122
cinder	python-openstackclient	7.4.0	openstack.volume.v3	openstack volume group create	Создание generic volume group, clone или создание из group snapshot	yes	Create Group workflow, Clone Group и Create Group from Snapshot. Требуется generic-groups API/backend.	—	Основной	https://github.com/openstack/python-openstackclient/blob/7.4.0/openstackclient/volume/v3/volume_group.py#L62 | https://opendev.org/openstack/python-openstackclient/src/tag/7.4.0/openstackclient/volume/v3/volume_group.py#L62	https://github.com/openstack/horizon/blob/25.3.0/openstack_dashboard/dashboards/project/volume_groups/workflows.py#L31 | https://opendev.org/openstack/horizon/src/tag/25.3.0/openstack_dashboard/dashboards/project/volume_groups/workflows.py#L31 ; https://github.com/openstack/horizon/blob/25.3.0/openstack_dashboard/dashboards/project/volume_groups/forms.py#L140 | https://opendev.org/openstack/horizon/src/tag/25.3.0/openstack_dashboard/dashboards/project/volume_groups/forms.py#L140 ; https://github.com/openstack/horizon/blob/25.3.0/openstack_dashboard/dashboards/project/vg_snapshots/forms.py#L24 | https://opendev.org/openstack/horizon/src/tag/25.3.0/openstack_dashboard/dashboards/project/vg_snapshots/forms.py#L24
cinder	python-openstackclient	7.4.0	openstack.volume.v3	openstack volume group delete	Удаление generic volume group, при необходимости вместе с volumes	yes	Delete Group и флаг удаления томов.	—	Основной	https://github.com/openstack/python-openstackclient/blob/7.4.0/openstackclient/volume/v3/volume_group.py#L272 | https://opendev.org/openstack/python-openstackclient/src/tag/7.4.0/openstackclient/volume/v3/volume_group.py#L272	https://github.com/openstack/horizon/blob/25.3.0/openstack_dashboard/dashboards/project/volume_groups/forms.py#L80 | https://opendev.org/openstack/horizon/src/tag/25.3.0/openstack_dashboard/dashboards/project/volume_groups/forms.py#L80
cinder	python-openstackclient	7.4.0	openstack.volume.v3	openstack volume group list	Список generic volume groups	yes	Project/Admin Volume Groups.	—	Основной	https://github.com/openstack/python-openstackclient/blob/7.4.0/openstackclient/volume/v3/volume_group.py#L401 | https://opendev.org/openstack/python-openstackclient/src/tag/7.4.0/openstackclient/volume/v3/volume_group.py#L401	https://github.com/openstack/horizon/blob/25.3.0/openstack_dashboard/dashboards/project/volume_groups/tables.py#L133 | https://opendev.org/openstack/horizon/src/tag/25.3.0/openstack_dashboard/dashboards/project/volume_groups/tables.py#L133 ; https://github.com/openstack/horizon/blob/25.3.0/openstack_dashboard/dashboards/admin/volume_groups/tables.py#L53 | https://opendev.org/openstack/horizon/src/tag/25.3.0/openstack_dashboard/dashboards/admin/volume_groups/tables.py#L53
cinder	python-openstackclient	7.4.0	openstack.volume.v3	openstack volume group failover	Failover репликации generic volume group	no	Нет UI group replication failover.	—	Основной	https://github.com/openstack/python-openstackclient/blob/7.4.0/openstackclient/volume/v3/volume_group.py#L567 | https://opendev.org/openstack/python-openstackclient/src/tag/7.4.0/openstackclient/volume/v3/volume_group.py#L567	https://github.com/openstack/horizon/blob/25.3.0/openstack_dashboard/dashboards/project/volume_groups/tables.py#L175 | https://opendev.org/openstack/horizon/src/tag/25.3.0/openstack_dashboard/dashboards/project/volume_groups/tables.py#L175
cinder	python-openstackclient	7.4.0	openstack.volume.v3	openstack volume group set	Изменение group name/description; enable/disable replication	partial	Edit Group меняет name/description; enable/disable replication отсутствует. Manage Volumes — дополнительное действие UI, не флаг этой команды.	—	Основной	https://github.com/openstack/python-openstackclient/blob/7.4.0/openstackclient/volume/v3/volume_group.py#L314 | https://opendev.org/openstack/python-openstackclient/src/tag/7.4.0/openstackclient/volume/v3/volume_group.py#L314	https://github.com/openstack/horizon/blob/25.3.0/openstack_dashboard/dashboards/project/volume_groups/forms.py#L24 | https://opendev.org/openstack/horizon/src/tag/25.3.0/openstack_dashboard/dashboards/project/volume_groups/forms.py#L24 ; https://github.com/openstack/horizon/blob/25.3.0/openstack_dashboard/dashboards/project/volume_groups/workflows.py#L260 | https://opendev.org/openstack/horizon/src/tag/25.3.0/openstack_dashboard/dashboards/project/volume_groups/workflows.py#L260
cinder	python-openstackclient	7.4.0	openstack.volume.v3	openstack volume group show	Детали volume group, входящие volumes и replication targets	partial	Overview/Volumes доступны; нет специального представления replication targets.	—	Основной	https://github.com/openstack/python-openstackclient/blob/7.4.0/openstackclient/volume/v3/volume_group.py#L465 | https://opendev.org/openstack/python-openstackclient/src/tag/7.4.0/openstackclient/volume/v3/volume_group.py#L465	https://github.com/openstack/horizon/blob/25.3.0/openstack_dashboard/dashboards/project/volume_groups/tabs.py#L25 | https://opendev.org/openstack/horizon/src/tag/25.3.0/openstack_dashboard/dashboards/project/volume_groups/tabs.py#L25
cinder	python-openstackclient	7.4.0	openstack.volume.v3	openstack volume group snapshot create	Создание generic group snapshot	yes	Create Snapshot из группы; Project/Admin Group Snapshots, detail/delete; создание новой группы из snapshot отдельной кнопкой.	—	Основной	https://github.com/openstack/python-openstackclient/blob/7.4.0/openstackclient/volume/v3/volume_group_snapshot.py#L52 | https://opendev.org/openstack/python-openstackclient/src/tag/7.4.0/openstackclient/volume/v3/volume_group_snapshot.py#L52	https://github.com/openstack/horizon/blob/25.3.0/openstack_dashboard/dashboards/project/volume_groups/forms.py#L103 | https://opendev.org/openstack/horizon/src/tag/25.3.0/openstack_dashboard/dashboards/project/volume_groups/forms.py#L103 ; https://github.com/openstack/horizon/blob/25.3.0/openstack_dashboard/dashboards/project/vg_snapshots/tables.py#L92 | https://opendev.org/openstack/horizon/src/tag/25.3.0/openstack_dashboard/dashboards/project/vg_snapshots/tables.py#L92 ; https://github.com/openstack/horizon/blob/25.3.0/openstack_dashboard/dashboards/project/vg_snapshots/tabs.py#L24 | https://opendev.org/openstack/horizon/src/tag/25.3.0/openstack_dashboard/dashboards/project/vg_snapshots/tabs.py#L24
cinder	python-openstackclient	7.4.0	openstack.volume.v3	openstack volume group snapshot delete	Удаление generic group snapshot	yes	Create Snapshot из группы; Project/Admin Group Snapshots, detail/delete; создание новой группы из snapshot отдельной кнопкой.	—	Основной	https://github.com/openstack/python-openstackclient/blob/7.4.0/openstackclient/volume/v3/volume_group_snapshot.py#L102 | https://opendev.org/openstack/python-openstackclient/src/tag/7.4.0/openstackclient/volume/v3/volume_group_snapshot.py#L102	https://github.com/openstack/horizon/blob/25.3.0/openstack_dashboard/dashboards/project/volume_groups/forms.py#L103 | https://opendev.org/openstack/horizon/src/tag/25.3.0/openstack_dashboard/dashboards/project/volume_groups/forms.py#L103 ; https://github.com/openstack/horizon/blob/25.3.0/openstack_dashboard/dashboards/project/vg_snapshots/tables.py#L92 | https://opendev.org/openstack/horizon/src/tag/25.3.0/openstack_dashboard/dashboards/project/vg_snapshots/tables.py#L92 ; https://github.com/openstack/horizon/blob/25.3.0/openstack_dashboard/dashboards/project/vg_snapshots/tabs.py#L24 | https://opendev.org/openstack/horizon/src/tag/25.3.0/openstack_dashboard/dashboards/project/vg_snapshots/tabs.py#L24
cinder	python-openstackclient	7.4.0	openstack.volume.v3	openstack volume group snapshot list	Список generic group snapshot	yes	Create Snapshot из группы; Project/Admin Group Snapshots, detail/delete; создание новой группы из snapshot отдельной кнопкой.	—	Основной	https://github.com/openstack/python-openstackclient/blob/7.4.0/openstackclient/volume/v3/volume_group_snapshot.py#L136 | https://opendev.org/openstack/python-openstackclient/src/tag/7.4.0/openstackclient/volume/v3/volume_group_snapshot.py#L136	https://github.com/openstack/horizon/blob/25.3.0/openstack_dashboard/dashboards/project/volume_groups/forms.py#L103 | https://opendev.org/openstack/horizon/src/tag/25.3.0/openstack_dashboard/dashboards/project/volume_groups/forms.py#L103 ; https://github.com/openstack/horizon/blob/25.3.0/openstack_dashboard/dashboards/project/vg_snapshots/tables.py#L92 | https://opendev.org/openstack/horizon/src/tag/25.3.0/openstack_dashboard/dashboards/project/vg_snapshots/tables.py#L92 ; https://github.com/openstack/horizon/blob/25.3.0/openstack_dashboard/dashboards/project/vg_snapshots/tabs.py#L24 | https://opendev.org/openstack/horizon/src/tag/25.3.0/openstack_dashboard/dashboards/project/vg_snapshots/tabs.py#L24
cinder	python-openstackclient	7.4.0	openstack.volume.v3	openstack volume group snapshot show	Просмотр generic group snapshot	yes	Create Snapshot из группы; Project/Admin Group Snapshots, detail/delete; создание новой группы из snapshot отдельной кнопкой.	—	Основной	https://github.com/openstack/python-openstackclient/blob/7.4.0/openstackclient/volume/v3/volume_group_snapshot.py#L198 | https://opendev.org/openstack/python-openstackclient/src/tag/7.4.0/openstackclient/volume/v3/volume_group_snapshot.py#L198	https://github.com/openstack/horizon/blob/25.3.0/openstack_dashboard/dashboards/project/volume_groups/forms.py#L103 | https://opendev.org/openstack/horizon/src/tag/25.3.0/openstack_dashboard/dashboards/project/volume_groups/forms.py#L103 ; https://github.com/openstack/horizon/blob/25.3.0/openstack_dashboard/dashboards/project/vg_snapshots/tables.py#L92 | https://opendev.org/openstack/horizon/src/tag/25.3.0/openstack_dashboard/dashboards/project/vg_snapshots/tables.py#L92 ; https://github.com/openstack/horizon/blob/25.3.0/openstack_dashboard/dashboards/project/vg_snapshots/tabs.py#L24 | https://opendev.org/openstack/horizon/src/tag/25.3.0/openstack_dashboard/dashboards/project/vg_snapshots/tabs.py#L24
cinder	python-openstackclient	7.4.0	openstack.volume.v3	openstack volume group type create	Создание group type и его specs	yes	Admin Group Types: Create/Edit/Delete/View Specs; specs можно добавлять, изменять и удалять.	—	Основной	https://github.com/openstack/python-openstackclient/blob/7.4.0/openstackclient/volume/v3/volume_group_type.py#L57 | https://opendev.org/openstack/python-openstackclient/src/tag/7.4.0/openstackclient/volume/v3/volume_group_type.py#L57	https://github.com/openstack/horizon/blob/25.3.0/openstack_dashboard/dashboards/admin/group_types/tables.py#L101 | https://opendev.org/openstack/horizon/src/tag/25.3.0/openstack_dashboard/dashboards/admin/group_types/tables.py#L101 ; https://github.com/openstack/horizon/blob/25.3.0/openstack_dashboard/dashboards/admin/group_types/forms.py#L24 | https://opendev.org/openstack/horizon/src/tag/25.3.0/openstack_dashboard/dashboards/admin/group_types/forms.py#L24 ; https://github.com/openstack/horizon/blob/25.3.0/openstack_dashboard/dashboards/admin/group_types/specs/tables.py#L74 | https://opendev.org/openstack/horizon/src/tag/25.3.0/openstack_dashboard/dashboards/admin/group_types/specs/tables.py#L74
cinder	python-openstackclient	7.4.0	openstack.volume.v3	openstack volume group type delete	Удаление group type и его specs	yes	Admin Group Types: Create/Edit/Delete/View Specs; specs можно добавлять, изменять и удалять.	—	Основной	https://github.com/openstack/python-openstackclient/blob/7.4.0/openstackclient/volume/v3/volume_group_type.py#L110 | https://opendev.org/openstack/python-openstackclient/src/tag/7.4.0/openstackclient/volume/v3/volume_group_type.py#L110	https://github.com/openstack/horizon/blob/25.3.0/openstack_dashboard/dashboards/admin/group_types/tables.py#L101 | https://opendev.org/openstack/horizon/src/tag/25.3.0/openstack_dashboard/dashboards/admin/group_types/tables.py#L101 ; https://github.com/openstack/horizon/blob/25.3.0/openstack_dashboard/dashboards/admin/group_types/forms.py#L24 | https://opendev.org/openstack/horizon/src/tag/25.3.0/openstack_dashboard/dashboards/admin/group_types/forms.py#L24 ; https://github.com/openstack/horizon/blob/25.3.0/openstack_dashboard/dashboards/admin/group_types/specs/tables.py#L74 | https://opendev.org/openstack/horizon/src/tag/25.3.0/openstack_dashboard/dashboards/admin/group_types/specs/tables.py#L74
cinder	python-openstackclient	7.4.0	openstack.volume.v3	openstack volume group type list	Список group type и его specs	yes	Admin Group Types: Create/Edit/Delete/View Specs; specs можно добавлять, изменять и удалять.	—	Основной	https://github.com/openstack/python-openstackclient/blob/7.4.0/openstackclient/volume/v3/volume_group_type.py#L310 | https://opendev.org/openstack/python-openstackclient/src/tag/7.4.0/openstackclient/volume/v3/volume_group_type.py#L310	https://github.com/openstack/horizon/blob/25.3.0/openstack_dashboard/dashboards/admin/group_types/tables.py#L101 | https://opendev.org/openstack/horizon/src/tag/25.3.0/openstack_dashboard/dashboards/admin/group_types/tables.py#L101 ; https://github.com/openstack/horizon/blob/25.3.0/openstack_dashboard/dashboards/admin/group_types/forms.py#L24 | https://opendev.org/openstack/horizon/src/tag/25.3.0/openstack_dashboard/dashboards/admin/group_types/forms.py#L24 ; https://github.com/openstack/horizon/blob/25.3.0/openstack_dashboard/dashboards/admin/group_types/specs/tables.py#L74 | https://opendev.org/openstack/horizon/src/tag/25.3.0/openstack_dashboard/dashboards/admin/group_types/specs/tables.py#L74
cinder	python-openstackclient	7.4.0	openstack.volume.v3	openstack volume group type set	Изменение group type и его specs	yes	Admin Group Types: Create/Edit/Delete/View Specs; specs можно добавлять, изменять и удалять.	—	Основной	https://github.com/openstack/python-openstackclient/blob/7.4.0/openstackclient/volume/v3/volume_group_type.py#L143 | https://opendev.org/openstack/python-openstackclient/src/tag/7.4.0/openstackclient/volume/v3/volume_group_type.py#L143	https://github.com/openstack/horizon/blob/25.3.0/openstack_dashboard/dashboards/admin/group_types/tables.py#L101 | https://opendev.org/openstack/horizon/src/tag/25.3.0/openstack_dashboard/dashboards/admin/group_types/tables.py#L101 ; https://github.com/openstack/horizon/blob/25.3.0/openstack_dashboard/dashboards/admin/group_types/forms.py#L24 | https://opendev.org/openstack/horizon/src/tag/25.3.0/openstack_dashboard/dashboards/admin/group_types/forms.py#L24 ; https://github.com/openstack/horizon/blob/25.3.0/openstack_dashboard/dashboards/admin/group_types/specs/tables.py#L74 | https://opendev.org/openstack/horizon/src/tag/25.3.0/openstack_dashboard/dashboards/admin/group_types/specs/tables.py#L74
cinder	python-openstackclient	7.4.0	openstack.volume.v3	openstack volume group type show	Просмотр group type и его specs	yes	Admin Group Types: Create/Edit/Delete/View Specs; specs можно добавлять, изменять и удалять.	—	Основной	https://github.com/openstack/python-openstackclient/blob/7.4.0/openstackclient/volume/v3/volume_group_type.py#L375 | https://opendev.org/openstack/python-openstackclient/src/tag/7.4.0/openstackclient/volume/v3/volume_group_type.py#L375	https://github.com/openstack/horizon/blob/25.3.0/openstack_dashboard/dashboards/admin/group_types/tables.py#L101 | https://opendev.org/openstack/horizon/src/tag/25.3.0/openstack_dashboard/dashboards/admin/group_types/tables.py#L101 ; https://github.com/openstack/horizon/blob/25.3.0/openstack_dashboard/dashboards/admin/group_types/forms.py#L24 | https://opendev.org/openstack/horizon/src/tag/25.3.0/openstack_dashboard/dashboards/admin/group_types/forms.py#L24 ; https://github.com/openstack/horizon/blob/25.3.0/openstack_dashboard/dashboards/admin/group_types/specs/tables.py#L74 | https://opendev.org/openstack/horizon/src/tag/25.3.0/openstack_dashboard/dashboards/admin/group_types/specs/tables.py#L74
cinder	python-openstackclient	7.4.0	openstack.volume.v3	openstack volume host set	Freeze/thaw Cinder volume host	no	Нет UI управления freeze/thaw backend host.	—	Основной	https://github.com/openstack/python-openstackclient/blob/7.4.0/openstackclient/volume/v2/volume_host.py#L48 | https://opendev.org/openstack/python-openstackclient/src/tag/7.4.0/openstackclient/volume/v2/volume_host.py#L48	https://github.com/openstack/horizon/blob/25.3.0/openstack_dashboard/dashboards/admin/info/tables.py#L128 | https://opendev.org/openstack/horizon/src/tag/25.3.0/openstack_dashboard/dashboards/admin/info/tables.py#L128
cinder	python-openstackclient	7.4.0	openstack.volume.v3	openstack volume message delete	Удаление Cinder user message	no	Messages tabs доступны для просмотра; действий delete нет.	—	Основной	https://github.com/openstack/python-openstackclient/blob/7.4.0/openstackclient/volume/v3/volume_message.py#L29 | https://opendev.org/openstack/python-openstackclient/src/tag/7.4.0/openstackclient/volume/v3/volume_message.py#L29	https://github.com/openstack/horizon/blob/25.3.0/openstack_dashboard/dashboards/project/volumes/tables.py#L664 | https://opendev.org/openstack/horizon/src/tag/25.3.0/openstack_dashboard/dashboards/project/volumes/tables.py#L664
cinder	python-openstackclient	7.4.0	openstack.volume.v3	openstack volume message list	Список Cinder user messages	partial	Messages для выбранных volume/backup/snapshot; отдельного общего списка messages и всех CLI-фильтров нет.	—	Основной	https://github.com/openstack/python-openstackclient/blob/7.4.0/openstackclient/volume/v3/volume_message.py#L70 | https://opendev.org/openstack/python-openstackclient/src/tag/7.4.0/openstackclient/volume/v3/volume_message.py#L70	https://github.com/openstack/horizon/blob/25.3.0/openstack_dashboard/dashboards/project/volumes/tabs.py#L82 | https://opendev.org/openstack/horizon/src/tag/25.3.0/openstack_dashboard/dashboards/project/volumes/tabs.py#L82 ; https://github.com/openstack/horizon/blob/25.3.0/openstack_dashboard/dashboards/project/backups/tabs.py#L58 | https://opendev.org/openstack/horizon/src/tag/25.3.0/openstack_dashboard/dashboards/project/backups/tabs.py#L58 ; https://github.com/openstack/horizon/blob/25.3.0/openstack_dashboard/dashboards/project/snapshots/tabs.py#L48 | https://opendev.org/openstack/horizon/src/tag/25.3.0/openstack_dashboard/dashboards/project/snapshots/tabs.py#L48
cinder	python-openstackclient	7.4.0	openstack.volume.v3	openstack volume message show	Подробности конкретного Cinder user message	partial	Таблицы messages показывают ID, event ID, user message, created time; отдельной карточки message нет.	—	Основной	https://github.com/openstack/python-openstackclient/blob/7.4.0/openstackclient/volume/v3/volume_message.py#L132 | https://opendev.org/openstack/python-openstackclient/src/tag/7.4.0/openstackclient/volume/v3/volume_message.py#L132	https://github.com/openstack/horizon/blob/25.3.0/openstack_dashboard/dashboards/project/volumes/tables.py#L664 | https://opendev.org/openstack/horizon/src/tag/25.3.0/openstack_dashboard/dashboards/project/volumes/tables.py#L664
cinder	python-openstackclient	7.4.0	openstack.volume.v3	openstack block storage cluster list	Список Cinder service cluster	no	Нет UI Cinder clusters и управления clustered-service состоянием.	—	Основной	https://github.com/openstack/python-openstackclient/blob/7.4.0/openstackclient/volume/v3/block_storage_cluster.py#L70 | https://opendev.org/openstack/python-openstackclient/src/tag/7.4.0/openstackclient/volume/v3/block_storage_cluster.py#L70	https://github.com/openstack/horizon/blob/25.3.0/openstack_dashboard/dashboards/admin/info/tables.py#L128 | https://opendev.org/openstack/horizon/src/tag/25.3.0/openstack_dashboard/dashboards/admin/info/tables.py#L128
cinder	python-openstackclient	7.4.0	openstack.volume.v3	openstack block storage cluster set	Изменение Cinder service cluster	no	Нет UI Cinder clusters и управления clustered-service состоянием.	—	Основной	https://github.com/openstack/python-openstackclient/blob/7.4.0/openstackclient/volume/v3/block_storage_cluster.py#L177 | https://opendev.org/openstack/python-openstackclient/src/tag/7.4.0/openstackclient/volume/v3/block_storage_cluster.py#L177	https://github.com/openstack/horizon/blob/25.3.0/openstack_dashboard/dashboards/admin/info/tables.py#L128 | https://opendev.org/openstack/horizon/src/tag/25.3.0/openstack_dashboard/dashboards/admin/info/tables.py#L128
cinder	python-openstackclient	7.4.0	openstack.volume.v3	openstack block storage cluster show	Просмотр Cinder service cluster	no	Нет UI Cinder clusters и управления clustered-service состоянием.	—	Основной	https://github.com/openstack/python-openstackclient/blob/7.4.0/openstackclient/volume/v3/block_storage_cluster.py#L248 | https://opendev.org/openstack/python-openstackclient/src/tag/7.4.0/openstackclient/volume/v3/block_storage_cluster.py#L248	https://github.com/openstack/horizon/blob/25.3.0/openstack_dashboard/dashboards/admin/info/tables.py#L128 | https://opendev.org/openstack/horizon/src/tag/25.3.0/openstack_dashboard/dashboards/admin/info/tables.py#L128
cinder	python-openstackclient	7.4.0	openstack.volume.v3	openstack block storage resource filter list	Список поддерживаемых Cinder API resource filters	no	Фильтры таблицы Volumes не являются discovery API supported resource filters.	—	Основной	https://github.com/openstack/python-openstackclient/blob/7.4.0/openstackclient/volume/v3/block_storage_resource_filter.py#L24 | https://opendev.org/openstack/python-openstackclient/src/tag/7.4.0/openstackclient/volume/v3/block_storage_resource_filter.py#L24	https://github.com/openstack/horizon/blob/25.3.0/openstack_dashboard/dashboards/project/volumes/tables.py#L527 | https://opendev.org/openstack/horizon/src/tag/25.3.0/openstack_dashboard/dashboards/project/volumes/tables.py#L527
cinder	python-openstackclient	7.4.0	openstack.volume.v3	openstack block storage resource filter show	Просмотр поддерживаемых Cinder API resource filters	no	Фильтры таблицы Volumes не являются discovery API supported resource filters.	—	Основной	https://github.com/openstack/python-openstackclient/blob/7.4.0/openstackclient/volume/v3/block_storage_resource_filter.py#L58 | https://opendev.org/openstack/python-openstackclient/src/tag/7.4.0/openstackclient/volume/v3/block_storage_resource_filter.py#L58	https://github.com/openstack/horizon/blob/25.3.0/openstack_dashboard/dashboards/project/volumes/tables.py#L527 | https://opendev.org/openstack/horizon/src/tag/25.3.0/openstack_dashboard/dashboards/project/volumes/tables.py#L527
cinder	python-openstackclient	7.4.0	openstack.volume.v3	openstack volume snapshot create	Создание snapshot тома	yes	Create Snapshot в Volumes; in-use обрабатывается force в форме.	—	Основной	https://github.com/openstack/python-openstackclient/blob/7.4.0/openstackclient/volume/v2/volume_snapshot.py#L63 | https://opendev.org/openstack/python-openstackclient/src/tag/7.4.0/openstackclient/volume/v2/volume_snapshot.py#L63	https://github.com/openstack/horizon/blob/25.3.0/openstack_dashboard/dashboards/project/volumes/forms.py#L544 | https://opendev.org/openstack/horizon/src/tag/25.3.0/openstack_dashboard/dashboards/project/volumes/forms.py#L544
cinder	python-openstackclient	7.4.0	openstack.volume.v3	openstack volume snapshot delete	Удаление volume snapshot	yes	Delete Volume Snapshot в Project/Admin; UI ограничивает допустимые состояния.	—	Основной	https://github.com/openstack/python-openstackclient/blob/7.4.0/openstackclient/volume/v3/volume_snapshot.py#L28 | https://opendev.org/openstack/python-openstackclient/src/tag/7.4.0/openstackclient/volume/v3/volume_snapshot.py#L28	https://github.com/openstack/horizon/blob/25.3.0/openstack_dashboard/dashboards/project/snapshots/tables.py#L72 | https://opendev.org/openstack/horizon/src/tag/25.3.0/openstack_dashboard/dashboards/project/snapshots/tables.py#L72 ; https://github.com/openstack/horizon/blob/25.3.0/openstack_dashboard/dashboards/admin/snapshots/tables.py#L69 | https://opendev.org/openstack/horizon/src/tag/25.3.0/openstack_dashboard/dashboards/admin/snapshots/tables.py#L69
cinder	python-openstackclient	7.4.0	openstack.volume.v3	openstack volume snapshot list	Список volume snapshots	yes	Project/Admin Snapshots и вкладка snapshots тома.	—	Основной	https://github.com/openstack/python-openstackclient/blob/7.4.0/openstackclient/volume/v2/volume_snapshot.py#L209 | https://opendev.org/openstack/python-openstackclient/src/tag/7.4.0/openstackclient/volume/v2/volume_snapshot.py#L209	https://github.com/openstack/horizon/blob/25.3.0/openstack_dashboard/dashboards/project/snapshots/tables.py#L227 | https://opendev.org/openstack/horizon/src/tag/25.3.0/openstack_dashboard/dashboards/project/snapshots/tables.py#L227 ; https://github.com/openstack/horizon/blob/25.3.0/openstack_dashboard/dashboards/admin/snapshots/tables.py#L56 | https://opendev.org/openstack/horizon/src/tag/25.3.0/openstack_dashboard/dashboards/admin/snapshots/tables.py#L56
cinder	python-openstackclient	7.4.0	openstack.volume.v3	openstack volume snapshot set	Имя/описание/metadata/status snapshot	yes	Edit Snapshot, Update Metadata и Admin Update Snapshot Status.	—	Основной	https://github.com/openstack/python-openstackclient/blob/7.4.0/openstackclient/volume/v2/volume_snapshot.py#L345 | https://opendev.org/openstack/python-openstackclient/src/tag/7.4.0/openstackclient/volume/v2/volume_snapshot.py#L345	https://github.com/openstack/horizon/blob/25.3.0/openstack_dashboard/dashboards/project/snapshots/forms.py#L24 | https://opendev.org/openstack/horizon/src/tag/25.3.0/openstack_dashboard/dashboards/project/snapshots/forms.py#L24 ; https://github.com/openstack/horizon/blob/25.3.0/openstack_dashboard/dashboards/project/snapshots/tables.py#L163 | https://opendev.org/openstack/horizon/src/tag/25.3.0/openstack_dashboard/dashboards/project/snapshots/tables.py#L163 ; https://github.com/openstack/horizon/blob/25.3.0/openstack_dashboard/dashboards/admin/snapshots/forms.py#L24 | https://opendev.org/openstack/horizon/src/tag/25.3.0/openstack_dashboard/dashboards/admin/snapshots/forms.py#L24
cinder	python-openstackclient	7.4.0	openstack.volume.v3	openstack volume snapshot show	Детали volume snapshot	yes	Snapshot Overview, metadata и Messages.	—	Основной	https://github.com/openstack/python-openstackclient/blob/7.4.0/openstackclient/volume/v2/volume_snapshot.py#L460 | https://opendev.org/openstack/python-openstackclient/src/tag/7.4.0/openstackclient/volume/v2/volume_snapshot.py#L460	https://github.com/openstack/horizon/blob/25.3.0/openstack_dashboard/dashboards/project/snapshots/tabs.py#L28 | https://opendev.org/openstack/horizon/src/tag/25.3.0/openstack_dashboard/dashboards/project/snapshots/tabs.py#L28
cinder	python-openstackclient	7.4.0	openstack.volume.v3	openstack volume snapshot unset	Удаление metadata snapshot	yes	Update Metadata позволяет удалить пользовательские ключи.	—	Основной	https://github.com/openstack/python-openstackclient/blob/7.4.0/openstackclient/volume/v2/volume_snapshot.py#L487 | https://opendev.org/openstack/python-openstackclient/src/tag/7.4.0/openstackclient/volume/v2/volume_snapshot.py#L487	https://github.com/openstack/horizon/blob/25.3.0/openstack_dashboard/dashboards/project/snapshots/tables.py#L163 | https://opendev.org/openstack/horizon/src/tag/25.3.0/openstack_dashboard/dashboards/project/snapshots/tables.py#L163
cinder	python-openstackclient	7.4.0	openstack.volume.v3	openstack volume type create	Создание volume type, extra specs, encryption и project access	yes	Admin Volume Types: Create/Edit/Delete, Extra Specs/Metadata, Edit Access, Create/Update/Delete Encryption. CLI может объединять эти действия.	—	Основной	https://github.com/openstack/python-openstackclient/blob/7.4.0/openstackclient/volume/v3/volume_type.py#L109 | https://opendev.org/openstack/python-openstackclient/src/tag/7.4.0/openstackclient/volume/v3/volume_type.py#L109	https://github.com/openstack/horizon/blob/25.3.0/openstack_dashboard/dashboards/admin/volume_types/tables.py#L223 | https://opendev.org/openstack/horizon/src/tag/25.3.0/openstack_dashboard/dashboards/admin/volume_types/tables.py#L223 ; https://github.com/openstack/horizon/blob/25.3.0/openstack_dashboard/dashboards/admin/volume_types/forms.py#L95 | https://opendev.org/openstack/horizon/src/tag/25.3.0/openstack_dashboard/dashboards/admin/volume_types/forms.py#L95 ; https://github.com/openstack/horizon/blob/25.3.0/openstack_dashboard/dashboards/admin/volume_types/forms.py#L313 | https://opendev.org/openstack/horizon/src/tag/25.3.0/openstack_dashboard/dashboards/admin/volume_types/forms.py#L313 ; https://github.com/openstack/horizon/blob/25.3.0/openstack_dashboard/dashboards/admin/volume_types/extras/tables.py#L68 | https://opendev.org/openstack/horizon/src/tag/25.3.0/openstack_dashboard/dashboards/admin/volume_types/extras/tables.py#L68
cinder	python-openstackclient	7.4.0	openstack.volume.v3	openstack volume type delete	Удаление volume type, extra specs, encryption и project access	yes	Admin Volume Types: Create/Edit/Delete, Extra Specs/Metadata, Edit Access, Create/Update/Delete Encryption. CLI может объединять эти действия.	—	Основной	https://github.com/openstack/python-openstackclient/blob/7.4.0/openstackclient/volume/v3/volume_type.py#L330 | https://opendev.org/openstack/python-openstackclient/src/tag/7.4.0/openstackclient/volume/v3/volume_type.py#L330	https://github.com/openstack/horizon/blob/25.3.0/openstack_dashboard/dashboards/admin/volume_types/tables.py#L223 | https://opendev.org/openstack/horizon/src/tag/25.3.0/openstack_dashboard/dashboards/admin/volume_types/tables.py#L223 ; https://github.com/openstack/horizon/blob/25.3.0/openstack_dashboard/dashboards/admin/volume_types/forms.py#L95 | https://opendev.org/openstack/horizon/src/tag/25.3.0/openstack_dashboard/dashboards/admin/volume_types/forms.py#L95 ; https://github.com/openstack/horizon/blob/25.3.0/openstack_dashboard/dashboards/admin/volume_types/forms.py#L313 | https://opendev.org/openstack/horizon/src/tag/25.3.0/openstack_dashboard/dashboards/admin/volume_types/forms.py#L313 ; https://github.com/openstack/horizon/blob/25.3.0/openstack_dashboard/dashboards/admin/volume_types/extras/tables.py#L68 | https://opendev.org/openstack/horizon/src/tag/25.3.0/openstack_dashboard/dashboards/admin/volume_types/extras/tables.py#L68
cinder	python-openstackclient	7.4.0	openstack.volume.v3	openstack volume type list	Список volume type, extra specs, encryption и project access	yes	Admin Volume Types: Create/Edit/Delete, Extra Specs/Metadata, Edit Access, Create/Update/Delete Encryption. CLI может объединять эти действия.	—	Основной	https://github.com/openstack/python-openstackclient/blob/7.4.0/openstackclient/volume/v3/volume_type.py#L372 | https://opendev.org/openstack/python-openstackclient/src/tag/7.4.0/openstackclient/volume/v3/volume_type.py#L372	https://github.com/openstack/horizon/blob/25.3.0/openstack_dashboard/dashboards/admin/volume_types/tables.py#L223 | https://opendev.org/openstack/horizon/src/tag/25.3.0/openstack_dashboard/dashboards/admin/volume_types/tables.py#L223 ; https://github.com/openstack/horizon/blob/25.3.0/openstack_dashboard/dashboards/admin/volume_types/forms.py#L95 | https://opendev.org/openstack/horizon/src/tag/25.3.0/openstack_dashboard/dashboards/admin/volume_types/forms.py#L95 ; https://github.com/openstack/horizon/blob/25.3.0/openstack_dashboard/dashboards/admin/volume_types/forms.py#L313 | https://opendev.org/openstack/horizon/src/tag/25.3.0/openstack_dashboard/dashboards/admin/volume_types/forms.py#L313 ; https://github.com/openstack/horizon/blob/25.3.0/openstack_dashboard/dashboards/admin/volume_types/extras/tables.py#L68 | https://opendev.org/openstack/horizon/src/tag/25.3.0/openstack_dashboard/dashboards/admin/volume_types/extras/tables.py#L68
cinder	python-openstackclient	7.4.0	openstack.volume.v3	openstack volume type set	Изменение volume type, extra specs, encryption и project access	yes	Admin Volume Types: Create/Edit/Delete, Extra Specs/Metadata, Edit Access, Create/Update/Delete Encryption. CLI может объединять эти действия.	—	Основной	https://github.com/openstack/python-openstackclient/blob/7.4.0/openstackclient/volume/v3/volume_type.py#L564 | https://opendev.org/openstack/python-openstackclient/src/tag/7.4.0/openstackclient/volume/v3/volume_type.py#L564	https://github.com/openstack/horizon/blob/25.3.0/openstack_dashboard/dashboards/admin/volume_types/tables.py#L223 | https://opendev.org/openstack/horizon/src/tag/25.3.0/openstack_dashboard/dashboards/admin/volume_types/tables.py#L223 ; https://github.com/openstack/horizon/blob/25.3.0/openstack_dashboard/dashboards/admin/volume_types/forms.py#L95 | https://opendev.org/openstack/horizon/src/tag/25.3.0/openstack_dashboard/dashboards/admin/volume_types/forms.py#L95 ; https://github.com/openstack/horizon/blob/25.3.0/openstack_dashboard/dashboards/admin/volume_types/forms.py#L313 | https://opendev.org/openstack/horizon/src/tag/25.3.0/openstack_dashboard/dashboards/admin/volume_types/forms.py#L313 ; https://github.com/openstack/horizon/blob/25.3.0/openstack_dashboard/dashboards/admin/volume_types/extras/tables.py#L68 | https://opendev.org/openstack/horizon/src/tag/25.3.0/openstack_dashboard/dashboards/admin/volume_types/extras/tables.py#L68
cinder	python-openstackclient	7.4.0	openstack.volume.v3	openstack volume type show	Просмотр volume type, extra specs, encryption и project access	yes	Admin Volume Types: Create/Edit/Delete, Extra Specs/Metadata, Edit Access, Create/Update/Delete Encryption. CLI может объединять эти действия.	—	Основной	https://github.com/openstack/python-openstackclient/blob/7.4.0/openstackclient/volume/v3/volume_type.py#L803 | https://opendev.org/openstack/python-openstackclient/src/tag/7.4.0/openstackclient/volume/v3/volume_type.py#L803	https://github.com/openstack/horizon/blob/25.3.0/openstack_dashboard/dashboards/admin/volume_types/tables.py#L223 | https://opendev.org/openstack/horizon/src/tag/25.3.0/openstack_dashboard/dashboards/admin/volume_types/tables.py#L223 ; https://github.com/openstack/horizon/blob/25.3.0/openstack_dashboard/dashboards/admin/volume_types/forms.py#L95 | https://opendev.org/openstack/horizon/src/tag/25.3.0/openstack_dashboard/dashboards/admin/volume_types/forms.py#L95 ; https://github.com/openstack/horizon/blob/25.3.0/openstack_dashboard/dashboards/admin/volume_types/forms.py#L313 | https://opendev.org/openstack/horizon/src/tag/25.3.0/openstack_dashboard/dashboards/admin/volume_types/forms.py#L313 ; https://github.com/openstack/horizon/blob/25.3.0/openstack_dashboard/dashboards/admin/volume_types/extras/tables.py#L68 | https://opendev.org/openstack/horizon/src/tag/25.3.0/openstack_dashboard/dashboards/admin/volume_types/extras/tables.py#L68
cinder	python-openstackclient	7.4.0	openstack.volume.v3	openstack volume type unset	Удаление свойств volume type, extra specs, encryption и project access	yes	Admin Volume Types: Create/Edit/Delete, Extra Specs/Metadata, Edit Access, Create/Update/Delete Encryption. CLI может объединять эти действия.	—	Основной	https://github.com/openstack/python-openstackclient/blob/7.4.0/openstackclient/volume/v3/volume_type.py#L874 | https://opendev.org/openstack/python-openstackclient/src/tag/7.4.0/openstackclient/volume/v3/volume_type.py#L874	https://github.com/openstack/horizon/blob/25.3.0/openstack_dashboard/dashboards/admin/volume_types/tables.py#L223 | https://opendev.org/openstack/horizon/src/tag/25.3.0/openstack_dashboard/dashboards/admin/volume_types/tables.py#L223 ; https://github.com/openstack/horizon/blob/25.3.0/openstack_dashboard/dashboards/admin/volume_types/forms.py#L95 | https://opendev.org/openstack/horizon/src/tag/25.3.0/openstack_dashboard/dashboards/admin/volume_types/forms.py#L95 ; https://github.com/openstack/horizon/blob/25.3.0/openstack_dashboard/dashboards/admin/volume_types/forms.py#L313 | https://opendev.org/openstack/horizon/src/tag/25.3.0/openstack_dashboard/dashboards/admin/volume_types/forms.py#L313 ; https://github.com/openstack/horizon/blob/25.3.0/openstack_dashboard/dashboards/admin/volume_types/extras/tables.py#L68 | https://opendev.org/openstack/horizon/src/tag/25.3.0/openstack_dashboard/dashboards/admin/volume_types/extras/tables.py#L68
cinder	python-openstackclient	7.4.0	openstack.volume.v3	openstack volume qos associate	Привязка QoS spec к volume type	yes	Manage QoS Spec Association у volume type.	—	Основной	https://github.com/openstack/python-openstackclient/blob/7.4.0/openstackclient/volume/v2/qos_specs.py#L32 | https://opendev.org/openstack/python-openstackclient/src/tag/7.4.0/openstackclient/volume/v2/qos_specs.py#L32	https://github.com/openstack/horizon/blob/25.3.0/openstack_dashboard/dashboards/admin/volume_types/forms.py#L167 | https://opendev.org/openstack/horizon/src/tag/25.3.0/openstack_dashboard/dashboards/admin/volume_types/forms.py#L167
cinder	python-openstackclient	7.4.0	openstack.volume.v3	openstack volume qos create	Создание QoS spec и его key/value параметров	yes	Admin Volume Types / QoS Specs: Create/Delete, Manage Specs и Edit Consumer; ключи Create/Edit/Delete.	—	Основной	https://github.com/openstack/python-openstackclient/blob/7.4.0/openstackclient/volume/v2/qos_specs.py#L61 | https://opendev.org/openstack/python-openstackclient/src/tag/7.4.0/openstackclient/volume/v2/qos_specs.py#L61	https://github.com/openstack/horizon/blob/25.3.0/openstack_dashboard/dashboards/admin/volume_types/tables.py#L268 | https://opendev.org/openstack/horizon/src/tag/25.3.0/openstack_dashboard/dashboards/admin/volume_types/tables.py#L268 ; https://github.com/openstack/horizon/blob/25.3.0/openstack_dashboard/dashboards/admin/volume_types/tables.py#L323 | https://opendev.org/openstack/horizon/src/tag/25.3.0/openstack_dashboard/dashboards/admin/volume_types/tables.py#L323 ; https://github.com/openstack/horizon/blob/25.3.0/openstack_dashboard/dashboards/admin/volume_types/qos_specs/tables.py#L78 | https://opendev.org/openstack/horizon/src/tag/25.3.0/openstack_dashboard/dashboards/admin/volume_types/qos_specs/tables.py#L78
cinder	python-openstackclient	7.4.0	openstack.volume.v3	openstack volume qos delete	Удаление QoS spec и его key/value параметров	yes	Admin Volume Types / QoS Specs: Create/Delete, Manage Specs и Edit Consumer; ключи Create/Edit/Delete.	—	Основной	https://github.com/openstack/python-openstackclient/blob/7.4.0/openstackclient/volume/v2/qos_specs.py#L116 | https://opendev.org/openstack/python-openstackclient/src/tag/7.4.0/openstackclient/volume/v2/qos_specs.py#L116	https://github.com/openstack/horizon/blob/25.3.0/openstack_dashboard/dashboards/admin/volume_types/tables.py#L268 | https://opendev.org/openstack/horizon/src/tag/25.3.0/openstack_dashboard/dashboards/admin/volume_types/tables.py#L268 ; https://github.com/openstack/horizon/blob/25.3.0/openstack_dashboard/dashboards/admin/volume_types/tables.py#L323 | https://opendev.org/openstack/horizon/src/tag/25.3.0/openstack_dashboard/dashboards/admin/volume_types/tables.py#L323 ; https://github.com/openstack/horizon/blob/25.3.0/openstack_dashboard/dashboards/admin/volume_types/qos_specs/tables.py#L78 | https://opendev.org/openstack/horizon/src/tag/25.3.0/openstack_dashboard/dashboards/admin/volume_types/qos_specs/tables.py#L78
cinder	python-openstackclient	7.4.0	openstack.volume.v3	openstack volume qos disassociate	Отвязка QoS spec от volume type	yes	Manage QoS Spec Association; UI меняет association выбранного type, без глобального bulk сценария CLI.	—	Основной	https://github.com/openstack/python-openstackclient/blob/7.4.0/openstackclient/volume/v2/qos_specs.py#L162 | https://opendev.org/openstack/python-openstackclient/src/tag/7.4.0/openstackclient/volume/v2/qos_specs.py#L162	https://github.com/openstack/horizon/blob/25.3.0/openstack_dashboard/dashboards/admin/volume_types/forms.py#L167 | https://opendev.org/openstack/horizon/src/tag/25.3.0/openstack_dashboard/dashboards/admin/volume_types/forms.py#L167
cinder	python-openstackclient	7.4.0	openstack.volume.v3	openstack volume qos list	Список QoS spec и его key/value параметров	yes	Admin Volume Types / QoS Specs: Create/Delete, Manage Specs и Edit Consumer; ключи Create/Edit/Delete.	—	Основной	https://github.com/openstack/python-openstackclient/blob/7.4.0/openstackclient/volume/v2/qos_specs.py#L202 | https://opendev.org/openstack/python-openstackclient/src/tag/7.4.0/openstackclient/volume/v2/qos_specs.py#L202	https://github.com/openstack/horizon/blob/25.3.0/openstack_dashboard/dashboards/admin/volume_types/tables.py#L268 | https://opendev.org/openstack/horizon/src/tag/25.3.0/openstack_dashboard/dashboards/admin/volume_types/tables.py#L268 ; https://github.com/openstack/horizon/blob/25.3.0/openstack_dashboard/dashboards/admin/volume_types/tables.py#L323 | https://opendev.org/openstack/horizon/src/tag/25.3.0/openstack_dashboard/dashboards/admin/volume_types/tables.py#L323 ; https://github.com/openstack/horizon/blob/25.3.0/openstack_dashboard/dashboards/admin/volume_types/qos_specs/tables.py#L78 | https://opendev.org/openstack/horizon/src/tag/25.3.0/openstack_dashboard/dashboards/admin/volume_types/qos_specs/tables.py#L78
cinder	python-openstackclient	7.4.0	openstack.volume.v3	openstack volume qos set	Изменение QoS spec и его key/value параметров	yes	Admin Volume Types / QoS Specs: Create/Delete, Manage Specs и Edit Consumer; ключи Create/Edit/Delete.	—	Основной	https://github.com/openstack/python-openstackclient/blob/7.4.0/openstackclient/volume/v2/qos_specs.py#L250 | https://opendev.org/openstack/python-openstackclient/src/tag/7.4.0/openstackclient/volume/v2/qos_specs.py#L250	https://github.com/openstack/horizon/blob/25.3.0/openstack_dashboard/dashboards/admin/volume_types/tables.py#L268 | https://opendev.org/openstack/horizon/src/tag/25.3.0/openstack_dashboard/dashboards/admin/volume_types/tables.py#L268 ; https://github.com/openstack/horizon/blob/25.3.0/openstack_dashboard/dashboards/admin/volume_types/tables.py#L323 | https://opendev.org/openstack/horizon/src/tag/25.3.0/openstack_dashboard/dashboards/admin/volume_types/tables.py#L323 ; https://github.com/openstack/horizon/blob/25.3.0/openstack_dashboard/dashboards/admin/volume_types/qos_specs/tables.py#L78 | https://opendev.org/openstack/horizon/src/tag/25.3.0/openstack_dashboard/dashboards/admin/volume_types/qos_specs/tables.py#L78
cinder	python-openstackclient	7.4.0	openstack.volume.v3	openstack volume qos show	Просмотр QoS spec и его key/value параметров	yes	Admin Volume Types / QoS Specs: Create/Delete, Manage Specs и Edit Consumer; ключи Create/Edit/Delete.	—	Основной	https://github.com/openstack/python-openstackclient/blob/7.4.0/openstackclient/volume/v2/qos_specs.py#L312 | https://opendev.org/openstack/python-openstackclient/src/tag/7.4.0/openstackclient/volume/v2/qos_specs.py#L312	https://github.com/openstack/horizon/blob/25.3.0/openstack_dashboard/dashboards/admin/volume_types/tables.py#L268 | https://opendev.org/openstack/horizon/src/tag/25.3.0/openstack_dashboard/dashboards/admin/volume_types/tables.py#L268 ; https://github.com/openstack/horizon/blob/25.3.0/openstack_dashboard/dashboards/admin/volume_types/tables.py#L323 | https://opendev.org/openstack/horizon/src/tag/25.3.0/openstack_dashboard/dashboards/admin/volume_types/tables.py#L323 ; https://github.com/openstack/horizon/blob/25.3.0/openstack_dashboard/dashboards/admin/volume_types/qos_specs/tables.py#L78 | https://opendev.org/openstack/horizon/src/tag/25.3.0/openstack_dashboard/dashboards/admin/volume_types/qos_specs/tables.py#L78
cinder	python-openstackclient	7.4.0	openstack.volume.v3	openstack volume qos unset	Удаление свойств QoS spec и его key/value параметров	yes	Admin Volume Types / QoS Specs: Create/Delete, Manage Specs и Edit Consumer; ключи Create/Edit/Delete.	—	Основной	https://github.com/openstack/python-openstackclient/blob/7.4.0/openstackclient/volume/v2/qos_specs.py#L349 | https://opendev.org/openstack/python-openstackclient/src/tag/7.4.0/openstackclient/volume/v2/qos_specs.py#L349	https://github.com/openstack/horizon/blob/25.3.0/openstack_dashboard/dashboards/admin/volume_types/tables.py#L268 | https://opendev.org/openstack/horizon/src/tag/25.3.0/openstack_dashboard/dashboards/admin/volume_types/tables.py#L268 ; https://github.com/openstack/horizon/blob/25.3.0/openstack_dashboard/dashboards/admin/volume_types/tables.py#L323 | https://opendev.org/openstack/horizon/src/tag/25.3.0/openstack_dashboard/dashboards/admin/volume_types/tables.py#L323 ; https://github.com/openstack/horizon/blob/25.3.0/openstack_dashboard/dashboards/admin/volume_types/qos_specs/tables.py#L78 | https://opendev.org/openstack/horizon/src/tag/25.3.0/openstack_dashboard/dashboards/admin/volume_types/qos_specs/tables.py#L78
cinder	python-openstackclient	7.4.0	openstack.volume.v3	openstack volume service list	Список Cinder services и состояния	yes	Admin System Information / Block Storage Services показывает binary/host/zone/status/state/update time.	—	Основной	https://github.com/openstack/python-openstackclient/blob/7.4.0/openstackclient/volume/v3/service.py#L23 | https://opendev.org/openstack/python-openstackclient/src/tag/7.4.0/openstackclient/volume/v3/service.py#L23	https://github.com/openstack/horizon/blob/25.3.0/openstack_dashboard/dashboards/admin/info/tabs.py#L74 | https://opendev.org/openstack/horizon/src/tag/25.3.0/openstack_dashboard/dashboards/admin/info/tabs.py#L74 ; https://github.com/openstack/horizon/blob/25.3.0/openstack_dashboard/dashboards/admin/info/tables.py#L128 | https://opendev.org/openstack/horizon/src/tag/25.3.0/openstack_dashboard/dashboards/admin/info/tables.py#L128
cinder	python-openstackclient	7.4.0	openstack.volume.v3	openstack volume service set	Enable/disable или сброс service state	no	Cinder Services table read-only: есть только FilterAction.	—	Основной	https://github.com/openstack/python-openstackclient/blob/7.4.0/openstackclient/volume/v2/service.py#L85 | https://opendev.org/openstack/python-openstackclient/src/tag/7.4.0/openstackclient/volume/v2/service.py#L85	https://github.com/openstack/horizon/blob/25.3.0/openstack_dashboard/dashboards/admin/info/tables.py#L145 | https://opendev.org/openstack/horizon/src/tag/25.3.0/openstack_dashboard/dashboards/admin/info/tables.py#L145
cinder	python-openstackclient	7.4.0	openstack.volume.v3	openstack volume transfer request accept	Принятие transfer по ID и auth key	yes	Accept Transfer в Volumes; quota/policy checks.	—	Основной	https://github.com/openstack/python-openstackclient/blob/7.4.0/openstackclient/volume/v3/volume_transfer_request.py#L30 | https://opendev.org/openstack/python-openstackclient/src/tag/7.4.0/openstackclient/volume/v3/volume_transfer_request.py#L30	https://github.com/openstack/horizon/blob/25.3.0/openstack_dashboard/dashboards/project/volumes/forms.py#L621 | https://opendev.org/openstack/horizon/src/tag/25.3.0/openstack_dashboard/dashboards/project/volumes/forms.py#L621 ; https://github.com/openstack/horizon/blob/25.3.0/openstack_dashboard/dashboards/project/volumes/tables.py#L307 | https://opendev.org/openstack/horizon/src/tag/25.3.0/openstack_dashboard/dashboards/project/volumes/tables.py#L307
cinder	python-openstackclient	7.4.0	openstack.volume.v3	openstack volume transfer request create	Создание transfer тома другому проекту	yes	Create Transfer; показ и скачивание transfer credentials. CLI опция переноса/исключения snapshots отдельно не выставляется.	—	Основной	https://github.com/openstack/python-openstackclient/blob/7.4.0/openstackclient/volume/v3/volume_transfer_request.py#L69 | https://opendev.org/openstack/python-openstackclient/src/tag/7.4.0/openstackclient/volume/v3/volume_transfer_request.py#L69	https://github.com/openstack/horizon/blob/25.3.0/openstack_dashboard/dashboards/project/volumes/forms.py#L588 | https://opendev.org/openstack/horizon/src/tag/25.3.0/openstack_dashboard/dashboards/project/volumes/forms.py#L588 ; https://github.com/openstack/horizon/blob/25.3.0/openstack_dashboard/dashboards/project/volumes/views.py#L438 | https://opendev.org/openstack/horizon/src/tag/25.3.0/openstack_dashboard/dashboards/project/volumes/views.py#L438
cinder	python-openstackclient	7.4.0	openstack.volume.v3	openstack volume transfer request delete	Отмена transfer request	yes	Cancel Transfer у volume в awaiting-transfer.	—	Основной	https://github.com/openstack/python-openstackclient/blob/7.4.0/openstackclient/volume/v3/volume_transfer_request.py#L136 | https://opendev.org/openstack/python-openstackclient/src/tag/7.4.0/openstackclient/volume/v3/volume_transfer_request.py#L136	https://github.com/openstack/horizon/blob/25.3.0/openstack_dashboard/dashboards/project/volumes/tables.py#L338 | https://opendev.org/openstack/horizon/src/tag/25.3.0/openstack_dashboard/dashboards/project/volumes/tables.py#L338
cinder	python-openstackclient	7.4.0	openstack.volume.v3	openstack volume transfer request list	Список transfer requests	partial	UI связывает transfers с volumes для Cancel Transfer; отдельной таблицы всех transfer requests нет.	—	Основной	https://github.com/openstack/python-openstackclient/blob/7.4.0/openstackclient/volume/v3/volume_transfer_request.py#L179 | https://opendev.org/openstack/python-openstackclient/src/tag/7.4.0/openstackclient/volume/v3/volume_transfer_request.py#L179	https://github.com/openstack/horizon/blob/25.3.0/openstack_dashboard/dashboards/project/volumes/views.py#L62 | https://opendev.org/openstack/horizon/src/tag/25.3.0/openstack_dashboard/dashboards/project/volumes/views.py#L62 ; https://github.com/openstack/horizon/blob/25.3.0/openstack_dashboard/dashboards/project/volumes/tables.py#L338 | https://opendev.org/openstack/horizon/src/tag/25.3.0/openstack_dashboard/dashboards/project/volumes/tables.py#L338
cinder	python-openstackclient	7.4.0	openstack.volume.v3	openstack volume transfer request show	Детали transfer request	yes	ShowTransferView получает transfer_get и показывает credentials после создания; повторное получение auth key сервером не гарантируется.	—	Основной	https://github.com/openstack/python-openstackclient/blob/7.4.0/openstackclient/volume/v3/volume_transfer_request.py#L213 | https://opendev.org/openstack/python-openstackclient/src/tag/7.4.0/openstackclient/volume/v3/volume_transfer_request.py#L213	https://github.com/openstack/horizon/blob/25.3.0/openstack_dashboard/dashboards/project/volumes/views.py#L438 | https://opendev.org/openstack/horizon/src/tag/25.3.0/openstack_dashboard/dashboards/project/volumes/views.py#L438 ; https://github.com/openstack/horizon/blob/25.3.0/openstack_dashboard/dashboards/project/volumes/forms.py#L642 | https://opendev.org/openstack/horizon/src/tag/25.3.0/openstack_dashboard/dashboards/project/volumes/forms.py#L642
cinder	python-openstackclient	7.4.0	openstack.volume.v3	openstack volume summary	Агрегированная статистика volumes API	no	Quota/usage панели не реализуют отдельный volume summary API и его сводку.	—	Основной	https://github.com/openstack/python-openstackclient/blob/7.4.0/openstackclient/volume/v3/volume.py#L1002 | https://opendev.org/openstack/python-openstackclient/src/tag/7.4.0/openstackclient/volume/v3/volume.py#L1002	https://github.com/openstack/horizon/blob/25.3.0/openstack_dashboard/dashboards/project/volumes/tables.py#L575 | https://opendev.org/openstack/horizon/src/tag/25.3.0/openstack_dashboard/dashboards/project/volumes/tables.py#L575
cinder	python-openstackclient	7.4.0	openstack.volume.v3	openstack volume revert	Откат существующего тома к последнему snapshot	no	Create Volume from Snapshot создает другой том и не эквивалент revert.	—	Основной	https://github.com/openstack/python-openstackclient/blob/7.4.0/openstackclient/volume/v3/volume.py#L1052 | https://opendev.org/openstack/python-openstackclient/src/tag/7.4.0/openstackclient/volume/v3/volume.py#L1052	https://github.com/openstack/horizon/blob/25.3.0/openstack_dashboard/dashboards/project/snapshots/tables.py#L127 | https://opendev.org/openstack/horizon/src/tag/25.3.0/openstack_dashboard/dashboards/project/snapshots/tables.py#L127
cinder	python-openstackclient	7.4.0	openstack.volume.v3	openstack block storage log level list	Список runtime log levels Cinder services	no	Нет штатной панели log-level управления Cinder.	—	Основной	https://github.com/openstack/python-openstackclient/blob/7.4.0/openstackclient/volume/v3/block_storage_log_level.py#L25 | https://opendev.org/openstack/python-openstackclient/src/tag/7.4.0/openstackclient/volume/v3/block_storage_log_level.py#L25	https://github.com/openstack/horizon/blob/25.3.0/openstack_dashboard/dashboards/admin/info/tables.py#L128 | https://opendev.org/openstack/horizon/src/tag/25.3.0/openstack_dashboard/dashboards/admin/info/tables.py#L128
cinder	python-openstackclient	7.4.0	openstack.volume.v3	openstack block storage log level set	Изменение runtime log levels Cinder services	no	Нет штатной панели log-level управления Cinder.	—	Основной	https://github.com/openstack/python-openstackclient/blob/7.4.0/openstackclient/volume/v3/block_storage_log_level.py#L101 | https://opendev.org/openstack/python-openstackclient/src/tag/7.4.0/openstackclient/volume/v3/block_storage_log_level.py#L101	https://github.com/openstack/horizon/blob/25.3.0/openstack_dashboard/dashboards/admin/info/tables.py#L128 | https://opendev.org/openstack/horizon/src/tag/25.3.0/openstack_dashboard/dashboards/admin/info/tables.py#L128
cinder	python-openstackclient	7.4.0	openstack.volume.v3	openstack block storage cleanup	Очистка Cinder service ресурсов после отказов	no	Нет UI cleanup.	—	Основной	https://github.com/openstack/python-openstackclient/blob/7.4.0/openstackclient/volume/v3/block_storage_cleanup.py#L46 | https://opendev.org/openstack/python-openstackclient/src/tag/7.4.0/openstackclient/volume/v3/block_storage_cleanup.py#L46	https://github.com/openstack/horizon/blob/25.3.0/openstack_dashboard/dashboards/admin/info/tables.py#L128 | https://opendev.org/openstack/horizon/src/tag/25.3.0/openstack_dashboard/dashboards/admin/info/tables.py#L128
cinder	python-openstackclient	7.4.0	openstack.volume.v3	openstack block storage volume manageable list	Список backend volumes, доступных для принятия под управление	no	Admin Manage Volume принимает reference вручную; не содержит discovery списка manageable volumes.	—	Основной	https://github.com/openstack/python-openstackclient/blob/7.4.0/openstackclient/volume/v3/block_storage_manage.py#L29 | https://opendev.org/openstack/python-openstackclient/src/tag/7.4.0/openstackclient/volume/v3/block_storage_manage.py#L29	https://github.com/openstack/horizon/blob/25.3.0/openstack_dashboard/dashboards/admin/volumes/forms.py#L46 | https://opendev.org/openstack/horizon/src/tag/25.3.0/openstack_dashboard/dashboards/admin/volumes/forms.py#L46
cinder	python-openstackclient	7.4.0	openstack.volume.v3	openstack block storage snapshot manageable list	Список backend snapshots, доступных для принятия под управление	no	Нет discovery manageable snapshots UI.	—	Основной	https://github.com/openstack/python-openstackclient/blob/7.4.0/openstackclient/volume/v3/block_storage_manage.py#L193 | https://opendev.org/openstack/python-openstackclient/src/tag/7.4.0/openstackclient/volume/v3/block_storage_manage.py#L193	https://github.com/openstack/horizon/blob/25.3.0/openstack_dashboard/dashboards/admin/snapshots/tables.py#L69 | https://opendev.org/openstack/horizon/src/tag/25.3.0/openstack_dashboard/dashboards/admin/snapshots/tables.py#L69
common	python-openstackclient	7.4.0	openstack.cli	openstack command list	Операторское окружение CLI: command list	not-applicable	Инвентаризация установленного клиента, его конфигурации или версий API; нет прямого экрана Horizon.	—	Основной	https://github.com/openstack/python-openstackclient/blob/7.4.0/setup.cfg	https://github.com/openstack/horizon/blob/25.3.0/openstack_dashboard/dashboards/admin/info/tables.py#L73
common	python-openstackclient	7.4.0	openstack.cli	openstack module list	Операторское окружение CLI: module list	not-applicable	Инвентаризация установленного клиента, его конфигурации или версий API; нет прямого экрана Horizon.	—	Основной	https://github.com/openstack/python-openstackclient/blob/7.4.0/setup.cfg	https://github.com/openstack/horizon/blob/25.3.0/openstack_dashboard/dashboards/admin/info/tables.py#L73
common	python-openstackclient	7.4.0	openstack.common	openstack availability zone list	Availability zones сервисов	partial	Зоны видны в формах запуска и System Information; нет единого агрегированного списка всех сервисов как CLI.	—	Основной	https://github.com/openstack/python-openstackclient/blob/7.4.0/setup.cfg	https://github.com/openstack/horizon/blob/25.3.0/openstack_dashboard/dashboards/admin/info/tables.py#L104
common	python-openstackclient	7.4.0	openstack.common	openstack configuration show	Операторское окружение CLI: configuration show	not-applicable	Инвентаризация установленного клиента, его конфигурации или версий API; нет прямого экрана Horizon.	—	Основной	https://github.com/openstack/python-openstackclient/blob/7.4.0/setup.cfg	https://github.com/openstack/horizon/blob/25.3.0/openstack_dashboard/dashboards/admin/info/tables.py#L73
common	python-openstackclient	7.4.0	openstack.common	openstack extension list	API extensions поддерживаемых сервисов	no	UI использует проверки extensions внутри; общего списка/details extensions для оператора нет.	—	Основной	https://github.com/openstack/python-openstackclient/blob/7.4.0/setup.cfg	https://github.com/openstack/horizon/blob/25.3.0/openstack_dashboard/dashboards/admin/info/tabs.py#L1
common	python-openstackclient	7.4.0	openstack.common	openstack extension show	API extensions поддерживаемых сервисов	no	UI использует проверки extensions внутри; общего списка/details extensions для оператора нет.	—	Основной	https://github.com/openstack/python-openstackclient/blob/7.4.0/setup.cfg	https://github.com/openstack/horizon/blob/25.3.0/openstack_dashboard/dashboards/admin/info/tabs.py#L1
common	python-openstackclient	7.4.0	openstack.common	openstack limits show	Текущие лимиты/использование compute и volume	partial	Overview/quotas дают часть данных; rate/absolute CLI-вывод не полностью представлен.	—	Основной	https://github.com/openstack/python-openstackclient/blob/7.4.0/setup.cfg	https://github.com/openstack/horizon/blob/25.3.0/openstack_dashboard/dashboards/project/overview/views.py#L1
common	python-openstackclient	7.4.0	openstack.common	openstack project cleanup	Очистка ресурсов проекта с планом SDK cleanup	no	Delete Project не воспроизводит dependency-aware cleanup ресурсов разных сервисов.	—	Основной	https://github.com/openstack/python-openstackclient/blob/7.4.0/setup.cfg	https://github.com/openstack/horizon/blob/25.3.0/openstack_dashboard/dashboards/identity/projects/tables.py#L1
common	python-openstackclient	7.4.0	openstack.common	openstack quota delete	Квоты проектов: quota delete	no	Modify Quotas и Defaults показывают/меняют заданные поля compute/network/volume; отдельного сброса через quota delete и полного многопроектного CLI-вывода нет.	—	Основной	https://github.com/openstack/python-openstackclient/blob/7.4.0/setup.cfg	https://github.com/openstack/horizon/blob/25.3.0/openstack_dashboard/dashboards/identity/projects/workflows.py#L200
common	python-openstackclient	7.4.0	openstack.common	openstack quota list	Квоты проектов: quota list	partial	Modify Quotas и Defaults показывают/меняют заданные поля compute/network/volume; отдельного сброса через quota delete и полного многопроектного CLI-вывода нет.	—	Основной	https://github.com/openstack/python-openstackclient/blob/7.4.0/setup.cfg	https://github.com/openstack/horizon/blob/25.3.0/openstack_dashboard/dashboards/identity/projects/workflows.py#L200
common	python-openstackclient	7.4.0	openstack.common	openstack quota set	Квоты проектов: quota set	partial	Modify Quotas и Defaults показывают/меняют заданные поля compute/network/volume; отдельного сброса через quota delete и полного многопроектного CLI-вывода нет.	—	Основной	https://github.com/openstack/python-openstackclient/blob/7.4.0/setup.cfg	https://github.com/openstack/horizon/blob/25.3.0/openstack_dashboard/dashboards/identity/projects/workflows.py#L200
common	python-openstackclient	7.4.0	openstack.common	openstack quota show	Квоты проектов: quota show	partial	Modify Quotas и Defaults показывают/меняют заданные поля compute/network/volume; отдельного сброса через quota delete и полного многопроектного CLI-вывода нет.	—	Основной	https://github.com/openstack/python-openstackclient/blob/7.4.0/setup.cfg	https://github.com/openstack/horizon/blob/25.3.0/openstack_dashboard/dashboards/identity/projects/workflows.py#L200
common	python-openstackclient	7.4.0	openstack.common	openstack versions show	Обнаружение облачных API: Version/Min/Max Microversion	no	Команда выполняет запросы к сервисам через get_all_version_data; это не инвентаризация локальных Python-пакетов. Общего UI эквивалента нет.	—	Основной	https://github.com/openstack/python-openstackclient/blob/7.4.0/setup.cfg	https://github.com/openstack/horizon/blob/25.3.0/openstack_dashboard/dashboards/admin/info/tables.py#L73
keystone	python-openstackclient	7.4.0	openstack.identity.v3	openstack access rule delete	Просмотр/удаление application credential access rule как отдельного ресурса	no	Create и Details application credential содержат service/method/path rules. Нет rule ID, отдельного owner-wide списка/lookup и удаления rules.	—	Основной	https://github.com/openstack/python-openstackclient/blob/7.4.0/setup.cfg	https://github.com/openstack/horizon/blob/25.3.0/openstack_dashboard/dashboards/identity/application_credentials/forms.py#L53
keystone	python-openstackclient	7.4.0	openstack.identity.v3	openstack access rule list	Просмотр/удаление application credential access rule как отдельного ресурса	partial	Create и Details application credential содержат service/method/path rules. Нет rule ID, отдельного owner-wide списка/lookup и удаления rules.	—	Основной	https://github.com/openstack/python-openstackclient/blob/7.4.0/setup.cfg	https://github.com/openstack/horizon/blob/25.3.0/openstack_dashboard/dashboards/identity/application_credentials/forms.py#L53
keystone	python-openstackclient	7.4.0	openstack.identity.v3	openstack access rule show	Просмотр/удаление application credential access rule как отдельного ресурса	partial	Create и Details application credential содержат service/method/path rules. Нет rule ID, отдельного owner-wide списка/lookup и удаления rules.	—	Основной	https://github.com/openstack/python-openstackclient/blob/7.4.0/setup.cfg	https://github.com/openstack/horizon/blob/25.3.0/openstack_dashboard/dashboards/identity/application_credentials/forms.py#L53
keystone	python-openstackclient	7.4.0	openstack.identity.v3	openstack access token create	Токены Keystone/OAuth1: access token create	no	Login/logout используют токены внутри; нет эквивалентного инструмента выдачи/отзыва произвольного токена или OAuth1 request/access-token.	—	Основной	https://github.com/openstack/python-openstackclient/blob/7.4.0/setup.cfg	https://github.com/openstack/horizon/blob/25.3.0/openstack_dashboard/enabled/_3000_identity.py#L1
keystone	python-openstackclient	7.4.0	openstack.identity.v3	openstack application credential create	Identity: application credential create	partial	Create задаёт secret, срок, roles, unrestricted и access_rules при поддержке API; действует в контексте текущего пользователя/проекта.	—	Основной	https://github.com/openstack/python-openstackclient/blob/7.4.0/setup.cfg	https://github.com/openstack/horizon/blob/25.3.0/openstack_dashboard/dashboards/identity/application_credentials/tables.py#L1
keystone	python-openstackclient	7.4.0	openstack.identity.v3	openstack application credential delete	Identity: application credential delete	yes	Реализовано основное действие/просмотр; видимость и доступ определяются policy и scope.	—	Основной	https://github.com/openstack/python-openstackclient/blob/7.4.0/setup.cfg	https://github.com/openstack/horizon/blob/25.3.0/openstack_dashboard/dashboards/identity/application_credentials/tables.py#L1
keystone	python-openstackclient	7.4.0	openstack.identity.v3	openstack application credential list	Identity: application credential list	yes	Реализовано основное действие/просмотр; видимость и доступ определяются policy и scope.	—	Основной	https://github.com/openstack/python-openstackclient/blob/7.4.0/setup.cfg	https://github.com/openstack/horizon/blob/25.3.0/openstack_dashboard/dashboards/identity/application_credentials/tables.py#L1
keystone	python-openstackclient	7.4.0	openstack.identity.v3	openstack application credential show	Identity: application credential show	yes	Реализовано основное действие/просмотр; видимость и доступ определяются policy и scope.	—	Основной	https://github.com/openstack/python-openstackclient/blob/7.4.0/setup.cfg	https://github.com/openstack/horizon/blob/25.3.0/openstack_dashboard/dashboards/identity/application_credentials/tables.py#L1
keystone	python-openstackclient	7.4.0	openstack.identity.v3	openstack catalog list	Каталог сервисов/endpoint/region: catalog list	partial	System Information показывает пользовательский service catalog с endpoint; это не полный административный список всех объектов/полей. CRUD отсутствует.	—	Основной	https://github.com/openstack/python-openstackclient/blob/7.4.0/setup.cfg	https://github.com/openstack/horizon/blob/25.3.0/openstack_dashboard/dashboards/admin/info/tables.py#L73
keystone	python-openstackclient	7.4.0	openstack.identity.v3	openstack catalog show	Каталог сервисов/endpoint/region: catalog show	partial	System Information показывает пользовательский service catalog с endpoint; это не полный административный список всех объектов/полей. CRUD отсутствует.	—	Основной	https://github.com/openstack/python-openstackclient/blob/7.4.0/setup.cfg	https://github.com/openstack/horizon/blob/25.3.0/openstack_dashboard/dashboards/admin/info/tables.py#L73
keystone	python-openstackclient	7.4.0	openstack.identity.v3	openstack consumer create	Управление: OAuth1 consumers	no	Нет самостоятельной панели или пользовательского действия этой группы.	—	Основной	https://github.com/openstack/python-openstackclient/blob/7.4.0/setup.cfg	https://github.com/openstack/horizon/blob/25.3.0/openstack_dashboard/enabled/_3000_identity.py#L1
keystone	python-openstackclient	7.4.0	openstack.identity.v3	openstack consumer delete	Управление: OAuth1 consumers	no	Нет самостоятельной панели или пользовательского действия этой группы.	—	Основной	https://github.com/openstack/python-openstackclient/blob/7.4.0/setup.cfg	https://github.com/openstack/horizon/blob/25.3.0/openstack_dashboard/enabled/_3000_identity.py#L1
keystone	python-openstackclient	7.4.0	openstack.identity.v3	openstack consumer list	Управление: OAuth1 consumers	no	Нет самостоятельной панели или пользовательского действия этой группы.	—	Основной	https://github.com/openstack/python-openstackclient/blob/7.4.0/setup.cfg	https://github.com/openstack/horizon/blob/25.3.0/openstack_dashboard/enabled/_3000_identity.py#L1
keystone	python-openstackclient	7.4.0	openstack.identity.v3	openstack consumer set	Управление: OAuth1 consumers	no	Нет самостоятельной панели или пользовательского действия этой группы.	—	Основной	https://github.com/openstack/python-openstackclient/blob/7.4.0/setup.cfg	https://github.com/openstack/horizon/blob/25.3.0/openstack_dashboard/enabled/_3000_identity.py#L1
keystone	python-openstackclient	7.4.0	openstack.identity.v3	openstack consumer show	Управление: OAuth1 consumers	no	Нет самостоятельной панели или пользовательского действия этой группы.	—	Основной	https://github.com/openstack/python-openstackclient/blob/7.4.0/setup.cfg	https://github.com/openstack/horizon/blob/25.3.0/openstack_dashboard/enabled/_3000_identity.py#L1
keystone	python-openstackclient	7.4.0	openstack.identity.v3	openstack credential create	Identity: credential create	partial	Create/Edit форма покрывает предусмотренные поля; произвольные дополнительные свойства/все режимы CLI не представлены.	—	Основной	https://github.com/openstack/python-openstackclient/blob/7.4.0/setup.cfg	https://github.com/openstack/horizon/blob/25.3.0/openstack_dashboard/dashboards/identity/credentials/tables.py#L1
keystone	python-openstackclient	7.4.0	openstack.identity.v3	openstack credential delete	Identity: credential delete	yes	Реализовано основное действие/просмотр; видимость и доступ определяются policy и scope.	—	Основной	https://github.com/openstack/python-openstackclient/blob/7.4.0/setup.cfg	https://github.com/openstack/horizon/blob/25.3.0/openstack_dashboard/dashboards/identity/credentials/tables.py#L1
keystone	python-openstackclient	7.4.0	openstack.identity.v3	openstack credential list	Identity: credential list	yes	Реализовано основное действие/просмотр; видимость и доступ определяются policy и scope.	—	Основной	https://github.com/openstack/python-openstackclient/blob/7.4.0/setup.cfg	https://github.com/openstack/horizon/blob/25.3.0/openstack_dashboard/dashboards/identity/credentials/tables.py#L1
keystone	python-openstackclient	7.4.0	openstack.identity.v3	openstack credential set	Identity: credential set	partial	Create/Edit форма покрывает предусмотренные поля; произвольные дополнительные свойства/все режимы CLI не представлены.	—	Основной	https://github.com/openstack/python-openstackclient/blob/7.4.0/setup.cfg	https://github.com/openstack/horizon/blob/25.3.0/openstack_dashboard/dashboards/identity/credentials/tables.py#L1
keystone	python-openstackclient	7.4.0	openstack.identity.v3	openstack credential show	Identity: credential show	partial	Данные доступны в таблице/Edit или membership; нет полноценной отдельной страницы всех полей show.	—	Основной	https://github.com/openstack/python-openstackclient/blob/7.4.0/setup.cfg	https://github.com/openstack/horizon/blob/25.3.0/openstack_dashboard/dashboards/identity/credentials/tables.py#L1
keystone	python-openstackclient	7.4.0	openstack.identity.v3	openstack domain create	Identity: domain create	partial	Create/Edit форма покрывает предусмотренные поля; произвольные дополнительные свойства/все режимы CLI не представлены.	—	Основной	https://github.com/openstack/python-openstackclient/blob/7.4.0/setup.cfg	https://github.com/openstack/horizon/blob/25.3.0/openstack_dashboard/dashboards/identity/domains/tables.py#L1
keystone	python-openstackclient	7.4.0	openstack.identity.v3	openstack domain delete	Identity: domain delete	yes	Реализовано основное действие/просмотр; видимость и доступ определяются policy и scope.	—	Основной	https://github.com/openstack/python-openstackclient/blob/7.4.0/setup.cfg	https://github.com/openstack/horizon/blob/25.3.0/openstack_dashboard/dashboards/identity/domains/tables.py#L1
keystone	python-openstackclient	7.4.0	openstack.identity.v3	openstack domain list	Identity: domain list	yes	Реализовано основное действие/просмотр; видимость и доступ определяются policy и scope.	—	Основной	https://github.com/openstack/python-openstackclient/blob/7.4.0/setup.cfg	https://github.com/openstack/horizon/blob/25.3.0/openstack_dashboard/dashboards/identity/domains/tables.py#L1
keystone	python-openstackclient	7.4.0	openstack.identity.v3	openstack domain set	Identity: domain set	partial	Create/Edit форма покрывает предусмотренные поля; произвольные дополнительные свойства/все режимы CLI не представлены.	—	Основной	https://github.com/openstack/python-openstackclient/blob/7.4.0/setup.cfg	https://github.com/openstack/horizon/blob/25.3.0/openstack_dashboard/dashboards/identity/domains/tables.py#L1
keystone	python-openstackclient	7.4.0	openstack.identity.v3	openstack domain show	Identity: domain show	partial	Данные доступны в таблице/Edit или membership; нет полноценной отдельной страницы всех полей show.	—	Основной	https://github.com/openstack/python-openstackclient/blob/7.4.0/setup.cfg	https://github.com/openstack/horizon/blob/25.3.0/openstack_dashboard/dashboards/identity/domains/tables.py#L1
keystone	python-openstackclient	7.4.0	openstack.identity.v3	openstack ec2 credentials create	Специализированные EC2 credentials пользователя	partial	API Access при ec2 endpoint умеет View/Download и Recreate credentials текущего пользователя/проекта; ключ создаётся при отсутствии. Нет произвольного полного list/delete scope CLI.	—	Основной	https://github.com/openstack/python-openstackclient/blob/7.4.0/setup.cfg	https://github.com/openstack/horizon/blob/25.3.0/openstack_dashboard/dashboards/project/api_access/tables.py#L34
keystone	python-openstackclient	7.4.0	openstack.identity.v3	openstack ec2 credentials delete	Специализированные EC2 credentials пользователя	partial	API Access при ec2 endpoint умеет View/Download и Recreate credentials текущего пользователя/проекта; ключ создаётся при отсутствии. Нет произвольного полного list/delete scope CLI.	—	Основной	https://github.com/openstack/python-openstackclient/blob/7.4.0/setup.cfg	https://github.com/openstack/horizon/blob/25.3.0/openstack_dashboard/dashboards/project/api_access/tables.py#L34
keystone	python-openstackclient	7.4.0	openstack.identity.v3	openstack ec2 credentials list	Специализированные EC2 credentials пользователя	partial	API Access при ec2 endpoint умеет View/Download и Recreate credentials текущего пользователя/проекта; ключ создаётся при отсутствии. Нет произвольного полного list/delete scope CLI.	—	Основной	https://github.com/openstack/python-openstackclient/blob/7.4.0/setup.cfg	https://github.com/openstack/horizon/blob/25.3.0/openstack_dashboard/dashboards/project/api_access/tables.py#L34
keystone	python-openstackclient	7.4.0	openstack.identity.v3	openstack ec2 credentials show	Специализированные EC2 credentials пользователя	partial	API Access при ec2 endpoint умеет View/Download и Recreate credentials текущего пользователя/проекта; ключ создаётся при отсутствии. Нет произвольного полного list/delete scope CLI.	—	Основной	https://github.com/openstack/python-openstackclient/blob/7.4.0/setup.cfg	https://github.com/openstack/horizon/blob/25.3.0/openstack_dashboard/dashboards/project/api_access/tables.py#L34
keystone	python-openstackclient	7.4.0	openstack.identity.v3	openstack endpoint add project	Каталог сервисов/endpoint/region: endpoint add project	no	System Information показывает пользовательский service catalog с endpoint; это не полный административный список всех объектов/полей. CRUD отсутствует.	—	Основной	https://github.com/openstack/python-openstackclient/blob/7.4.0/setup.cfg	https://github.com/openstack/horizon/blob/25.3.0/openstack_dashboard/dashboards/admin/info/tables.py#L73
keystone	python-openstackclient	7.4.0	openstack.identity.v3	openstack endpoint create	Каталог сервисов/endpoint/region: endpoint create	no	System Information показывает пользовательский service catalog с endpoint; это не полный административный список всех объектов/полей. CRUD отсутствует.	—	Основной	https://github.com/openstack/python-openstackclient/blob/7.4.0/setup.cfg	https://github.com/openstack/horizon/blob/25.3.0/openstack_dashboard/dashboards/admin/info/tables.py#L73
keystone	python-openstackclient	7.4.0	openstack.identity.v3	openstack endpoint delete	Каталог сервисов/endpoint/region: endpoint delete	no	System Information показывает пользовательский service catalog с endpoint; это не полный административный список всех объектов/полей. CRUD отсутствует.	—	Основной	https://github.com/openstack/python-openstackclient/blob/7.4.0/setup.cfg	https://github.com/openstack/horizon/blob/25.3.0/openstack_dashboard/dashboards/admin/info/tables.py#L73
keystone	python-openstackclient	7.4.0	openstack.identity.v3	openstack endpoint group add project	Управление: группы endpoint и доступ проектов	no	Нет самостоятельной панели или пользовательского действия этой группы.	—	Основной	https://github.com/openstack/python-openstackclient/blob/7.4.0/setup.cfg	https://github.com/openstack/horizon/blob/25.3.0/openstack_dashboard/enabled/_3000_identity.py#L1
keystone	python-openstackclient	7.4.0	openstack.identity.v3	openstack endpoint group create	Управление: группы endpoint и доступ проектов	no	Нет самостоятельной панели или пользовательского действия этой группы.	—	Основной	https://github.com/openstack/python-openstackclient/blob/7.4.0/setup.cfg	https://github.com/openstack/horizon/blob/25.3.0/openstack_dashboard/enabled/_3000_identity.py#L1
keystone	python-openstackclient	7.4.0	openstack.identity.v3	openstack endpoint group delete	Управление: группы endpoint и доступ проектов	no	Нет самостоятельной панели или пользовательского действия этой группы.	—	Основной	https://github.com/openstack/python-openstackclient/blob/7.4.0/setup.cfg	https://github.com/openstack/horizon/blob/25.3.0/openstack_dashboard/enabled/_3000_identity.py#L1
keystone	python-openstackclient	7.4.0	openstack.identity.v3	openstack endpoint group list	Управление: группы endpoint и доступ проектов	no	Нет самостоятельной панели или пользовательского действия этой группы.	—	Основной	https://github.com/openstack/python-openstackclient/blob/7.4.0/setup.cfg	https://github.com/openstack/horizon/blob/25.3.0/openstack_dashboard/enabled/_3000_identity.py#L1
keystone	python-openstackclient	7.4.0	openstack.identity.v3	openstack endpoint group remove project	Управление: группы endpoint и доступ проектов	no	Нет самостоятельной панели или пользовательского действия этой группы.	—	Основной	https://github.com/openstack/python-openstackclient/blob/7.4.0/setup.cfg	https://github.com/openstack/horizon/blob/25.3.0/openstack_dashboard/enabled/_3000_identity.py#L1
keystone	python-openstackclient	7.4.0	openstack.identity.v3	openstack endpoint group set	Управление: группы endpoint и доступ проектов	no	Нет самостоятельной панели или пользовательского действия этой группы.	—	Основной	https://github.com/openstack/python-openstackclient/blob/7.4.0/setup.cfg	https://github.com/openstack/horizon/blob/25.3.0/openstack_dashboard/enabled/_3000_identity.py#L1
keystone	python-openstackclient	7.4.0	openstack.identity.v3	openstack endpoint group show	Управление: группы endpoint и доступ проектов	no	Нет самостоятельной панели или пользовательского действия этой группы.	—	Основной	https://github.com/openstack/python-openstackclient/blob/7.4.0/setup.cfg	https://github.com/openstack/horizon/blob/25.3.0/openstack_dashboard/enabled/_3000_identity.py#L1
keystone	python-openstackclient	7.4.0	openstack.identity.v3	openstack endpoint list	Каталог сервисов/endpoint/region: endpoint list	partial	System Information показывает пользовательский service catalog с endpoint; это не полный административный список всех объектов/полей. CRUD отсутствует.	—	Основной	https://github.com/openstack/python-openstackclient/blob/7.4.0/setup.cfg	https://github.com/openstack/horizon/blob/25.3.0/openstack_dashboard/dashboards/admin/info/tables.py#L73
keystone	python-openstackclient	7.4.0	openstack.identity.v3	openstack endpoint remove project	Каталог сервисов/endpoint/region: endpoint remove project	no	System Information показывает пользовательский service catalog с endpoint; это не полный административный список всех объектов/полей. CRUD отсутствует.	—	Основной	https://github.com/openstack/python-openstackclient/blob/7.4.0/setup.cfg	https://github.com/openstack/horizon/blob/25.3.0/openstack_dashboard/dashboards/admin/info/tables.py#L73
keystone	python-openstackclient	7.4.0	openstack.identity.v3	openstack endpoint set	Каталог сервисов/endpoint/region: endpoint set	no	System Information показывает пользовательский service catalog с endpoint; это не полный административный список всех объектов/полей. CRUD отсутствует.	—	Основной	https://github.com/openstack/python-openstackclient/blob/7.4.0/setup.cfg	https://github.com/openstack/horizon/blob/25.3.0/openstack_dashboard/dashboards/admin/info/tables.py#L73
keystone	python-openstackclient	7.4.0	openstack.identity.v3	openstack endpoint show	Каталог сервисов/endpoint/region: endpoint show	partial	System Information показывает пользовательский service catalog с endpoint; это не полный административный список всех объектов/полей. CRUD отсутствует.	—	Основной	https://github.com/openstack/python-openstackclient/blob/7.4.0/setup.cfg	https://github.com/openstack/horizon/blob/25.3.0/openstack_dashboard/dashboards/admin/info/tables.py#L73
keystone	python-openstackclient	7.4.0	openstack.identity.v3	openstack federation domain list	Перечень доступных federation domains/projects для unscoped SAML	partial	Federated login и выбор доступного scope дают пользовательский сценарий; отдельного экрана результата этих CLI-команд нет.	—	Основной	https://github.com/openstack/python-openstackclient/blob/7.4.0/setup.cfg	https://github.com/openstack/horizon/blob/25.3.0/openstack_dashboard/enabled/_3000_identity.py#L1
keystone	python-openstackclient	7.4.0	openstack.identity.v3	openstack federation project list	Перечень доступных federation domains/projects для unscoped SAML	partial	Federated login и выбор доступного scope дают пользовательский сценарий; отдельного экрана результата этих CLI-команд нет.	—	Основной	https://github.com/openstack/python-openstackclient/blob/7.4.0/setup.cfg	https://github.com/openstack/horizon/blob/25.3.0/openstack_dashboard/enabled/_3000_identity.py#L1
keystone	python-openstackclient	7.4.0	openstack.identity.v3	openstack federation protocol create	Protocol ↔ mapping у identity provider	yes	Есть Add/Remove Protocol и таблица Protocol ID/Mapping ID; Update Protocol отсутствует.	—	Основной	https://github.com/openstack/python-openstackclient/blob/7.4.0/setup.cfg	https://github.com/openstack/horizon/blob/25.3.0/openstack_dashboard/dashboards/identity/identity_providers/protocols/tables.py#L1
keystone	python-openstackclient	7.4.0	openstack.identity.v3	openstack federation protocol delete	Protocol ↔ mapping у identity provider	yes	Есть Add/Remove Protocol и таблица Protocol ID/Mapping ID; Update Protocol отсутствует.	—	Основной	https://github.com/openstack/python-openstackclient/blob/7.4.0/setup.cfg	https://github.com/openstack/horizon/blob/25.3.0/openstack_dashboard/dashboards/identity/identity_providers/protocols/tables.py#L1
keystone	python-openstackclient	7.4.0	openstack.identity.v3	openstack federation protocol list	Protocol ↔ mapping у identity provider	yes	Есть Add/Remove Protocol и таблица Protocol ID/Mapping ID; Update Protocol отсутствует.	—	Основной	https://github.com/openstack/python-openstackclient/blob/7.4.0/setup.cfg	https://github.com/openstack/horizon/blob/25.3.0/openstack_dashboard/dashboards/identity/identity_providers/protocols/tables.py#L1
keystone	python-openstackclient	7.4.0	openstack.identity.v3	openstack federation protocol set	Protocol ↔ mapping у identity provider	no	Есть Add/Remove Protocol и таблица Protocol ID/Mapping ID; Update Protocol отсутствует.	—	Основной	https://github.com/openstack/python-openstackclient/blob/7.4.0/setup.cfg	https://github.com/openstack/horizon/blob/25.3.0/openstack_dashboard/dashboards/identity/identity_providers/protocols/tables.py#L1
keystone	python-openstackclient	7.4.0	openstack.identity.v3	openstack federation protocol show	Protocol ↔ mapping у identity provider	yes	Есть Add/Remove Protocol и таблица Protocol ID/Mapping ID; Update Protocol отсутствует.	—	Основной	https://github.com/openstack/python-openstackclient/blob/7.4.0/setup.cfg	https://github.com/openstack/horizon/blob/25.3.0/openstack_dashboard/dashboards/identity/identity_providers/protocols/tables.py#L1
keystone	python-openstackclient	7.4.0	openstack.identity.v3	openstack group add user	Identity: group add user	yes	Реализовано основное действие/просмотр; видимость и доступ определяются policy и scope.	—	Основной	https://github.com/openstack/python-openstackclient/blob/7.4.0/setup.cfg	https://github.com/openstack/horizon/blob/25.3.0/openstack_dashboard/dashboards/identity/groups/tables.py#L1
keystone	python-openstackclient	7.4.0	openstack.identity.v3	openstack group contains user	Identity: group contains user	partial	Членство видно через Manage Members; отдельного булева contains-запроса UI нет.	—	Основной	https://github.com/openstack/python-openstackclient/blob/7.4.0/setup.cfg	https://github.com/openstack/horizon/blob/25.3.0/openstack_dashboard/dashboards/identity/groups/tables.py#L1
keystone	python-openstackclient	7.4.0	openstack.identity.v3	openstack group create	Identity: group create	partial	Create/Edit форма покрывает предусмотренные поля; произвольные дополнительные свойства/все режимы CLI не представлены.	—	Основной	https://github.com/openstack/python-openstackclient/blob/7.4.0/setup.cfg	https://github.com/openstack/horizon/blob/25.3.0/openstack_dashboard/dashboards/identity/groups/tables.py#L1
keystone	python-openstackclient	7.4.0	openstack.identity.v3	openstack group delete	Identity: group delete	yes	Реализовано основное действие/просмотр; видимость и доступ определяются policy и scope.	—	Основной	https://github.com/openstack/python-openstackclient/blob/7.4.0/setup.cfg	https://github.com/openstack/horizon/blob/25.3.0/openstack_dashboard/dashboards/identity/groups/tables.py#L1
keystone	python-openstackclient	7.4.0	openstack.identity.v3	openstack group list	Identity: group list	yes	Реализовано основное действие/просмотр; видимость и доступ определяются policy и scope.	—	Основной	https://github.com/openstack/python-openstackclient/blob/7.4.0/setup.cfg	https://github.com/openstack/horizon/blob/25.3.0/openstack_dashboard/dashboards/identity/groups/tables.py#L1
keystone	python-openstackclient	7.4.0	openstack.identity.v3	openstack group remove user	Identity: group remove user	yes	Реализовано основное действие/просмотр; видимость и доступ определяются policy и scope.	—	Основной	https://github.com/openstack/python-openstackclient/blob/7.4.0/setup.cfg	https://github.com/openstack/horizon/blob/25.3.0/openstack_dashboard/dashboards/identity/groups/tables.py#L1
keystone	python-openstackclient	7.4.0	openstack.identity.v3	openstack group set	Identity: group set	partial	Create/Edit форма покрывает предусмотренные поля; произвольные дополнительные свойства/все режимы CLI не представлены.	—	Основной	https://github.com/openstack/python-openstackclient/blob/7.4.0/setup.cfg	https://github.com/openstack/horizon/blob/25.3.0/openstack_dashboard/dashboards/identity/groups/tables.py#L1
keystone	python-openstackclient	7.4.0	openstack.identity.v3	openstack group show	Identity: group show	partial	Данные доступны в таблице/Edit или membership; нет полноценной отдельной страницы всех полей show.	—	Основной	https://github.com/openstack/python-openstackclient/blob/7.4.0/setup.cfg	https://github.com/openstack/horizon/blob/25.3.0/openstack_dashboard/dashboards/identity/groups/tables.py#L1
keystone	python-openstackclient	7.4.0	openstack.identity.v3	openstack identity provider create	Identity: identity provider create	yes	Реализовано основное действие/просмотр; видимость и доступ определяются policy и scope.	—	Основной	https://github.com/openstack/python-openstackclient/blob/7.4.0/setup.cfg	https://github.com/openstack/horizon/blob/25.3.0/openstack_dashboard/dashboards/identity/identity_providers/tables.py#L1
keystone	python-openstackclient	7.4.0	openstack.identity.v3	openstack identity provider delete	Identity: identity provider delete	yes	Реализовано основное действие/просмотр; видимость и доступ определяются policy и scope.	—	Основной	https://github.com/openstack/python-openstackclient/blob/7.4.0/setup.cfg	https://github.com/openstack/horizon/blob/25.3.0/openstack_dashboard/dashboards/identity/identity_providers/tables.py#L1
keystone	python-openstackclient	7.4.0	openstack.identity.v3	openstack identity provider list	Identity: identity provider list	yes	Реализовано основное действие/просмотр; видимость и доступ определяются policy и scope.	—	Основной	https://github.com/openstack/python-openstackclient/blob/7.4.0/setup.cfg	https://github.com/openstack/horizon/blob/25.3.0/openstack_dashboard/dashboards/identity/identity_providers/tables.py#L1
keystone	python-openstackclient	7.4.0	openstack.identity.v3	openstack identity provider set	Identity: identity provider set	yes	Реализовано основное действие/просмотр; видимость и доступ определяются policy и scope.	—	Основной	https://github.com/openstack/python-openstackclient/blob/7.4.0/setup.cfg	https://github.com/openstack/horizon/blob/25.3.0/openstack_dashboard/dashboards/identity/identity_providers/tables.py#L1
keystone	python-openstackclient	7.4.0	openstack.identity.v3	openstack identity provider show	Identity: identity provider show	yes	Реализовано основное действие/просмотр; видимость и доступ определяются policy и scope.	—	Основной	https://github.com/openstack/python-openstackclient/blob/7.4.0/setup.cfg	https://github.com/openstack/horizon/blob/25.3.0/openstack_dashboard/dashboards/identity/identity_providers/tables.py#L1
keystone	python-openstackclient	7.4.0	openstack.identity.v3	openstack implied role create	Управление: наследование ролей	no	Нет самостоятельной панели или пользовательского действия этой группы.	—	Основной	https://github.com/openstack/python-openstackclient/blob/7.4.0/setup.cfg	https://github.com/openstack/horizon/blob/25.3.0/openstack_dashboard/enabled/_3000_identity.py#L1
keystone	python-openstackclient	7.4.0	openstack.identity.v3	openstack implied role delete	Управление: наследование ролей	no	Нет самостоятельной панели или пользовательского действия этой группы.	—	Основной	https://github.com/openstack/python-openstackclient/blob/7.4.0/setup.cfg	https://github.com/openstack/horizon/blob/25.3.0/openstack_dashboard/enabled/_3000_identity.py#L1
keystone	python-openstackclient	7.4.0	openstack.identity.v3	openstack implied role list	Управление: наследование ролей	no	Нет самостоятельной панели или пользовательского действия этой группы.	—	Основной	https://github.com/openstack/python-openstackclient/blob/7.4.0/setup.cfg	https://github.com/openstack/horizon/blob/25.3.0/openstack_dashboard/enabled/_3000_identity.py#L1
keystone	python-openstackclient	7.4.0	openstack.identity.v3	openstack limit create	Управление: Keystone unified limits	no	Нет самостоятельной панели или пользовательского действия этой группы.	—	Основной	https://github.com/openstack/python-openstackclient/blob/7.4.0/setup.cfg	https://github.com/openstack/horizon/blob/25.3.0/openstack_dashboard/enabled/_3000_identity.py#L1
keystone	python-openstackclient	7.4.0	openstack.identity.v3	openstack limit delete	Управление: Keystone unified limits	no	Нет самостоятельной панели или пользовательского действия этой группы.	—	Основной	https://github.com/openstack/python-openstackclient/blob/7.4.0/setup.cfg	https://github.com/openstack/horizon/blob/25.3.0/openstack_dashboard/enabled/_3000_identity.py#L1
keystone	python-openstackclient	7.4.0	openstack.identity.v3	openstack limit list	Управление: Keystone unified limits	no	Нет самостоятельной панели или пользовательского действия этой группы.	—	Основной	https://github.com/openstack/python-openstackclient/blob/7.4.0/setup.cfg	https://github.com/openstack/horizon/blob/25.3.0/openstack_dashboard/enabled/_3000_identity.py#L1
keystone	python-openstackclient	7.4.0	openstack.identity.v3	openstack limit set	Управление: Keystone unified limits	no	Нет самостоятельной панели или пользовательского действия этой группы.	—	Основной	https://github.com/openstack/python-openstackclient/blob/7.4.0/setup.cfg	https://github.com/openstack/horizon/blob/25.3.0/openstack_dashboard/enabled/_3000_identity.py#L1
keystone	python-openstackclient	7.4.0	openstack.identity.v3	openstack limit show	Управление: Keystone unified limits	no	Нет самостоятельной панели или пользовательского действия этой группы.	—	Основной	https://github.com/openstack/python-openstackclient/blob/7.4.0/setup.cfg	https://github.com/openstack/horizon/blob/25.3.0/openstack_dashboard/enabled/_3000_identity.py#L1
keystone	python-openstackclient	7.4.0	openstack.identity.v3	openstack mapping create	Identity: mapping create	yes	Реализовано основное действие/просмотр; видимость и доступ определяются policy и scope.	—	Основной	https://github.com/openstack/python-openstackclient/blob/7.4.0/setup.cfg	https://github.com/openstack/horizon/blob/25.3.0/openstack_dashboard/dashboards/identity/mappings/tables.py#L1
keystone	python-openstackclient	7.4.0	openstack.identity.v3	openstack mapping delete	Identity: mapping delete	yes	Реализовано основное действие/просмотр; видимость и доступ определяются policy и scope.	—	Основной	https://github.com/openstack/python-openstackclient/blob/7.4.0/setup.cfg	https://github.com/openstack/horizon/blob/25.3.0/openstack_dashboard/dashboards/identity/mappings/tables.py#L1
keystone	python-openstackclient	7.4.0	openstack.identity.v3	openstack mapping list	Identity: mapping list	yes	Реализовано основное действие/просмотр; видимость и доступ определяются policy и scope.	—	Основной	https://github.com/openstack/python-openstackclient/blob/7.4.0/setup.cfg	https://github.com/openstack/horizon/blob/25.3.0/openstack_dashboard/dashboards/identity/mappings/tables.py#L1
keystone	python-openstackclient	7.4.0	openstack.identity.v3	openstack mapping set	Identity: mapping set	yes	Реализовано основное действие/просмотр; видимость и доступ определяются policy и scope.	—	Основной	https://github.com/openstack/python-openstackclient/blob/7.4.0/setup.cfg	https://github.com/openstack/horizon/blob/25.3.0/openstack_dashboard/dashboards/identity/mappings/tables.py#L1
keystone	python-openstackclient	7.4.0	openstack.identity.v3	openstack mapping show	Identity: mapping show	partial	Данные доступны в таблице/Edit или membership; нет полноценной отдельной страницы всех полей show.	—	Основной	https://github.com/openstack/python-openstackclient/blob/7.4.0/setup.cfg	https://github.com/openstack/horizon/blob/25.3.0/openstack_dashboard/dashboards/identity/mappings/tables.py#L1
keystone	python-openstackclient	7.4.0	openstack.identity.v3	openstack policy create	Управление: объекты Keystone policy	no	Нет самостоятельной панели или пользовательского действия этой группы.	—	Основной	https://github.com/openstack/python-openstackclient/blob/7.4.0/setup.cfg	https://github.com/openstack/horizon/blob/25.3.0/openstack_dashboard/enabled/_3000_identity.py#L1
keystone	python-openstackclient	7.4.0	openstack.identity.v3	openstack policy delete	Управление: объекты Keystone policy	no	Нет самостоятельной панели или пользовательского действия этой группы.	—	Основной	https://github.com/openstack/python-openstackclient/blob/7.4.0/setup.cfg	https://github.com/openstack/horizon/blob/25.3.0/openstack_dashboard/enabled/_3000_identity.py#L1
keystone	python-openstackclient	7.4.0	openstack.identity.v3	openstack policy list	Управление: объекты Keystone policy	no	Нет самостоятельной панели или пользовательского действия этой группы.	—	Основной	https://github.com/openstack/python-openstackclient/blob/7.4.0/setup.cfg	https://github.com/openstack/horizon/blob/25.3.0/openstack_dashboard/enabled/_3000_identity.py#L1
keystone	python-openstackclient	7.4.0	openstack.identity.v3	openstack policy set	Управление: объекты Keystone policy	no	Нет самостоятельной панели или пользовательского действия этой группы.	—	Основной	https://github.com/openstack/python-openstackclient/blob/7.4.0/setup.cfg	https://github.com/openstack/horizon/blob/25.3.0/openstack_dashboard/enabled/_3000_identity.py#L1
keystone	python-openstackclient	7.4.0	openstack.identity.v3	openstack policy show	Управление: объекты Keystone policy	no	Нет самостоятельной панели или пользовательского действия этой группы.	—	Основной	https://github.com/openstack/python-openstackclient/blob/7.4.0/setup.cfg	https://github.com/openstack/horizon/blob/25.3.0/openstack_dashboard/enabled/_3000_identity.py#L1
keystone	python-openstackclient	7.4.0	openstack.identity.v3	openstack project create	Identity: project create	partial	Create/Edit форма покрывает предусмотренные поля; произвольные дополнительные свойства/все режимы CLI не представлены.	—	Основной	https://github.com/openstack/python-openstackclient/blob/7.4.0/setup.cfg	https://github.com/openstack/horizon/blob/25.3.0/openstack_dashboard/dashboards/identity/projects/tables.py#L1
keystone	python-openstackclient	7.4.0	openstack.identity.v3	openstack project delete	Identity: project delete	yes	Реализовано основное действие/просмотр; видимость и доступ определяются policy и scope.	—	Основной	https://github.com/openstack/python-openstackclient/blob/7.4.0/setup.cfg	https://github.com/openstack/horizon/blob/25.3.0/openstack_dashboard/dashboards/identity/projects/tables.py#L1
keystone	python-openstackclient	7.4.0	openstack.identity.v3	openstack project list	Identity: project list	yes	Реализовано основное действие/просмотр; видимость и доступ определяются policy и scope.	—	Основной	https://github.com/openstack/python-openstackclient/blob/7.4.0/setup.cfg	https://github.com/openstack/horizon/blob/25.3.0/openstack_dashboard/dashboards/identity/projects/tables.py#L1
keystone	python-openstackclient	7.4.0	openstack.identity.v3	openstack project set	Identity: project set	partial	Create/Edit форма покрывает предусмотренные поля; произвольные дополнительные свойства/все режимы CLI не представлены.	—	Основной	https://github.com/openstack/python-openstackclient/blob/7.4.0/setup.cfg	https://github.com/openstack/horizon/blob/25.3.0/openstack_dashboard/dashboards/identity/projects/tables.py#L1
keystone	python-openstackclient	7.4.0	openstack.identity.v3	openstack project show	Identity: project show	yes	Реализовано основное действие/просмотр; видимость и доступ определяются policy и scope.	—	Основной	https://github.com/openstack/python-openstackclient/blob/7.4.0/setup.cfg	https://github.com/openstack/horizon/blob/25.3.0/openstack_dashboard/dashboards/identity/projects/tables.py#L1
keystone	python-openstackclient	7.4.0	openstack.identity.v3	openstack region create	Каталог сервисов/endpoint/region: region create	no	System Information показывает пользовательский service catalog с endpoint; это не полный административный список всех объектов/полей. CRUD отсутствует.	—	Основной	https://github.com/openstack/python-openstackclient/blob/7.4.0/setup.cfg	https://github.com/openstack/horizon/blob/25.3.0/openstack_dashboard/dashboards/admin/info/tables.py#L73
keystone	python-openstackclient	7.4.0	openstack.identity.v3	openstack region delete	Каталог сервисов/endpoint/region: region delete	no	System Information показывает пользовательский service catalog с endpoint; это не полный административный список всех объектов/полей. CRUD отсутствует.	—	Основной	https://github.com/openstack/python-openstackclient/blob/7.4.0/setup.cfg	https://github.com/openstack/horizon/blob/25.3.0/openstack_dashboard/dashboards/admin/info/tables.py#L73
keystone	python-openstackclient	7.4.0	openstack.identity.v3	openstack region list	Каталог сервисов/endpoint/region: region list	partial	System Information показывает пользовательский service catalog с endpoint; это не полный административный список всех объектов/полей. CRUD отсутствует.	—	Основной	https://github.com/openstack/python-openstackclient/blob/7.4.0/setup.cfg	https://github.com/openstack/horizon/blob/25.3.0/openstack_dashboard/dashboards/admin/info/tables.py#L73
keystone	python-openstackclient	7.4.0	openstack.identity.v3	openstack region set	Каталог сервисов/endpoint/region: region set	no	System Information показывает пользовательский service catalog с endpoint; это не полный административный список всех объектов/полей. CRUD отсутствует.	—	Основной	https://github.com/openstack/python-openstackclient/blob/7.4.0/setup.cfg	https://github.com/openstack/horizon/blob/25.3.0/openstack_dashboard/dashboards/admin/info/tables.py#L73
keystone	python-openstackclient	7.4.0	openstack.identity.v3	openstack region show	Каталог сервисов/endpoint/region: region show	partial	System Information показывает пользовательский service catalog с endpoint; это не полный административный список всех объектов/полей. CRUD отсутствует.	—	Основной	https://github.com/openstack/python-openstackclient/blob/7.4.0/setup.cfg	https://github.com/openstack/horizon/blob/25.3.0/openstack_dashboard/dashboards/admin/info/tables.py#L73
keystone	python-openstackclient	7.4.0	openstack.identity.v3	openstack registered limit create	Управление: Keystone registered limits	no	Нет самостоятельной панели или пользовательского действия этой группы.	—	Основной	https://github.com/openstack/python-openstackclient/blob/7.4.0/setup.cfg	https://github.com/openstack/horizon/blob/25.3.0/openstack_dashboard/enabled/_3000_identity.py#L1
keystone	python-openstackclient	7.4.0	openstack.identity.v3	openstack registered limit delete	Управление: Keystone registered limits	no	Нет самостоятельной панели или пользовательского действия этой группы.	—	Основной	https://github.com/openstack/python-openstackclient/blob/7.4.0/setup.cfg	https://github.com/openstack/horizon/blob/25.3.0/openstack_dashboard/enabled/_3000_identity.py#L1
keystone	python-openstackclient	7.4.0	openstack.identity.v3	openstack registered limit list	Управление: Keystone registered limits	no	Нет самостоятельной панели или пользовательского действия этой группы.	—	Основной	https://github.com/openstack/python-openstackclient/blob/7.4.0/setup.cfg	https://github.com/openstack/horizon/blob/25.3.0/openstack_dashboard/enabled/_3000_identity.py#L1
keystone	python-openstackclient	7.4.0	openstack.identity.v3	openstack registered limit set	Управление: Keystone registered limits	no	Нет самостоятельной панели или пользовательского действия этой группы.	—	Основной	https://github.com/openstack/python-openstackclient/blob/7.4.0/setup.cfg	https://github.com/openstack/horizon/blob/25.3.0/openstack_dashboard/enabled/_3000_identity.py#L1
keystone	python-openstackclient	7.4.0	openstack.identity.v3	openstack registered limit show	Управление: Keystone registered limits	no	Нет самостоятельной панели или пользовательского действия этой группы.	—	Основной	https://github.com/openstack/python-openstackclient/blob/7.4.0/setup.cfg	https://github.com/openstack/horizon/blob/25.3.0/openstack_dashboard/enabled/_3000_identity.py#L1
keystone	python-openstackclient	7.4.0	openstack.identity.v3	openstack request token authorize	Токены Keystone/OAuth1: request token authorize	no	Login/logout используют токены внутри; нет эквивалентного инструмента выдачи/отзыва произвольного токена или OAuth1 request/access-token.	—	Основной	https://github.com/openstack/python-openstackclient/blob/7.4.0/setup.cfg	https://github.com/openstack/horizon/blob/25.3.0/openstack_dashboard/enabled/_3000_identity.py#L1
keystone	python-openstackclient	7.4.0	openstack.identity.v3	openstack request token create	Токены Keystone/OAuth1: request token create	no	Login/logout используют токены внутри; нет эквивалентного инструмента выдачи/отзыва произвольного токена или OAuth1 request/access-token.	—	Основной	https://github.com/openstack/python-openstackclient/blob/7.4.0/setup.cfg	https://github.com/openstack/horizon/blob/25.3.0/openstack_dashboard/enabled/_3000_identity.py#L1
keystone	python-openstackclient	7.4.0	openstack.identity.v3	openstack role add	Identity: role add	partial	Назначение/снятие ролей через membership проектов/доменов; CLI дополнительно выражает system/inherited и другие scope.	—	Основной	https://github.com/openstack/python-openstackclient/blob/7.4.0/setup.cfg	https://github.com/openstack/horizon/blob/25.3.0/openstack_dashboard/dashboards/identity/roles/tables.py#L1
keystone	python-openstackclient	7.4.0	openstack.identity.v3	openstack role assignment list	Просмотр назначения ролей	partial	Есть роли пользователя и membership проектов/доменов; нет одного полного UI эквивалента всех system/inherited/effective/filter режимов CLI.	—	Основной	https://github.com/openstack/python-openstackclient/blob/7.4.0/setup.cfg	https://github.com/openstack/horizon/blob/25.3.0/openstack_dashboard/dashboards/identity/users/role_assignments/tables.py#L1
keystone	python-openstackclient	7.4.0	openstack.identity.v3	openstack role create	Identity: role create	partial	Create/Edit форма покрывает предусмотренные поля; произвольные дополнительные свойства/все режимы CLI не представлены.	—	Основной	https://github.com/openstack/python-openstackclient/blob/7.4.0/setup.cfg	https://github.com/openstack/horizon/blob/25.3.0/openstack_dashboard/dashboards/identity/roles/tables.py#L1
keystone	python-openstackclient	7.4.0	openstack.identity.v3	openstack role delete	Identity: role delete	yes	Реализовано основное действие/просмотр; видимость и доступ определяются policy и scope.	—	Основной	https://github.com/openstack/python-openstackclient/blob/7.4.0/setup.cfg	https://github.com/openstack/horizon/blob/25.3.0/openstack_dashboard/dashboards/identity/roles/tables.py#L1
keystone	python-openstackclient	7.4.0	openstack.identity.v3	openstack role list	Identity: role list	yes	Реализовано основное действие/просмотр; видимость и доступ определяются policy и scope.	—	Основной	https://github.com/openstack/python-openstackclient/blob/7.4.0/setup.cfg	https://github.com/openstack/horizon/blob/25.3.0/openstack_dashboard/dashboards/identity/roles/tables.py#L1
keystone	python-openstackclient	7.4.0	openstack.identity.v3	openstack role remove	Identity: role remove	partial	Назначение/снятие ролей через membership проектов/доменов; CLI дополнительно выражает system/inherited и другие scope.	—	Основной	https://github.com/openstack/python-openstackclient/blob/7.4.0/setup.cfg	https://github.com/openstack/horizon/blob/25.3.0/openstack_dashboard/dashboards/identity/roles/tables.py#L1
keystone	python-openstackclient	7.4.0	openstack.identity.v3	openstack role set	Identity: role set	partial	Create/Edit форма покрывает предусмотренные поля; произвольные дополнительные свойства/все режимы CLI не представлены.	—	Основной	https://github.com/openstack/python-openstackclient/blob/7.4.0/setup.cfg	https://github.com/openstack/horizon/blob/25.3.0/openstack_dashboard/dashboards/identity/roles/tables.py#L1
keystone	python-openstackclient	7.4.0	openstack.identity.v3	openstack role show	Identity: role show	partial	Данные доступны в таблице/Edit или membership; нет полноценной отдельной страницы всех полей show.	—	Основной	https://github.com/openstack/python-openstackclient/blob/7.4.0/setup.cfg	https://github.com/openstack/horizon/blob/25.3.0/openstack_dashboard/dashboards/identity/roles/tables.py#L1
keystone	python-openstackclient	7.4.0	openstack.identity.v3	openstack service create	Каталог сервисов/endpoint/region: service create	no	System Information показывает пользовательский service catalog с endpoint; это не полный административный список всех объектов/полей. CRUD отсутствует.	—	Основной	https://github.com/openstack/python-openstackclient/blob/7.4.0/setup.cfg	https://github.com/openstack/horizon/blob/25.3.0/openstack_dashboard/dashboards/admin/info/tables.py#L73
keystone	python-openstackclient	7.4.0	openstack.identity.v3	openstack service delete	Каталог сервисов/endpoint/region: service delete	no	System Information показывает пользовательский service catalog с endpoint; это не полный административный список всех объектов/полей. CRUD отсутствует.	—	Основной	https://github.com/openstack/python-openstackclient/blob/7.4.0/setup.cfg	https://github.com/openstack/horizon/blob/25.3.0/openstack_dashboard/dashboards/admin/info/tables.py#L73
keystone	python-openstackclient	7.4.0	openstack.identity.v3	openstack service list	Каталог сервисов/endpoint/region: service list	partial	System Information показывает пользовательский service catalog с endpoint; это не полный административный список всех объектов/полей. CRUD отсутствует.	—	Основной	https://github.com/openstack/python-openstackclient/blob/7.4.0/setup.cfg	https://github.com/openstack/horizon/blob/25.3.0/openstack_dashboard/dashboards/admin/info/tables.py#L73
keystone	python-openstackclient	7.4.0	openstack.identity.v3	openstack service provider create	Управление: federation service providers	no	Нет самостоятельной панели или пользовательского действия этой группы.	—	Основной	https://github.com/openstack/python-openstackclient/blob/7.4.0/setup.cfg	https://github.com/openstack/horizon/blob/25.3.0/openstack_dashboard/enabled/_3000_identity.py#L1
keystone	python-openstackclient	7.4.0	openstack.identity.v3	openstack service provider delete	Управление: federation service providers	no	Нет самостоятельной панели или пользовательского действия этой группы.	—	Основной	https://github.com/openstack/python-openstackclient/blob/7.4.0/setup.cfg	https://github.com/openstack/horizon/blob/25.3.0/openstack_dashboard/enabled/_3000_identity.py#L1
keystone	python-openstackclient	7.4.0	openstack.identity.v3	openstack service provider list	Управление: federation service providers	no	Нет самостоятельной панели или пользовательского действия этой группы.	—	Основной	https://github.com/openstack/python-openstackclient/blob/7.4.0/setup.cfg	https://github.com/openstack/horizon/blob/25.3.0/openstack_dashboard/enabled/_3000_identity.py#L1
keystone	python-openstackclient	7.4.0	openstack.identity.v3	openstack service provider set	Управление: federation service providers	no	Нет самостоятельной панели или пользовательского действия этой группы.	—	Основной	https://github.com/openstack/python-openstackclient/blob/7.4.0/setup.cfg	https://github.com/openstack/horizon/blob/25.3.0/openstack_dashboard/enabled/_3000_identity.py#L1
keystone	python-openstackclient	7.4.0	openstack.identity.v3	openstack service provider show	Управление: federation service providers	no	Нет самостоятельной панели или пользовательского действия этой группы.	—	Основной	https://github.com/openstack/python-openstackclient/blob/7.4.0/setup.cfg	https://github.com/openstack/horizon/blob/25.3.0/openstack_dashboard/enabled/_3000_identity.py#L1
keystone	python-openstackclient	7.4.0	openstack.identity.v3	openstack service set	Каталог сервисов/endpoint/region: service set	no	System Information показывает пользовательский service catalog с endpoint; это не полный административный список всех объектов/полей. CRUD отсутствует.	—	Основной	https://github.com/openstack/python-openstackclient/blob/7.4.0/setup.cfg	https://github.com/openstack/horizon/blob/25.3.0/openstack_dashboard/dashboards/admin/info/tables.py#L73
keystone	python-openstackclient	7.4.0	openstack.identity.v3	openstack service show	Каталог сервисов/endpoint/region: service show	partial	System Information показывает пользовательский service catalog с endpoint; это не полный административный список всех объектов/полей. CRUD отсутствует.	—	Основной	https://github.com/openstack/python-openstackclient/blob/7.4.0/setup.cfg	https://github.com/openstack/horizon/blob/25.3.0/openstack_dashboard/dashboards/admin/info/tables.py#L73
keystone	python-openstackclient	7.4.0	openstack.identity.v3	openstack token issue	Токены Keystone/OAuth1: token issue	no	Login/logout используют токены внутри; нет эквивалентного инструмента выдачи/отзыва произвольного токена или OAuth1 request/access-token.	—	Основной	https://github.com/openstack/python-openstackclient/blob/7.4.0/setup.cfg	https://github.com/openstack/horizon/blob/25.3.0/openstack_dashboard/enabled/_3000_identity.py#L1
keystone	python-openstackclient	7.4.0	openstack.identity.v3	openstack token revoke	Токены Keystone/OAuth1: token revoke	no	Login/logout используют токены внутри; нет эквивалентного инструмента выдачи/отзыва произвольного токена или OAuth1 request/access-token.	—	Основной	https://github.com/openstack/python-openstackclient/blob/7.4.0/setup.cfg	https://github.com/openstack/horizon/blob/25.3.0/openstack_dashboard/enabled/_3000_identity.py#L1
keystone	python-openstackclient	7.4.0	openstack.identity.v3	openstack trust create	Управление: делегирование Keystone trusts	no	Нет самостоятельной панели или пользовательского действия этой группы.	—	Основной	https://github.com/openstack/python-openstackclient/blob/7.4.0/setup.cfg	https://github.com/openstack/horizon/blob/25.3.0/openstack_dashboard/enabled/_3000_identity.py#L1
keystone	python-openstackclient	7.4.0	openstack.identity.v3	openstack trust delete	Управление: делегирование Keystone trusts	no	Нет самостоятельной панели или пользовательского действия этой группы.	—	Основной	https://github.com/openstack/python-openstackclient/blob/7.4.0/setup.cfg	https://github.com/openstack/horizon/blob/25.3.0/openstack_dashboard/enabled/_3000_identity.py#L1
keystone	python-openstackclient	7.4.0	openstack.identity.v3	openstack trust list	Управление: делегирование Keystone trusts	no	Нет самостоятельной панели или пользовательского действия этой группы.	—	Основной	https://github.com/openstack/python-openstackclient/blob/7.4.0/setup.cfg	https://github.com/openstack/horizon/blob/25.3.0/openstack_dashboard/enabled/_3000_identity.py#L1
keystone	python-openstackclient	7.4.0	openstack.identity.v3	openstack trust show	Управление: делегирование Keystone trusts	no	Нет самостоятельной панели или пользовательского действия этой группы.	—	Основной	https://github.com/openstack/python-openstackclient/blob/7.4.0/setup.cfg	https://github.com/openstack/horizon/blob/25.3.0/openstack_dashboard/enabled/_3000_identity.py#L1
keystone	python-openstackclient	7.4.0	openstack.identity.v3	openstack user create	Identity: user create	partial	Create/Edit форма покрывает предусмотренные поля; произвольные дополнительные свойства/все режимы CLI не представлены.	—	Основной	https://github.com/openstack/python-openstackclient/blob/7.4.0/setup.cfg	https://github.com/openstack/horizon/blob/25.3.0/openstack_dashboard/dashboards/identity/users/tables.py#L1
keystone	python-openstackclient	7.4.0	openstack.identity.v3	openstack user delete	Identity: user delete	yes	Реализовано основное действие/просмотр; видимость и доступ определяются policy и scope.	—	Основной	https://github.com/openstack/python-openstackclient/blob/7.4.0/setup.cfg	https://github.com/openstack/horizon/blob/25.3.0/openstack_dashboard/dashboards/identity/users/tables.py#L1
keystone	python-openstackclient	7.4.0	openstack.identity.v3	openstack user list	Identity: user list	yes	Реализовано основное действие/просмотр; видимость и доступ определяются policy и scope.	—	Основной	https://github.com/openstack/python-openstackclient/blob/7.4.0/setup.cfg	https://github.com/openstack/horizon/blob/25.3.0/openstack_dashboard/dashboards/identity/users/tables.py#L1
keystone	python-openstackclient	7.4.0	openstack.identity.v3	openstack user password set	Identity: user password set	partial	Create/Edit форма покрывает предусмотренные поля; произвольные дополнительные свойства/все режимы CLI не представлены.	—	Основной	https://github.com/openstack/python-openstackclient/blob/7.4.0/setup.cfg	https://github.com/openstack/horizon/blob/25.3.0/openstack_dashboard/dashboards/identity/users/tables.py#L1
keystone	python-openstackclient	7.4.0	openstack.identity.v3	openstack user set	Identity: user set	partial	Create/Edit форма покрывает предусмотренные поля; произвольные дополнительные свойства/все режимы CLI не представлены.	—	Основной	https://github.com/openstack/python-openstackclient/blob/7.4.0/setup.cfg	https://github.com/openstack/horizon/blob/25.3.0/openstack_dashboard/dashboards/identity/users/tables.py#L1
keystone	python-openstackclient	7.4.0	openstack.identity.v3	openstack user show	Identity: user show	yes	Реализовано основное действие/просмотр; видимость и доступ определяются policy и scope.	—	Основной	https://github.com/openstack/python-openstackclient/blob/7.4.0/setup.cfg	https://github.com/openstack/horizon/blob/25.3.0/openstack_dashboard/dashboards/identity/users/tables.py#L1
swift	python-openstackclient	7.4.0	openstack.object_store.v1	openstack container create	Swift: container create	partial	Создание/Upload есть; CLI допускает несколько имён контейнеров или файлов за вызов и файловые режимы. Metadata этими create-командами не задаются.	—	Основной	https://github.com/openstack/python-openstackclient/blob/7.4.0/setup.cfg	https://github.com/openstack/horizon/blob/25.3.0/openstack_dashboard/dashboards/project/static/dashboard/project/containers/containers.controller.js#L85
swift	python-openstackclient	7.4.0	openstack.object_store.v1	openstack container delete	Swift: container delete	partial	UI удаляет пустой контейнер; CLI дополнительно поддерживает --recursive. В UI сначала нужно удалить объекты.	—	Основной	https://github.com/openstack/python-openstackclient/blob/7.4.0/setup.cfg	https://github.com/openstack/horizon/blob/25.3.0/openstack_dashboard/dashboards/project/static/dashboard/project/containers/containers.controller.js#L85
swift	python-openstackclient	7.4.0	openstack.object_store.v1	openstack container list	Swift: container list	yes	Основной lifecycle/просмотр представлен в Containers; UI также имеет собственное Copy Object действие.	—	Основной	https://github.com/openstack/python-openstackclient/blob/7.4.0/setup.cfg	https://github.com/openstack/horizon/blob/25.3.0/openstack_dashboard/dashboards/project/static/dashboard/project/containers/containers.controller.js#L85
swift	python-openstackclient	7.4.0	openstack.object_store.v1	openstack container save	Swift: container save	no	Нет штатной команды/кнопки выгрузки целого контейнера в локальный каталог; Download работает для объекта.	—	Основной	https://github.com/openstack/python-openstackclient/blob/7.4.0/setup.cfg	https://github.com/openstack/horizon/blob/25.3.0/openstack_dashboard/dashboards/project/static/dashboard/project/containers/containers.controller.js#L85
swift	python-openstackclient	7.4.0	openstack.object_store.v1	openstack container set	Swift: container set	no	CLI меняет/удаляет metadata properties. Edit Object меняет содержимое, а public/private контейнера меняет доступ; это другие действия.	—	Основной	https://github.com/openstack/python-openstackclient/blob/7.4.0/setup.cfg	https://github.com/openstack/horizon/blob/25.3.0/openstack_dashboard/dashboards/project/static/dashboard/project/containers/containers.controller.js#L85
swift	python-openstackclient	7.4.0	openstack.object_store.v1	openstack container show	Swift: container show	partial	Есть список/сводные свойства контейнера; полный набор произвольных заголовков/metadata не выводится отдельной формой.	—	Основной	https://github.com/openstack/python-openstackclient/blob/7.4.0/setup.cfg	https://github.com/openstack/horizon/blob/25.3.0/openstack_dashboard/dashboards/project/static/dashboard/project/containers/containers.controller.js#L85
swift	python-openstackclient	7.4.0	openstack.object_store.v1	openstack container unset	Swift: container unset	no	CLI меняет/удаляет metadata properties. Edit Object меняет содержимое, а public/private контейнера меняет доступ; это другие действия.	—	Основной	https://github.com/openstack/python-openstackclient/blob/7.4.0/setup.cfg	https://github.com/openstack/horizon/blob/25.3.0/openstack_dashboard/dashboards/project/static/dashboard/project/containers/containers.controller.js#L85
swift	python-openstackclient	7.4.0	openstack.object_store.v1	openstack object create	Swift: object create	partial	Создание/Upload есть; CLI допускает несколько имён контейнеров или файлов за вызов и файловые режимы. Metadata этими create-командами не задаются.	—	Основной	https://github.com/openstack/python-openstackclient/blob/7.4.0/setup.cfg	https://github.com/openstack/horizon/blob/25.3.0/openstack_dashboard/dashboards/project/static/dashboard/project/containers/objects-row-actions.service.js#L54
swift	python-openstackclient	7.4.0	openstack.object_store.v1	openstack object delete	Swift: object delete	yes	Основной lifecycle/просмотр представлен в Containers; UI также имеет собственное Copy Object действие.	—	Основной	https://github.com/openstack/python-openstackclient/blob/7.4.0/setup.cfg	https://github.com/openstack/horizon/blob/25.3.0/openstack_dashboard/dashboards/project/static/dashboard/project/containers/objects-row-actions.service.js#L54
swift	python-openstackclient	7.4.0	openstack.object_store.v1	openstack object list	Swift: object list	yes	Основной lifecycle/просмотр представлен в Containers; UI также имеет собственное Copy Object действие.	—	Основной	https://github.com/openstack/python-openstackclient/blob/7.4.0/setup.cfg	https://github.com/openstack/horizon/blob/25.3.0/openstack_dashboard/dashboards/project/static/dashboard/project/containers/objects-row-actions.service.js#L54
swift	python-openstackclient	7.4.0	openstack.object_store.v1	openstack object save	Swift: object save	yes	Основной lifecycle/просмотр представлен в Containers; UI также имеет собственное Copy Object действие.	—	Основной	https://github.com/openstack/python-openstackclient/blob/7.4.0/setup.cfg	https://github.com/openstack/horizon/blob/25.3.0/openstack_dashboard/dashboards/project/static/dashboard/project/containers/objects-row-actions.service.js#L54
swift	python-openstackclient	7.4.0	openstack.object_store.v1	openstack object set	Swift: object set	no	CLI меняет/удаляет metadata properties. Edit Object меняет содержимое, а public/private контейнера меняет доступ; это другие действия.	—	Основной	https://github.com/openstack/python-openstackclient/blob/7.4.0/setup.cfg	https://github.com/openstack/horizon/blob/25.3.0/openstack_dashboard/dashboards/project/static/dashboard/project/containers/objects-row-actions.service.js#L54
swift	python-openstackclient	7.4.0	openstack.object_store.v1	openstack object show	Swift: object show	yes	Основной lifecycle/просмотр представлен в Containers; UI также имеет собственное Copy Object действие.	—	Основной	https://github.com/openstack/python-openstackclient/blob/7.4.0/setup.cfg	https://github.com/openstack/horizon/blob/25.3.0/openstack_dashboard/dashboards/project/static/dashboard/project/containers/objects-row-actions.service.js#L54
swift	python-openstackclient	7.4.0	openstack.object_store.v1	openstack object store account set	Чтение/изменение metadata Swift account	no	Нет самостоятельного account-management экрана.	—	Основной	https://github.com/openstack/python-openstackclient/blob/7.4.0/setup.cfg	https://github.com/openstack/horizon/blob/25.3.0/openstack_dashboard/dashboards/project/static/dashboard/project/containers/containers.controller.js#L85
swift	python-openstackclient	7.4.0	openstack.object_store.v1	openstack object store account show	Чтение/изменение metadata Swift account	no	Нет самостоятельного account-management экрана.	—	Основной	https://github.com/openstack/python-openstackclient/blob/7.4.0/setup.cfg	https://github.com/openstack/horizon/blob/25.3.0/openstack_dashboard/dashboards/project/static/dashboard/project/containers/containers.controller.js#L85
swift	python-openstackclient	7.4.0	openstack.object_store.v1	openstack object store account unset	Чтение/изменение metadata Swift account	no	Нет самостоятельного account-management экрана.	—	Основной	https://github.com/openstack/python-openstackclient/blob/7.4.0/setup.cfg	https://github.com/openstack/horizon/blob/25.3.0/openstack_dashboard/dashboards/project/static/dashboard/project/containers/containers.controller.js#L85
swift	python-openstackclient	7.4.0	openstack.object_store.v1	openstack object unset	Swift: object unset	no	CLI меняет/удаляет metadata properties. Edit Object меняет содержимое, а public/private контейнера меняет доступ; это другие действия.	—	Основной	https://github.com/openstack/python-openstackclient/blob/7.4.0/setup.cfg	https://github.com/openstack/horizon/blob/25.3.0/openstack_dashboard/dashboards/project/static/dashboard/project/containers/objects-row-actions.service.js#L54
heat	python-heatclient	4.1.0	openstack.orchestration.v1	openstack orchestration build info	Просмотр: информация о сборке Heat	no	Нет специализированного UI действия/панели; общие шаблоны и API helper не заменяют эту функцию.	—	Основной	https://opendev.org/openstack/python-heatclient/src/tag/4.1.0/setup.cfg#L40	https://github.com/openstack/heat-dashboard/blob/13.0.0/heat_dashboard/content/stacks/tables.py#L1
heat	python-heatclient	4.1.0	openstack.orchestration.v1	openstack orchestration resource type list	Список: типы ресурсов Heat	yes	Основная операция/результат представлены; нужны сервис, права и допустимое состояние.	—	Основной	https://opendev.org/openstack/python-heatclient/src/tag/4.1.0/setup.cfg#L45	https://github.com/openstack/heat-dashboard/blob/13.0.0/heat_dashboard/content/resource_types/views.py#L1
heat	python-heatclient	4.1.0	openstack.orchestration.v1	openstack orchestration resource type show	Просмотр: типы ресурсов Heat	yes	Основная операция/результат представлены; нужны сервис, права и допустимое состояние.	—	Основной	https://opendev.org/openstack/python-heatclient/src/tag/4.1.0/setup.cfg#L46	https://github.com/openstack/heat-dashboard/blob/13.0.0/heat_dashboard/content/resource_types/views.py#L1
heat	python-heatclient	4.1.0	openstack.orchestration.v1	openstack orchestration service list	Список: сервисы Heat	no	Нет специализированного UI действия/панели; общие шаблоны и API helper не заменяют эту функцию.	—	Основной	https://opendev.org/openstack/python-heatclient/src/tag/4.1.0/setup.cfg#L41	https://github.com/openstack/heat-dashboard/blob/13.0.0/heat_dashboard/content/stacks/tables.py#L1
heat	python-heatclient	4.1.0	openstack.orchestration.v1	openstack orchestration template function list	Список: функции HOT	yes	Основная операция/результат представлены; нужны сервис, права и допустимое состояние.	—	Основной	https://opendev.org/openstack/python-heatclient/src/tag/4.1.0/setup.cfg#L42	https://github.com/openstack/heat-dashboard/blob/13.0.0/heat_dashboard/content/template_versions/views.py#L1
heat	python-heatclient	4.1.0	openstack.orchestration.v1	openstack orchestration template validate	Проверка: шаблон Heat	partial	Validation выполняется внутри Launch/Preview; не отдельный CLI-style validator всех режимов.	—	Основной	https://opendev.org/openstack/python-heatclient/src/tag/4.1.0/setup.cfg#L43	https://github.com/openstack/heat-dashboard/blob/13.0.0/heat_dashboard/content/stacks/forms.py#L1
heat	python-heatclient	4.1.0	openstack.orchestration.v1	openstack orchestration template version list	Список: версии HOT	yes	Основная операция/результат представлены; нужны сервис, права и допустимое состояние.	—	Основной	https://opendev.org/openstack/python-heatclient/src/tag/4.1.0/setup.cfg#L44	https://github.com/openstack/heat-dashboard/blob/13.0.0/heat_dashboard/content/template_versions/views.py#L1
heat	python-heatclient	4.1.0	openstack.orchestration.v1	openstack software config create	Создание: конфигурация ПО	no	Нет специализированного UI действия/панели; общие шаблоны и API helper не заменяют эту функцию.	—	Основной	https://opendev.org/openstack/python-heatclient/src/tag/4.1.0/setup.cfg#L47	https://github.com/openstack/heat-dashboard/blob/13.0.0/heat_dashboard/content/stacks/tables.py#L1
heat	python-heatclient	4.1.0	openstack.orchestration.v1	openstack software config delete	Удаление: конфигурация ПО	no	Нет специализированного UI действия/панели; общие шаблоны и API helper не заменяют эту функцию.	—	Основной	https://opendev.org/openstack/python-heatclient/src/tag/4.1.0/setup.cfg#L48	https://github.com/openstack/heat-dashboard/blob/13.0.0/heat_dashboard/content/stacks/tables.py#L1
heat	python-heatclient	4.1.0	openstack.orchestration.v1	openstack software config list	Список: конфигурация ПО	no	Нет специализированного UI действия/панели; общие шаблоны и API helper не заменяют эту функцию.	—	Основной	https://opendev.org/openstack/python-heatclient/src/tag/4.1.0/setup.cfg#L49	https://github.com/openstack/heat-dashboard/blob/13.0.0/heat_dashboard/content/stacks/tables.py#L1
heat	python-heatclient	4.1.0	openstack.orchestration.v1	openstack software config show	Просмотр: конфигурация ПО	no	Нет специализированного UI действия/панели; общие шаблоны и API helper не заменяют эту функцию.	—	Основной	https://opendev.org/openstack/python-heatclient/src/tag/4.1.0/setup.cfg#L50	https://github.com/openstack/heat-dashboard/blob/13.0.0/heat_dashboard/content/stacks/tables.py#L1
heat	python-heatclient	4.1.0	openstack.orchestration.v1	openstack software deployment create	Создание: развёртывание ПО	no	Нет специализированного UI действия/панели; общие шаблоны и API helper не заменяют эту функцию.	—	Основной	https://opendev.org/openstack/python-heatclient/src/tag/4.1.0/setup.cfg#L51	https://github.com/openstack/heat-dashboard/blob/13.0.0/heat_dashboard/content/stacks/tables.py#L1
heat	python-heatclient	4.1.0	openstack.orchestration.v1	openstack software deployment delete	Удаление: развёртывание ПО	no	Нет специализированного UI действия/панели; общие шаблоны и API helper не заменяют эту функцию.	—	Основной	https://opendev.org/openstack/python-heatclient/src/tag/4.1.0/setup.cfg#L52	https://github.com/openstack/heat-dashboard/blob/13.0.0/heat_dashboard/content/stacks/tables.py#L1
heat	python-heatclient	4.1.0	openstack.orchestration.v1	openstack software deployment list	Список: развёртывание ПО	no	Нет специализированного UI действия/панели; общие шаблоны и API helper не заменяют эту функцию.	—	Основной	https://opendev.org/openstack/python-heatclient/src/tag/4.1.0/setup.cfg#L53	https://github.com/openstack/heat-dashboard/blob/13.0.0/heat_dashboard/content/stacks/tables.py#L1
heat	python-heatclient	4.1.0	openstack.orchestration.v1	openstack software deployment metadata show	Просмотр: metadata развёртывания ПО	no	Нет специализированного UI действия/панели; общие шаблоны и API helper не заменяют эту функцию.	—	Основной	https://opendev.org/openstack/python-heatclient/src/tag/4.1.0/setup.cfg#L54	https://github.com/openstack/heat-dashboard/blob/13.0.0/heat_dashboard/content/stacks/tables.py#L1
heat	python-heatclient	4.1.0	openstack.orchestration.v1	openstack software deployment output show	Просмотр: выходы развёртывания ПО	no	Нет специализированного UI действия/панели; общие шаблоны и API helper не заменяют эту функцию.	—	Основной	https://opendev.org/openstack/python-heatclient/src/tag/4.1.0/setup.cfg#L55	https://github.com/openstack/heat-dashboard/blob/13.0.0/heat_dashboard/content/stacks/tables.py#L1
heat	python-heatclient	4.1.0	openstack.orchestration.v1	openstack software deployment show	Просмотр: развёртывание ПО	no	Нет специализированного UI действия/панели; общие шаблоны и API helper не заменяют эту функцию.	—	Основной	https://opendev.org/openstack/python-heatclient/src/tag/4.1.0/setup.cfg#L56	https://github.com/openstack/heat-dashboard/blob/13.0.0/heat_dashboard/content/stacks/tables.py#L1
heat	python-heatclient	4.1.0	openstack.orchestration.v1	openstack stack abandon	Снятие с управления с выдачей описания: стек Heat	no	Нет специализированного UI действия/панели; общие шаблоны и API helper не заменяют эту функцию.	—	Основной	https://opendev.org/openstack/python-heatclient/src/tag/4.1.0/setup.cfg#L57	https://github.com/openstack/heat-dashboard/blob/13.0.0/heat_dashboard/content/stacks/tables.py#L1
heat	python-heatclient	4.1.0	openstack.orchestration.v1	openstack stack adopt	Принятие существующих ресурсов под управление: стек Heat	no	Нет специализированного UI действия/панели; общие шаблоны и API helper не заменяют эту функцию.	—	Основной	https://opendev.org/openstack/python-heatclient/src/tag/4.1.0/setup.cfg#L59	https://github.com/openstack/heat-dashboard/blob/13.0.0/heat_dashboard/content/stacks/tables.py#L1
heat	python-heatclient	4.1.0	openstack.orchestration.v1	openstack stack cancel	Отмена: стек Heat	no	Нет специализированного UI действия/панели; общие шаблоны и API helper не заменяют эту функцию.	—	Основной	https://opendev.org/openstack/python-heatclient/src/tag/4.1.0/setup.cfg#L60	https://github.com/openstack/heat-dashboard/blob/13.0.0/heat_dashboard/content/stacks/tables.py#L1
heat	python-heatclient	4.1.0	openstack.orchestration.v1	openstack stack check	Проверка состояния: стек Heat	yes	Основная операция/результат представлены; нужны сервис, права и допустимое состояние.	—	Основной	https://opendev.org/openstack/python-heatclient/src/tag/4.1.0/setup.cfg#L61	https://github.com/openstack/heat-dashboard/blob/13.0.0/heat_dashboard/content/stacks/tables.py#L1
heat	python-heatclient	4.1.0	openstack.orchestration.v1	openstack stack create	Создание: стек Heat	partial	Launch/Change Template есть; не представлены все CLI environment/parameter-file/tags/hooks/dry-run/nested preview режимы.	—	Основной	https://opendev.org/openstack/python-heatclient/src/tag/4.1.0/setup.cfg#L62	https://github.com/openstack/heat-dashboard/blob/13.0.0/heat_dashboard/content/stacks/tables.py#L1
heat	python-heatclient	4.1.0	openstack.orchestration.v1	openstack stack delete	Удаление: стек Heat	yes	Основная операция/результат представлены; нужны сервис, права и допустимое состояние.	—	Основной	https://opendev.org/openstack/python-heatclient/src/tag/4.1.0/setup.cfg#L63	https://github.com/openstack/heat-dashboard/blob/13.0.0/heat_dashboard/content/stacks/tables.py#L1
heat	python-heatclient	4.1.0	openstack.orchestration.v1	openstack stack environment show	Просмотр: environment стека	no	Нет специализированного UI действия/панели; общие шаблоны и API helper не заменяют эту функцию.	—	Основной	https://opendev.org/openstack/python-heatclient/src/tag/4.1.0/setup.cfg#L66	https://github.com/openstack/heat-dashboard/blob/13.0.0/heat_dashboard/content/stacks/tables.py#L1
heat	python-heatclient	4.1.0	openstack.orchestration.v1	openstack stack event list	Список: события стека	yes	Основная операция/результат представлены; нужны сервис, права и допустимое состояние.	—	Основной	https://opendev.org/openstack/python-heatclient/src/tag/4.1.0/setup.cfg#L64	https://github.com/openstack/heat-dashboard/blob/13.0.0/heat_dashboard/content/stacks/tables.py#L1
heat	python-heatclient	4.1.0	openstack.orchestration.v1	openstack stack event show	Просмотр: события стека	partial	Events table содержит status/reason/ссылки, но нет отдельного полного event-detail action.	—	Основной	https://opendev.org/openstack/python-heatclient/src/tag/4.1.0/setup.cfg#L65	https://github.com/openstack/heat-dashboard/blob/13.0.0/heat_dashboard/content/stacks/tables.py#L1
heat	python-heatclient	4.1.0	openstack.orchestration.v1	openstack stack export	Экспорт: стек Heat	no	Нет специализированного UI действия/панели; общие шаблоны и API helper не заменяют эту функцию.	—	Основной	https://opendev.org/openstack/python-heatclient/src/tag/4.1.0/setup.cfg#L58	https://github.com/openstack/heat-dashboard/blob/13.0.0/heat_dashboard/content/stacks/tables.py#L1
heat	python-heatclient	4.1.0	openstack.orchestration.v1	openstack stack failures list	Список: ошибки стека	no	Нет специализированного UI действия/панели; общие шаблоны и API helper не заменяют эту функцию.	—	Основной	https://opendev.org/openstack/python-heatclient/src/tag/4.1.0/setup.cfg#L67	https://github.com/openstack/heat-dashboard/blob/13.0.0/heat_dashboard/content/stacks/tables.py#L1
heat	python-heatclient	4.1.0	openstack.orchestration.v1	openstack stack file list	Список: файлы стека	no	Нет специализированного UI действия/панели; общие шаблоны и API helper не заменяют эту функцию.	—	Основной	https://opendev.org/openstack/python-heatclient/src/tag/4.1.0/setup.cfg#L68	https://github.com/openstack/heat-dashboard/blob/13.0.0/heat_dashboard/content/stacks/tables.py#L1
heat	python-heatclient	4.1.0	openstack.orchestration.v1	openstack stack hook clear	Снятие hook: hook стека	no	Нет специализированного UI действия/панели; общие шаблоны и API helper не заменяют эту функцию.	—	Основной	https://opendev.org/openstack/python-heatclient/src/tag/4.1.0/setup.cfg#L69	https://github.com/openstack/heat-dashboard/blob/13.0.0/heat_dashboard/content/stacks/tables.py#L1
heat	python-heatclient	4.1.0	openstack.orchestration.v1	openstack stack hook poll	Ожидание hook: hook стека	no	Нет специализированного UI действия/панели; общие шаблоны и API helper не заменяют эту функцию.	—	Основной	https://opendev.org/openstack/python-heatclient/src/tag/4.1.0/setup.cfg#L70	https://github.com/openstack/heat-dashboard/blob/13.0.0/heat_dashboard/content/stacks/tables.py#L1
heat	python-heatclient	4.1.0	openstack.orchestration.v1	openstack stack list	Список: стек Heat	yes	Основная операция/результат представлены; нужны сервис, права и допустимое состояние.	—	Основной	https://opendev.org/openstack/python-heatclient/src/tag/4.1.0/setup.cfg#L71	https://github.com/openstack/heat-dashboard/blob/13.0.0/heat_dashboard/content/stacks/tables.py#L1
heat	python-heatclient	4.1.0	openstack.orchestration.v1	openstack stack output list	Список: выходы стека	yes	Основная операция/результат представлены; нужны сервис, права и допустимое состояние.	—	Основной	https://opendev.org/openstack/python-heatclient/src/tag/4.1.0/setup.cfg#L72	https://github.com/openstack/heat-dashboard/blob/13.0.0/heat_dashboard/content/stacks/tables.py#L1
heat	python-heatclient	4.1.0	openstack.orchestration.v1	openstack stack output show	Просмотр: выходы стека	yes	Основная операция/результат представлены; нужны сервис, права и допустимое состояние.	—	Основной	https://opendev.org/openstack/python-heatclient/src/tag/4.1.0/setup.cfg#L73	https://github.com/openstack/heat-dashboard/blob/13.0.0/heat_dashboard/content/stacks/tables.py#L1
heat	python-heatclient	4.1.0	openstack.orchestration.v1	openstack stack resource list	Список: ресурсы стека	yes	Основная операция/результат представлены; нужны сервис, права и допустимое состояние.	—	Основной	https://opendev.org/openstack/python-heatclient/src/tag/4.1.0/setup.cfg#L74	https://github.com/openstack/heat-dashboard/blob/13.0.0/heat_dashboard/content/stacks/tables.py#L1
heat	python-heatclient	4.1.0	openstack.orchestration.v1	openstack stack resource mark unhealthy	Пометка ресурса нездоровым	no	Нет специализированного UI действия/панели; общие шаблоны и API helper не заменяют эту функцию.	—	Основной	https://opendev.org/openstack/python-heatclient/src/tag/4.1.0/setup.cfg#L75	https://github.com/openstack/heat-dashboard/blob/13.0.0/heat_dashboard/content/stacks/tables.py#L1
heat	python-heatclient	4.1.0	openstack.orchestration.v1	openstack stack resource metadata	Чтение metadata: ресурсы стека	yes	Основная операция/результат представлены; нужны сервис, права и допустимое состояние.	—	Основной	https://opendev.org/openstack/python-heatclient/src/tag/4.1.0/setup.cfg#L76	https://github.com/openstack/heat-dashboard/blob/13.0.0/heat_dashboard/content/stacks/tables.py#L1
heat	python-heatclient	4.1.0	openstack.orchestration.v1	openstack stack resource show	Просмотр: ресурсы стека	yes	Основная операция/результат представлены; нужны сервис, права и допустимое состояние.	—	Основной	https://opendev.org/openstack/python-heatclient/src/tag/4.1.0/setup.cfg#L77	https://github.com/openstack/heat-dashboard/blob/13.0.0/heat_dashboard/content/stacks/tables.py#L1
heat	python-heatclient	4.1.0	openstack.orchestration.v1	openstack stack resource signal	Отправка сигнала ресурсу: ресурсы стека	no	Нет специализированного UI действия/панели; общие шаблоны и API helper не заменяют эту функцию.	—	Основной	https://opendev.org/openstack/python-heatclient/src/tag/4.1.0/setup.cfg#L78	https://github.com/openstack/heat-dashboard/blob/13.0.0/heat_dashboard/content/stacks/tables.py#L1
heat	python-heatclient	4.1.0	openstack.orchestration.v1	openstack stack resume	Возобновление: стек Heat	yes	Основная операция/результат представлены; нужны сервис, права и допустимое состояние.	—	Основной	https://opendev.org/openstack/python-heatclient/src/tag/4.1.0/setup.cfg#L79	https://github.com/openstack/heat-dashboard/blob/13.0.0/heat_dashboard/content/stacks/tables.py#L1
heat	python-heatclient	4.1.0	openstack.orchestration.v1	openstack stack show	Просмотр: стек Heat	yes	Основная операция/результат представлены; нужны сервис, права и допустимое состояние.	—	Основной	https://opendev.org/openstack/python-heatclient/src/tag/4.1.0/setup.cfg#L80	https://github.com/openstack/heat-dashboard/blob/13.0.0/heat_dashboard/content/stacks/tables.py#L1
heat	python-heatclient	4.1.0	openstack.orchestration.v1	openstack stack snapshot create	Создание: снимки стека	no	Нет специализированного UI действия/панели; общие шаблоны и API helper не заменяют эту функцию.	—	Основной	https://opendev.org/openstack/python-heatclient/src/tag/4.1.0/setup.cfg#L81	https://github.com/openstack/heat-dashboard/blob/13.0.0/heat_dashboard/content/stacks/tables.py#L1
heat	python-heatclient	4.1.0	openstack.orchestration.v1	openstack stack snapshot delete	Удаление: снимки стека	no	Нет специализированного UI действия/панели; общие шаблоны и API helper не заменяют эту функцию.	—	Основной	https://opendev.org/openstack/python-heatclient/src/tag/4.1.0/setup.cfg#L82	https://github.com/openstack/heat-dashboard/blob/13.0.0/heat_dashboard/content/stacks/tables.py#L1
heat	python-heatclient	4.1.0	openstack.orchestration.v1	openstack stack snapshot list	Список: снимки стека	no	Нет специализированного UI действия/панели; общие шаблоны и API helper не заменяют эту функцию.	—	Основной	https://opendev.org/openstack/python-heatclient/src/tag/4.1.0/setup.cfg#L83	https://github.com/openstack/heat-dashboard/blob/13.0.0/heat_dashboard/content/stacks/tables.py#L1
heat	python-heatclient	4.1.0	openstack.orchestration.v1	openstack stack snapshot restore	Восстановление снимка: снимки стека	no	Нет специализированного UI действия/панели; общие шаблоны и API helper не заменяют эту функцию.	—	Основной	https://opendev.org/openstack/python-heatclient/src/tag/4.1.0/setup.cfg#L84	https://github.com/openstack/heat-dashboard/blob/13.0.0/heat_dashboard/content/stacks/tables.py#L1
heat	python-heatclient	4.1.0	openstack.orchestration.v1	openstack stack snapshot show	Просмотр: снимки стека	no	Нет специализированного UI действия/панели; общие шаблоны и API helper не заменяют эту функцию.	—	Основной	https://opendev.org/openstack/python-heatclient/src/tag/4.1.0/setup.cfg#L85	https://github.com/openstack/heat-dashboard/blob/13.0.0/heat_dashboard/content/stacks/tables.py#L1
heat	python-heatclient	4.1.0	openstack.orchestration.v1	openstack stack suspend	Приостановка: стек Heat	yes	Основная операция/результат представлены; нужны сервис, права и допустимое состояние.	—	Основной	https://opendev.org/openstack/python-heatclient/src/tag/4.1.0/setup.cfg#L86	https://github.com/openstack/heat-dashboard/blob/13.0.0/heat_dashboard/content/stacks/tables.py#L1
heat	python-heatclient	4.1.0	openstack.orchestration.v1	openstack stack template show	Просмотр: шаблон стека	yes	Основная операция/результат представлены; нужны сервис, права и допустимое состояние.	—	Основной	https://opendev.org/openstack/python-heatclient/src/tag/4.1.0/setup.cfg#L87	https://github.com/openstack/heat-dashboard/blob/13.0.0/heat_dashboard/content/stacks/tables.py#L1
heat	python-heatclient	4.1.0	openstack.orchestration.v1	openstack stack update	Изменение: стек Heat	partial	Launch/Change Template есть; не представлены все CLI environment/parameter-file/tags/hooks/dry-run/nested preview режимы.	—	Основной	https://opendev.org/openstack/python-heatclient/src/tag/4.1.0/setup.cfg#L88	https://github.com/openstack/heat-dashboard/blob/13.0.0/heat_dashboard/content/stacks/tables.py#L1
ironic	python-ironicclient	5.10.0	openstack.baremetal.v1	openstack baremetal allocation create	Создание: заявки на выделение bare metal	no	Нет соответствующей панели/REST adapter: allocations/chassis/conductors/deploy templates/runbooks/shards/storage attachments.	I1	Основной	https://github.com/openstack/python-ironicclient/blob/5.10.0/setup.cfg	https://github.com/openstack/ironic-ui/blob/6.5.0/ironic_ui/api/ironic_rest_api.py#L1
ironic	python-ironicclient	5.10.0	openstack.baremetal.v1	openstack baremetal allocation delete	Удаление: заявки на выделение bare metal	no	Нет соответствующей панели/REST adapter: allocations/chassis/conductors/deploy templates/runbooks/shards/storage attachments.	I1	Основной	https://github.com/openstack/python-ironicclient/blob/5.10.0/setup.cfg	https://github.com/openstack/ironic-ui/blob/6.5.0/ironic_ui/api/ironic_rest_api.py#L1
ironic	python-ironicclient	5.10.0	openstack.baremetal.v1	openstack baremetal allocation list	Список: заявки на выделение bare metal	no	Нет соответствующей панели/REST adapter: allocations/chassis/conductors/deploy templates/runbooks/shards/storage attachments.	I1	Основной	https://github.com/openstack/python-ironicclient/blob/5.10.0/setup.cfg	https://github.com/openstack/ironic-ui/blob/6.5.0/ironic_ui/api/ironic_rest_api.py#L1
ironic	python-ironicclient	5.10.0	openstack.baremetal.v1	openstack baremetal allocation set	Установка параметров: заявки на выделение bare metal	no	Нет соответствующей панели/REST adapter: allocations/chassis/conductors/deploy templates/runbooks/shards/storage attachments.	I1	Основной	https://github.com/openstack/python-ironicclient/blob/5.10.0/setup.cfg	https://github.com/openstack/ironic-ui/blob/6.5.0/ironic_ui/api/ironic_rest_api.py#L1
ironic	python-ironicclient	5.10.0	openstack.baremetal.v1	openstack baremetal allocation show	Просмотр: заявки на выделение bare metal	no	Нет соответствующей панели/REST adapter: allocations/chassis/conductors/deploy templates/runbooks/shards/storage attachments.	I1	Основной	https://github.com/openstack/python-ironicclient/blob/5.10.0/setup.cfg	https://github.com/openstack/ironic-ui/blob/6.5.0/ironic_ui/api/ironic_rest_api.py#L1
ironic	python-ironicclient	5.10.0	openstack.baremetal.v1	openstack baremetal allocation unset	Снятие параметров: заявки на выделение bare metal	no	Нет соответствующей панели/REST adapter: allocations/chassis/conductors/deploy templates/runbooks/shards/storage attachments.	I1	Основной	https://github.com/openstack/python-ironicclient/blob/5.10.0/setup.cfg	https://github.com/openstack/ironic-ui/blob/6.5.0/ironic_ui/api/ironic_rest_api.py#L1
ironic	python-ironicclient	5.10.0	openstack.baremetal.v1	openstack baremetal chassis create	Создание: шасси	no	Нет соответствующей панели/REST adapter: allocations/chassis/conductors/deploy templates/runbooks/shards/storage attachments.	I1	Основной	https://github.com/openstack/python-ironicclient/blob/5.10.0/setup.cfg	https://github.com/openstack/ironic-ui/blob/6.5.0/ironic_ui/api/ironic_rest_api.py#L1
ironic	python-ironicclient	5.10.0	openstack.baremetal.v1	openstack baremetal chassis delete	Удаление: шасси	no	Нет соответствующей панели/REST adapter: allocations/chassis/conductors/deploy templates/runbooks/shards/storage attachments.	I1	Основной	https://github.com/openstack/python-ironicclient/blob/5.10.0/setup.cfg	https://github.com/openstack/ironic-ui/blob/6.5.0/ironic_ui/api/ironic_rest_api.py#L1
ironic	python-ironicclient	5.10.0	openstack.baremetal.v1	openstack baremetal chassis list	Список: шасси	no	Нет соответствующей панели/REST adapter: allocations/chassis/conductors/deploy templates/runbooks/shards/storage attachments.	I1	Основной	https://github.com/openstack/python-ironicclient/blob/5.10.0/setup.cfg	https://github.com/openstack/ironic-ui/blob/6.5.0/ironic_ui/api/ironic_rest_api.py#L1
ironic	python-ironicclient	5.10.0	openstack.baremetal.v1	openstack baremetal chassis set	Установка параметров: шасси	no	Нет соответствующей панели/REST adapter: allocations/chassis/conductors/deploy templates/runbooks/shards/storage attachments.	I1	Основной	https://github.com/openstack/python-ironicclient/blob/5.10.0/setup.cfg	https://github.com/openstack/ironic-ui/blob/6.5.0/ironic_ui/api/ironic_rest_api.py#L1
ironic	python-ironicclient	5.10.0	openstack.baremetal.v1	openstack baremetal chassis show	Просмотр: шасси	no	Нет соответствующей панели/REST adapter: allocations/chassis/conductors/deploy templates/runbooks/shards/storage attachments.	I1	Основной	https://github.com/openstack/python-ironicclient/blob/5.10.0/setup.cfg	https://github.com/openstack/ironic-ui/blob/6.5.0/ironic_ui/api/ironic_rest_api.py#L1
ironic	python-ironicclient	5.10.0	openstack.baremetal.v1	openstack baremetal chassis unset	Снятие параметров: шасси	no	Нет соответствующей панели/REST adapter: allocations/chassis/conductors/deploy templates/runbooks/shards/storage attachments.	I1	Основной	https://github.com/openstack/python-ironicclient/blob/5.10.0/setup.cfg	https://github.com/openstack/ironic-ui/blob/6.5.0/ironic_ui/api/ironic_rest_api.py#L1
ironic	python-ironicclient	5.10.0	openstack.baremetal.v1	openstack baremetal conductor list	Список: службы conductor	no	Нет соответствующей панели/REST adapter: allocations/chassis/conductors/deploy templates/runbooks/shards/storage attachments.	I1	Основной	https://github.com/openstack/python-ironicclient/blob/5.10.0/setup.cfg	https://github.com/openstack/ironic-ui/blob/6.5.0/ironic_ui/api/ironic_rest_api.py#L1
ironic	python-ironicclient	5.10.0	openstack.baremetal.v1	openstack baremetal conductor show	Просмотр: службы conductor	no	Нет соответствующей панели/REST adapter: allocations/chassis/conductors/deploy templates/runbooks/shards/storage attachments.	I1	Основной	https://github.com/openstack/python-ironicclient/blob/5.10.0/setup.cfg	https://github.com/openstack/ironic-ui/blob/6.5.0/ironic_ui/api/ironic_rest_api.py#L1
ironic	python-ironicclient	5.10.0	openstack.baremetal.v1	openstack baremetal create	Создание: bare metal ресурсы из файла	partial	Enroll Node создаёт узел; нет bulk YAML/JSON create всего набора nodes/ports/portgroups.	I1	Основной	https://github.com/openstack/python-ironicclient/blob/5.10.0/setup.cfg	https://github.com/openstack/ironic-ui/blob/6.5.0/ironic_ui/api/ironic_rest_api.py#L1
ironic	python-ironicclient	5.10.0	openstack.baremetal.v1	openstack baremetal deploy template create	Создание: шаблоны развёртывания	no	Нет соответствующей панели/REST adapter: allocations/chassis/conductors/deploy templates/runbooks/shards/storage attachments.	I1	Основной	https://github.com/openstack/python-ironicclient/blob/5.10.0/setup.cfg	https://github.com/openstack/ironic-ui/blob/6.5.0/ironic_ui/api/ironic_rest_api.py#L1
ironic	python-ironicclient	5.10.0	openstack.baremetal.v1	openstack baremetal deploy template delete	Удаление: шаблоны развёртывания	no	Нет соответствующей панели/REST adapter: allocations/chassis/conductors/deploy templates/runbooks/shards/storage attachments.	I1	Основной	https://github.com/openstack/python-ironicclient/blob/5.10.0/setup.cfg	https://github.com/openstack/ironic-ui/blob/6.5.0/ironic_ui/api/ironic_rest_api.py#L1
ironic	python-ironicclient	5.10.0	openstack.baremetal.v1	openstack baremetal deploy template list	Список: шаблоны развёртывания	no	Нет соответствующей панели/REST adapter: allocations/chassis/conductors/deploy templates/runbooks/shards/storage attachments.	I1	Основной	https://github.com/openstack/python-ironicclient/blob/5.10.0/setup.cfg	https://github.com/openstack/ironic-ui/blob/6.5.0/ironic_ui/api/ironic_rest_api.py#L1
ironic	python-ironicclient	5.10.0	openstack.baremetal.v1	openstack baremetal deploy template set	Установка параметров: шаблоны развёртывания	no	Нет соответствующей панели/REST adapter: allocations/chassis/conductors/deploy templates/runbooks/shards/storage attachments.	I1	Основной	https://github.com/openstack/python-ironicclient/blob/5.10.0/setup.cfg	https://github.com/openstack/ironic-ui/blob/6.5.0/ironic_ui/api/ironic_rest_api.py#L1
ironic	python-ironicclient	5.10.0	openstack.baremetal.v1	openstack baremetal deploy template show	Просмотр: шаблоны развёртывания	no	Нет соответствующей панели/REST adapter: allocations/chassis/conductors/deploy templates/runbooks/shards/storage attachments.	I1	Основной	https://github.com/openstack/python-ironicclient/blob/5.10.0/setup.cfg	https://github.com/openstack/ironic-ui/blob/6.5.0/ironic_ui/api/ironic_rest_api.py#L1
ironic	python-ironicclient	5.10.0	openstack.baremetal.v1	openstack baremetal deploy template unset	Снятие параметров: шаблоны развёртывания	no	Нет соответствующей панели/REST adapter: allocations/chassis/conductors/deploy templates/runbooks/shards/storage attachments.	I1	Основной	https://github.com/openstack/python-ironicclient/blob/5.10.0/setup.cfg	https://github.com/openstack/ironic-ui/blob/6.5.0/ironic_ui/api/ironic_rest_api.py#L1
ironic	python-ironicclient	5.10.0	openstack.baremetal.v1	openstack baremetal driver list	Список: драйверы оборудования	partial	Driver list/properties/details используются формами; самостоятельного полного driver-management экрана нет.	I1	Основной	https://github.com/openstack/python-ironicclient/blob/5.10.0/setup.cfg	https://github.com/openstack/ironic-ui/blob/6.5.0/ironic_ui/api/ironic_rest_api.py#L1
ironic	python-ironicclient	5.10.0	openstack.baremetal.v1	openstack baremetal driver passthru call	Вызов: vendor passthru драйвера	no	Vendor passthru action отсутствует.	I1	Основной	https://github.com/openstack/python-ironicclient/blob/5.10.0/setup.cfg	https://github.com/openstack/ironic-ui/blob/6.5.0/ironic_ui/api/ironic_rest_api.py#L1
ironic	python-ironicclient	5.10.0	openstack.baremetal.v1	openstack baremetal driver passthru list	Список: vendor passthru драйвера	no	Vendor passthru action отсутствует.	I1	Основной	https://github.com/openstack/python-ironicclient/blob/5.10.0/setup.cfg	https://github.com/openstack/ironic-ui/blob/6.5.0/ironic_ui/api/ironic_rest_api.py#L1
ironic	python-ironicclient	5.10.0	openstack.baremetal.v1	openstack baremetal driver property list	Список: свойства драйвера	partial	Driver list/properties/details используются формами; самостоятельного полного driver-management экрана нет.	I1	Основной	https://github.com/openstack/python-ironicclient/blob/5.10.0/setup.cfg	https://github.com/openstack/ironic-ui/blob/6.5.0/ironic_ui/api/ironic_rest_api.py#L1
ironic	python-ironicclient	5.10.0	openstack.baremetal.v1	openstack baremetal driver raid property list	Список: свойства RAID драйвера	no	Нет чтения RAID logical disk properties драйвера. Форма RAID имеет собственные поля; обычный DriverProperties не заменяет RAID properties API.	I1	Основной	https://github.com/openstack/python-ironicclient/blob/5.10.0/setup.cfg	https://github.com/openstack/ironic-ui/blob/6.5.0/ironic_ui/api/ironic_rest_api.py#L1
ironic	python-ironicclient	5.10.0	openstack.baremetal.v1	openstack baremetal driver show	Просмотр: драйверы оборудования	partial	Driver list/properties/details используются формами; самостоятельного полного driver-management экрана нет.	I1	Основной	https://github.com/openstack/python-ironicclient/blob/5.10.0/setup.cfg	https://github.com/openstack/ironic-ui/blob/6.5.0/ironic_ui/api/ironic_rest_api.py#L1
ironic	python-ironicclient	5.10.0	openstack.baremetal.v1	openstack baremetal node abort	Прерывание текущей операции: bare metal узел	partial	Операция есть только в предусмотренных UI state transitions; config-drive/deploy-steps/runbook/disable-ramdisk не представлены.	I1	Основной	https://github.com/openstack/python-ironicclient/blob/5.10.0/setup.cfg	https://github.com/openstack/ironic-ui/blob/6.5.0/ironic_ui/static/dashboard/admin/ironic/node-state-transition.service.js#L1
ironic	python-ironicclient	5.10.0	openstack.baremetal.v1	openstack baremetal node add trait	Добавление trait узлу	no	Нет специализированного UI действия/adapter; generic properties/cleaning не равны отдельной функции.	I1	Основной	https://github.com/openstack/python-ironicclient/blob/5.10.0/setup.cfg	https://github.com/openstack/ironic-ui/blob/6.5.0/ironic_ui/api/ironic_rest_api.py#L1
ironic	python-ironicclient	5.10.0	openstack.baremetal.v1	openstack baremetal node adopt	Принятие существующих ресурсов под управление: bare metal узел	partial	Операция есть только в предусмотренных UI state transitions; config-drive/deploy-steps/runbook/disable-ramdisk не представлены.	I1	Основной	https://github.com/openstack/python-ironicclient/blob/5.10.0/setup.cfg	https://github.com/openstack/ironic-ui/blob/6.5.0/ironic_ui/static/dashboard/admin/ironic/node-state-transition.service.js#L1
ironic	python-ironicclient	5.10.0	openstack.baremetal.v1	openstack baremetal node bios setting list	Список: настройки BIOS узла	no	Нет специализированного UI действия/adapter; generic properties/cleaning не равны отдельной функции.	I1	Основной	https://github.com/openstack/python-ironicclient/blob/5.10.0/setup.cfg	https://github.com/openstack/ironic-ui/blob/6.5.0/ironic_ui/api/ironic_rest_api.py#L1
ironic	python-ironicclient	5.10.0	openstack.baremetal.v1	openstack baremetal node bios setting show	Просмотр: настройки BIOS узла	no	Нет специализированного UI действия/adapter; generic properties/cleaning не равны отдельной функции.	I1	Основной	https://github.com/openstack/python-ironicclient/blob/5.10.0/setup.cfg	https://github.com/openstack/ironic-ui/blob/6.5.0/ironic_ui/api/ironic_rest_api.py#L1
ironic	python-ironicclient	5.10.0	openstack.baremetal.v1	openstack baremetal node boot device set	Установка параметров: загрузочное устройство	yes	Основная операция/результат представлены; нужны сервис, права и допустимое состояние.	I1	Основной	https://github.com/openstack/python-ironicclient/blob/5.10.0/setup.cfg	https://github.com/openstack/ironic-ui/blob/6.5.0/ironic_ui/api/ironic_rest_api.py#L1
ironic	python-ironicclient	5.10.0	openstack.baremetal.v1	openstack baremetal node boot device show	Просмотр: загрузочное устройство	yes	Основная операция/результат представлены; нужны сервис, права и допустимое состояние.	I1	Основной	https://github.com/openstack/python-ironicclient/blob/5.10.0/setup.cfg	https://github.com/openstack/ironic-ui/blob/6.5.0/ironic_ui/api/ironic_rest_api.py#L1
ironic	python-ironicclient	5.10.0	openstack.baremetal.v1	openstack baremetal node boot mode set	Установка параметров: режим загрузки	no	Нет специализированного UI действия/adapter; generic properties/cleaning не равны отдельной функции.	I1	Основной	https://github.com/openstack/python-ironicclient/blob/5.10.0/setup.cfg	https://github.com/openstack/ironic-ui/blob/6.5.0/ironic_ui/api/ironic_rest_api.py#L1
ironic	python-ironicclient	5.10.0	openstack.baremetal.v1	openstack baremetal node children list	Список: дочерние узлы	no	Нет специализированного UI действия/adapter; generic properties/cleaning не равны отдельной функции.	I1	Основной	https://github.com/openstack/python-ironicclient/blob/5.10.0/setup.cfg	https://github.com/openstack/ironic-ui/blob/6.5.0/ironic_ui/api/ironic_rest_api.py#L1
ironic	python-ironicclient	5.10.0	openstack.baremetal.v1	openstack baremetal node clean	Запуск cleaning: bare metal узел	partial	Операция есть только в предусмотренных UI state transitions; config-drive/deploy-steps/runbook/disable-ramdisk не представлены.	I1	Основной	https://github.com/openstack/python-ironicclient/blob/5.10.0/setup.cfg	https://github.com/openstack/ironic-ui/blob/6.5.0/ironic_ui/static/dashboard/admin/ironic/node-state-transition.service.js#L1
ironic	python-ironicclient	5.10.0	openstack.baremetal.v1	openstack baremetal node console disable	Отключение: консоль узла	yes	Основная операция/результат представлены; нужны сервис, права и допустимое состояние.	I1	Основной	https://github.com/openstack/python-ironicclient/blob/5.10.0/setup.cfg	https://github.com/openstack/ironic-ui/blob/6.5.0/ironic_ui/api/ironic_rest_api.py#L1
ironic	python-ironicclient	5.10.0	openstack.baremetal.v1	openstack baremetal node console enable	Включение: консоль узла	yes	Основная операция/результат представлены; нужны сервис, права и допустимое состояние.	I1	Основной	https://github.com/openstack/python-ironicclient/blob/5.10.0/setup.cfg	https://github.com/openstack/ironic-ui/blob/6.5.0/ironic_ui/api/ironic_rest_api.py#L1
ironic	python-ironicclient	5.10.0	openstack.baremetal.v1	openstack baremetal node console show	Просмотр: консоль узла	yes	Основная операция/результат представлены; нужны сервис, права и допустимое состояние.	I1	Основной	https://github.com/openstack/python-ironicclient/blob/5.10.0/setup.cfg	https://github.com/openstack/ironic-ui/blob/6.5.0/ironic_ui/api/ironic_rest_api.py#L1
ironic	python-ironicclient	5.10.0	openstack.baremetal.v1	openstack baremetal node create	Создание: bare metal узел	partial	Enroll/Edit и RAID Configuration; ограничены поля, интерфейсы и microversion1.34.	I1	Основной	https://github.com/openstack/python-ironicclient/blob/5.10.0/setup.cfg	https://github.com/openstack/ironic-ui/blob/6.5.0/ironic_ui/api/ironic_rest_api.py#L1
ironic	python-ironicclient	5.10.0	openstack.baremetal.v1	openstack baremetal node delete	Удаление: bare metal узел	yes	Основная операция/результат представлены; нужны сервис, права и допустимое состояние.	I1	Основной	https://github.com/openstack/python-ironicclient/blob/5.10.0/setup.cfg	https://github.com/openstack/ironic-ui/blob/6.5.0/ironic_ui/api/ironic_rest_api.py#L1
ironic	python-ironicclient	5.10.0	openstack.baremetal.v1	openstack baremetal node deploy	Развёртывание: bare metal узел	partial	Операция есть только в предусмотренных UI state transitions; config-drive/deploy-steps/runbook/disable-ramdisk не представлены.	I1	Основной	https://github.com/openstack/python-ironicclient/blob/5.10.0/setup.cfg	https://github.com/openstack/ironic-ui/blob/6.5.0/ironic_ui/static/dashboard/admin/ironic/node-state-transition.service.js#L1
ironic	python-ironicclient	5.10.0	openstack.baremetal.v1	openstack baremetal node firmware list	Список: прошивки узла	no	Нет специализированного UI действия/adapter; generic properties/cleaning не равны отдельной функции.	I1	Основной	https://github.com/openstack/python-ironicclient/blob/5.10.0/setup.cfg	https://github.com/openstack/ironic-ui/blob/6.5.0/ironic_ui/api/ironic_rest_api.py#L1
ironic	python-ironicclient	5.10.0	openstack.baremetal.v1	openstack baremetal node history get	Получение записи: история событий узла	no	Нет специализированного UI действия/adapter; generic properties/cleaning не равны отдельной функции.	I1	Основной	https://github.com/openstack/python-ironicclient/blob/5.10.0/setup.cfg	https://github.com/openstack/ironic-ui/blob/6.5.0/ironic_ui/api/ironic_rest_api.py#L1
ironic	python-ironicclient	5.10.0	openstack.baremetal.v1	openstack baremetal node history list	Список: история событий узла	no	Нет специализированного UI действия/adapter; generic properties/cleaning не равны отдельной функции.	I1	Основной	https://github.com/openstack/python-ironicclient/blob/5.10.0/setup.cfg	https://github.com/openstack/ironic-ui/blob/6.5.0/ironic_ui/api/ironic_rest_api.py#L1
ironic	python-ironicclient	5.10.0	openstack.baremetal.v1	openstack baremetal node inject nmi	Отправка немаскируемого прерывания NMI	yes	Основная операция/результат представлены; нужны сервис, права и допустимое состояние.	I1	Основной	https://github.com/openstack/python-ironicclient/blob/5.10.0/setup.cfg	https://github.com/openstack/ironic-ui/blob/6.5.0/ironic_ui/api/ironic_rest_api.py#L1
ironic	python-ironicclient	5.10.0	openstack.baremetal.v1	openstack baremetal node inspect	Инспекция оборудования: bare metal узел	partial	Операция есть только в предусмотренных UI state transitions; config-drive/deploy-steps/runbook/disable-ramdisk не представлены.	I1	Основной	https://github.com/openstack/python-ironicclient/blob/5.10.0/setup.cfg	https://github.com/openstack/ironic-ui/blob/6.5.0/ironic_ui/static/dashboard/admin/ironic/node-state-transition.service.js#L1
ironic	python-ironicclient	5.10.0	openstack.baremetal.v1	openstack baremetal node inventory save	Сохранение в файл: инвентаризация узла	no	Нет специализированного UI действия/adapter; generic properties/cleaning не равны отдельной функции.	I1	Основной	https://github.com/openstack/python-ironicclient/blob/5.10.0/setup.cfg	https://github.com/openstack/ironic-ui/blob/6.5.0/ironic_ui/api/ironic_rest_api.py#L1
ironic	python-ironicclient	5.10.0	openstack.baremetal.v1	openstack baremetal node list	Список: bare metal узел	yes	Основная операция/результат представлены; нужны сервис, права и допустимое состояние.	I1	Основной	https://github.com/openstack/python-ironicclient/blob/5.10.0/setup.cfg	https://github.com/openstack/ironic-ui/blob/6.5.0/ironic_ui/api/ironic_rest_api.py#L1
ironic	python-ironicclient	5.10.0	openstack.baremetal.v1	openstack baremetal node maintenance set	Установка параметров: режим обслуживания узла	yes	Основная операция/результат представлены; нужны сервис, права и допустимое состояние.	I1	Основной	https://github.com/openstack/python-ironicclient/blob/5.10.0/setup.cfg	https://github.com/openstack/ironic-ui/blob/6.5.0/ironic_ui/api/ironic_rest_api.py#L1
ironic	python-ironicclient	5.10.0	openstack.baremetal.v1	openstack baremetal node maintenance unset	Снятие параметров: режим обслуживания узла	yes	Основная операция/результат представлены; нужны сервис, права и допустимое состояние.	I1	Основной	https://github.com/openstack/python-ironicclient/blob/5.10.0/setup.cfg	https://github.com/openstack/ironic-ui/blob/6.5.0/ironic_ui/api/ironic_rest_api.py#L1
ironic	python-ironicclient	5.10.0	openstack.baremetal.v1	openstack baremetal node manage	Переход в manageable: bare metal узел	partial	Операция есть только в предусмотренных UI state transitions; config-drive/deploy-steps/runbook/disable-ramdisk не представлены.	I1	Основной	https://github.com/openstack/python-ironicclient/blob/5.10.0/setup.cfg	https://github.com/openstack/ironic-ui/blob/6.5.0/ironic_ui/static/dashboard/admin/ironic/node-state-transition.service.js#L1
ironic	python-ironicclient	5.10.0	openstack.baremetal.v1	openstack baremetal node passthru call	Вызов: vendor passthru узла	no	Нет специализированного UI действия/adapter; generic properties/cleaning не равны отдельной функции.	I1	Основной	https://github.com/openstack/python-ironicclient/blob/5.10.0/setup.cfg	https://github.com/openstack/ironic-ui/blob/6.5.0/ironic_ui/api/ironic_rest_api.py#L1
ironic	python-ironicclient	5.10.0	openstack.baremetal.v1	openstack baremetal node passthru list	Список: vendor passthru узла	no	Нет специализированного UI действия/adapter; generic properties/cleaning не равны отдельной функции.	I1	Основной	https://github.com/openstack/python-ironicclient/blob/5.10.0/setup.cfg	https://github.com/openstack/ironic-ui/blob/6.5.0/ironic_ui/api/ironic_rest_api.py#L1
ironic	python-ironicclient	5.10.0	openstack.baremetal.v1	openstack baremetal node power off	Выключение: питание узла	partial	Power/soft power/reboot UI есть; не все timeout и CLI варианты представлены.	I1	Основной	https://github.com/openstack/python-ironicclient/blob/5.10.0/setup.cfg	https://github.com/openstack/ironic-ui/blob/6.5.0/ironic_ui/api/ironic_rest_api.py#L1
ironic	python-ironicclient	5.10.0	openstack.baremetal.v1	openstack baremetal node power on	Включение: питание узла	partial	Power/soft power/reboot UI есть; не все timeout и CLI варианты представлены.	I1	Основной	https://github.com/openstack/python-ironicclient/blob/5.10.0/setup.cfg	https://github.com/openstack/ironic-ui/blob/6.5.0/ironic_ui/api/ironic_rest_api.py#L1
ironic	python-ironicclient	5.10.0	openstack.baremetal.v1	openstack baremetal node provide	Переход в available: bare metal узел	partial	Операция есть только в предусмотренных UI state transitions; config-drive/deploy-steps/runbook/disable-ramdisk не представлены.	I1	Основной	https://github.com/openstack/python-ironicclient/blob/5.10.0/setup.cfg	https://github.com/openstack/ironic-ui/blob/6.5.0/ironic_ui/static/dashboard/admin/ironic/node-state-transition.service.js#L1
ironic	python-ironicclient	5.10.0	openstack.baremetal.v1	openstack baremetal node reboot	Перезагрузка: bare metal узел	partial	Power/soft power/reboot UI есть; не все timeout и CLI варианты представлены.	I1	Основной	https://github.com/openstack/python-ironicclient/blob/5.10.0/setup.cfg	https://github.com/openstack/ironic-ui/blob/6.5.0/ironic_ui/api/ironic_rest_api.py#L1
ironic	python-ironicclient	5.10.0	openstack.baremetal.v1	openstack baremetal node rebuild	Повторное развёртывание: bare metal узел	partial	Операция есть только в предусмотренных UI state transitions; config-drive/deploy-steps/runbook/disable-ramdisk не представлены.	I1	Основной	https://github.com/openstack/python-ironicclient/blob/5.10.0/setup.cfg	https://github.com/openstack/ironic-ui/blob/6.5.0/ironic_ui/static/dashboard/admin/ironic/node-state-transition.service.js#L1
ironic	python-ironicclient	5.10.0	openstack.baremetal.v1	openstack baremetal node remove trait	Удаление trait узла	no	Нет специализированного UI действия/adapter; generic properties/cleaning не равны отдельной функции.	I1	Основной	https://github.com/openstack/python-ironicclient/blob/5.10.0/setup.cfg	https://github.com/openstack/ironic-ui/blob/6.5.0/ironic_ui/api/ironic_rest_api.py#L1
ironic	python-ironicclient	5.10.0	openstack.baremetal.v1	openstack baremetal node rescue	Переход в rescue: bare metal узел	no	Нет специализированного UI действия/adapter; generic properties/cleaning не равны отдельной функции.	I1	Основной	https://github.com/openstack/python-ironicclient/blob/5.10.0/setup.cfg	https://github.com/openstack/ironic-ui/blob/6.5.0/ironic_ui/api/ironic_rest_api.py#L1
ironic	python-ironicclient	5.10.0	openstack.baremetal.v1	openstack baremetal node secure boot off	Выключение: Secure Boot узла	no	Нет специализированного UI действия/adapter; generic properties/cleaning не равны отдельной функции.	I1	Основной	https://github.com/openstack/python-ironicclient/blob/5.10.0/setup.cfg	https://github.com/openstack/ironic-ui/blob/6.5.0/ironic_ui/api/ironic_rest_api.py#L1
ironic	python-ironicclient	5.10.0	openstack.baremetal.v1	openstack baremetal node secure boot on	Включение: Secure Boot узла	no	Нет специализированного UI действия/adapter; generic properties/cleaning не равны отдельной функции.	I1	Основной	https://github.com/openstack/python-ironicclient/blob/5.10.0/setup.cfg	https://github.com/openstack/ironic-ui/blob/6.5.0/ironic_ui/api/ironic_rest_api.py#L1
ironic	python-ironicclient	5.10.0	openstack.baremetal.v1	openstack baremetal node service	Запуск servicing: bare metal узел	no	Нет специализированного UI действия/adapter; generic properties/cleaning не равны отдельной функции.	I1	Основной	https://github.com/openstack/python-ironicclient/blob/5.10.0/setup.cfg	https://github.com/openstack/ironic-ui/blob/6.5.0/ironic_ui/api/ironic_rest_api.py#L1
ironic	python-ironicclient	5.10.0	openstack.baremetal.v1	openstack baremetal node set	Установка параметров: bare metal узел	partial	Enroll/Edit и RAID Configuration; ограничены поля, интерфейсы и microversion1.34.	I1	Основной	https://github.com/openstack/python-ironicclient/blob/5.10.0/setup.cfg	https://github.com/openstack/ironic-ui/blob/6.5.0/ironic_ui/api/ironic_rest_api.py#L1
ironic	python-ironicclient	5.10.0	openstack.baremetal.v1	openstack baremetal node show	Просмотр: bare metal узел	partial	Details и validate есть; новые API поля ограничены жёсткой microversion1.34.	I1	Основной	https://github.com/openstack/python-ironicclient/blob/5.10.0/setup.cfg	https://github.com/openstack/ironic-ui/blob/6.5.0/ironic_ui/api/ironic_rest_api.py#L1
ironic	python-ironicclient	5.10.0	openstack.baremetal.v1	openstack baremetal node trait list	Список: traits узла	no	Нет специализированного UI действия/adapter; generic properties/cleaning не равны отдельной функции.	I1	Основной	https://github.com/openstack/python-ironicclient/blob/5.10.0/setup.cfg	https://github.com/openstack/ironic-ui/blob/6.5.0/ironic_ui/api/ironic_rest_api.py#L1
ironic	python-ironicclient	5.10.0	openstack.baremetal.v1	openstack baremetal node undeploy	Снятие развёртывания: bare metal узел	partial	Операция есть только в предусмотренных UI state transitions; config-drive/deploy-steps/runbook/disable-ramdisk не представлены.	I1	Основной	https://github.com/openstack/python-ironicclient/blob/5.10.0/setup.cfg	https://github.com/openstack/ironic-ui/blob/6.5.0/ironic_ui/static/dashboard/admin/ironic/node-state-transition.service.js#L1
ironic	python-ironicclient	5.10.0	openstack.baremetal.v1	openstack baremetal node unhold	Снятие hold: bare metal узел	no	Нет специализированного UI действия/adapter; generic properties/cleaning не равны отдельной функции.	I1	Основной	https://github.com/openstack/python-ironicclient/blob/5.10.0/setup.cfg	https://github.com/openstack/ironic-ui/blob/6.5.0/ironic_ui/api/ironic_rest_api.py#L1
ironic	python-ironicclient	5.10.0	openstack.baremetal.v1	openstack baremetal node unrescue	Выход из rescue: bare metal узел	no	Нет специализированного UI действия/adapter; generic properties/cleaning не равны отдельной функции.	I1	Основной	https://github.com/openstack/python-ironicclient/blob/5.10.0/setup.cfg	https://github.com/openstack/ironic-ui/blob/6.5.0/ironic_ui/api/ironic_rest_api.py#L1
ironic	python-ironicclient	5.10.0	openstack.baremetal.v1	openstack baremetal node unset	Снятие параметров: bare metal узел	partial	Enroll/Edit и RAID Configuration; ограничены поля, интерфейсы и microversion1.34.	I1	Основной	https://github.com/openstack/python-ironicclient/blob/5.10.0/setup.cfg	https://github.com/openstack/ironic-ui/blob/6.5.0/ironic_ui/api/ironic_rest_api.py#L1
ironic	python-ironicclient	5.10.0	openstack.baremetal.v1	openstack baremetal node validate	Проверка: bare metal узел	yes	Основная операция/результат представлены; нужны сервис, права и допустимое состояние.	I1	Основной	https://github.com/openstack/python-ironicclient/blob/5.10.0/setup.cfg	https://github.com/openstack/ironic-ui/blob/6.5.0/ironic_ui/api/ironic_rest_api.py#L1
ironic	python-ironicclient	5.10.0	openstack.baremetal.v1	openstack baremetal node vif attach	Подключение: VIF узла	no	Нет специализированного UI действия/adapter; generic properties/cleaning не равны отдельной функции.	I1	Основной	https://github.com/openstack/python-ironicclient/blob/5.10.0/setup.cfg	https://github.com/openstack/ironic-ui/blob/6.5.0/ironic_ui/api/ironic_rest_api.py#L1
ironic	python-ironicclient	5.10.0	openstack.baremetal.v1	openstack baremetal node vif detach	Отключение: VIF узла	no	Нет специализированного UI действия/adapter; generic properties/cleaning не равны отдельной функции.	I1	Основной	https://github.com/openstack/python-ironicclient/blob/5.10.0/setup.cfg	https://github.com/openstack/ironic-ui/blob/6.5.0/ironic_ui/api/ironic_rest_api.py#L1
ironic	python-ironicclient	5.10.0	openstack.baremetal.v1	openstack baremetal node vif list	Список: VIF узла	no	Нет специализированного UI действия/adapter; generic properties/cleaning не равны отдельной функции.	I1	Основной	https://github.com/openstack/python-ironicclient/blob/5.10.0/setup.cfg	https://github.com/openstack/ironic-ui/blob/6.5.0/ironic_ui/api/ironic_rest_api.py#L1
ironic	python-ironicclient	5.10.0	openstack.baremetal.v1	openstack baremetal port create	Создание: физические порты	partial	Основной CRUD внутри деталей node есть; scope/поля ограничены интерфейсом и microversion1.34.	I1	Основной	https://github.com/openstack/python-ironicclient/blob/5.10.0/setup.cfg	https://github.com/openstack/ironic-ui/blob/6.5.0/ironic_ui/api/ironic_rest_api.py#L1
ironic	python-ironicclient	5.10.0	openstack.baremetal.v1	openstack baremetal port delete	Удаление: физические порты	partial	Основной CRUD внутри деталей node есть; scope/поля ограничены интерфейсом и microversion1.34.	I1	Основной	https://github.com/openstack/python-ironicclient/blob/5.10.0/setup.cfg	https://github.com/openstack/ironic-ui/blob/6.5.0/ironic_ui/api/ironic_rest_api.py#L1
ironic	python-ironicclient	5.10.0	openstack.baremetal.v1	openstack baremetal port group create	Создание: группы физических портов	partial	Основной CRUD внутри деталей node есть; scope/поля ограничены интерфейсом и microversion1.34.	I1	Основной	https://github.com/openstack/python-ironicclient/blob/5.10.0/setup.cfg	https://github.com/openstack/ironic-ui/blob/6.5.0/ironic_ui/api/ironic_rest_api.py#L1
ironic	python-ironicclient	5.10.0	openstack.baremetal.v1	openstack baremetal port group delete	Удаление: группы физических портов	partial	Основной CRUD внутри деталей node есть; scope/поля ограничены интерфейсом и microversion1.34.	I1	Основной	https://github.com/openstack/python-ironicclient/blob/5.10.0/setup.cfg	https://github.com/openstack/ironic-ui/blob/6.5.0/ironic_ui/api/ironic_rest_api.py#L1
ironic	python-ironicclient	5.10.0	openstack.baremetal.v1	openstack baremetal port group list	Список: группы физических портов	partial	Основной CRUD внутри деталей node есть; scope/поля ограничены интерфейсом и microversion1.34.	I1	Основной	https://github.com/openstack/python-ironicclient/blob/5.10.0/setup.cfg	https://github.com/openstack/ironic-ui/blob/6.5.0/ironic_ui/api/ironic_rest_api.py#L1
ironic	python-ironicclient	5.10.0	openstack.baremetal.v1	openstack baremetal port group set	Установка параметров: группы физических портов	partial	Основной CRUD внутри деталей node есть; scope/поля ограничены интерфейсом и microversion1.34.	I1	Основной	https://github.com/openstack/python-ironicclient/blob/5.10.0/setup.cfg	https://github.com/openstack/ironic-ui/blob/6.5.0/ironic_ui/api/ironic_rest_api.py#L1
ironic	python-ironicclient	5.10.0	openstack.baremetal.v1	openstack baremetal port group show	Просмотр: группы физических портов	partial	Основной CRUD внутри деталей node есть; scope/поля ограничены интерфейсом и microversion1.34.	I1	Основной	https://github.com/openstack/python-ironicclient/blob/5.10.0/setup.cfg	https://github.com/openstack/ironic-ui/blob/6.5.0/ironic_ui/api/ironic_rest_api.py#L1
ironic	python-ironicclient	5.10.0	openstack.baremetal.v1	openstack baremetal port group unset	Снятие параметров: группы физических портов	partial	Основной CRUD внутри деталей node есть; scope/поля ограничены интерфейсом и microversion1.34.	I1	Основной	https://github.com/openstack/python-ironicclient/blob/5.10.0/setup.cfg	https://github.com/openstack/ironic-ui/blob/6.5.0/ironic_ui/api/ironic_rest_api.py#L1
ironic	python-ironicclient	5.10.0	openstack.baremetal.v1	openstack baremetal port list	Список: физические порты	partial	Основной CRUD внутри деталей node есть; scope/поля ограничены интерфейсом и microversion1.34.	I1	Основной	https://github.com/openstack/python-ironicclient/blob/5.10.0/setup.cfg	https://github.com/openstack/ironic-ui/blob/6.5.0/ironic_ui/api/ironic_rest_api.py#L1
ironic	python-ironicclient	5.10.0	openstack.baremetal.v1	openstack baremetal port set	Установка параметров: физические порты	partial	Основной CRUD внутри деталей node есть; scope/поля ограничены интерфейсом и microversion1.34.	I1	Основной	https://github.com/openstack/python-ironicclient/blob/5.10.0/setup.cfg	https://github.com/openstack/ironic-ui/blob/6.5.0/ironic_ui/api/ironic_rest_api.py#L1
ironic	python-ironicclient	5.10.0	openstack.baremetal.v1	openstack baremetal port show	Просмотр: физические порты	partial	Основной CRUD внутри деталей node есть; scope/поля ограничены интерфейсом и microversion1.34.	I1	Основной	https://github.com/openstack/python-ironicclient/blob/5.10.0/setup.cfg	https://github.com/openstack/ironic-ui/blob/6.5.0/ironic_ui/api/ironic_rest_api.py#L1
ironic	python-ironicclient	5.10.0	openstack.baremetal.v1	openstack baremetal port unset	Снятие параметров: физические порты	partial	Основной CRUD внутри деталей node есть; scope/поля ограничены интерфейсом и microversion1.34.	I1	Основной	https://github.com/openstack/python-ironicclient/blob/5.10.0/setup.cfg	https://github.com/openstack/ironic-ui/blob/6.5.0/ironic_ui/api/ironic_rest_api.py#L1
ironic	python-ironicclient	5.10.0	openstack.baremetal.v1	openstack baremetal runbook create	Создание: runbooks Ironic	no	Нет соответствующей панели/REST adapter: allocations/chassis/conductors/deploy templates/runbooks/shards/storage attachments.	I1	Основной	https://github.com/openstack/python-ironicclient/blob/5.10.0/setup.cfg	https://github.com/openstack/ironic-ui/blob/6.5.0/ironic_ui/api/ironic_rest_api.py#L1
ironic	python-ironicclient	5.10.0	openstack.baremetal.v1	openstack baremetal runbook delete	Удаление: runbooks Ironic	no	Нет соответствующей панели/REST adapter: allocations/chassis/conductors/deploy templates/runbooks/shards/storage attachments.	I1	Основной	https://github.com/openstack/python-ironicclient/blob/5.10.0/setup.cfg	https://github.com/openstack/ironic-ui/blob/6.5.0/ironic_ui/api/ironic_rest_api.py#L1
ironic	python-ironicclient	5.10.0	openstack.baremetal.v1	openstack baremetal runbook list	Список: runbooks Ironic	no	Нет соответствующей панели/REST adapter: allocations/chassis/conductors/deploy templates/runbooks/shards/storage attachments.	I1	Основной	https://github.com/openstack/python-ironicclient/blob/5.10.0/setup.cfg	https://github.com/openstack/ironic-ui/blob/6.5.0/ironic_ui/api/ironic_rest_api.py#L1
ironic	python-ironicclient	5.10.0	openstack.baremetal.v1	openstack baremetal runbook set	Установка параметров: runbooks Ironic	no	Нет соответствующей панели/REST adapter: allocations/chassis/conductors/deploy templates/runbooks/shards/storage attachments.	I1	Основной	https://github.com/openstack/python-ironicclient/blob/5.10.0/setup.cfg	https://github.com/openstack/ironic-ui/blob/6.5.0/ironic_ui/api/ironic_rest_api.py#L1
ironic	python-ironicclient	5.10.0	openstack.baremetal.v1	openstack baremetal runbook show	Просмотр: runbooks Ironic	no	Нет соответствующей панели/REST adapter: allocations/chassis/conductors/deploy templates/runbooks/shards/storage attachments.	I1	Основной	https://github.com/openstack/python-ironicclient/blob/5.10.0/setup.cfg	https://github.com/openstack/ironic-ui/blob/6.5.0/ironic_ui/api/ironic_rest_api.py#L1
ironic	python-ironicclient	5.10.0	openstack.baremetal.v1	openstack baremetal runbook unset	Снятие параметров: runbooks Ironic	no	Нет соответствующей панели/REST adapter: allocations/chassis/conductors/deploy templates/runbooks/shards/storage attachments.	I1	Основной	https://github.com/openstack/python-ironicclient/blob/5.10.0/setup.cfg	https://github.com/openstack/ironic-ui/blob/6.5.0/ironic_ui/api/ironic_rest_api.py#L1
ironic	python-ironicclient	5.10.0	openstack.baremetal.v1	openstack baremetal shard list	Список: shards Ironic	no	Нет соответствующей панели/REST adapter: allocations/chassis/conductors/deploy templates/runbooks/shards/storage attachments.	I1	Основной	https://github.com/openstack/python-ironicclient/blob/5.10.0/setup.cfg	https://github.com/openstack/ironic-ui/blob/6.5.0/ironic_ui/api/ironic_rest_api.py#L1
ironic	python-ironicclient	5.10.0	openstack.baremetal.v1	openstack baremetal volume connector create	Создание: коннекторы внешнего хранилища	no	Нет соответствующей панели/REST adapter: allocations/chassis/conductors/deploy templates/runbooks/shards/storage attachments.	I1	Основной	https://github.com/openstack/python-ironicclient/blob/5.10.0/setup.cfg	https://github.com/openstack/ironic-ui/blob/6.5.0/ironic_ui/api/ironic_rest_api.py#L1
ironic	python-ironicclient	5.10.0	openstack.baremetal.v1	openstack baremetal volume connector delete	Удаление: коннекторы внешнего хранилища	no	Нет соответствующей панели/REST adapter: allocations/chassis/conductors/deploy templates/runbooks/shards/storage attachments.	I1	Основной	https://github.com/openstack/python-ironicclient/blob/5.10.0/setup.cfg	https://github.com/openstack/ironic-ui/blob/6.5.0/ironic_ui/api/ironic_rest_api.py#L1
ironic	python-ironicclient	5.10.0	openstack.baremetal.v1	openstack baremetal volume connector list	Список: коннекторы внешнего хранилища	no	Нет соответствующей панели/REST adapter: allocations/chassis/conductors/deploy templates/runbooks/shards/storage attachments.	I1	Основной	https://github.com/openstack/python-ironicclient/blob/5.10.0/setup.cfg	https://github.com/openstack/ironic-ui/blob/6.5.0/ironic_ui/api/ironic_rest_api.py#L1
ironic	python-ironicclient	5.10.0	openstack.baremetal.v1	openstack baremetal volume connector set	Установка параметров: коннекторы внешнего хранилища	no	Нет соответствующей панели/REST adapter: allocations/chassis/conductors/deploy templates/runbooks/shards/storage attachments.	I1	Основной	https://github.com/openstack/python-ironicclient/blob/5.10.0/setup.cfg	https://github.com/openstack/ironic-ui/blob/6.5.0/ironic_ui/api/ironic_rest_api.py#L1
ironic	python-ironicclient	5.10.0	openstack.baremetal.v1	openstack baremetal volume connector show	Просмотр: коннекторы внешнего хранилища	no	Нет соответствующей панели/REST adapter: allocations/chassis/conductors/deploy templates/runbooks/shards/storage attachments.	I1	Основной	https://github.com/openstack/python-ironicclient/blob/5.10.0/setup.cfg	https://github.com/openstack/ironic-ui/blob/6.5.0/ironic_ui/api/ironic_rest_api.py#L1
ironic	python-ironicclient	5.10.0	openstack.baremetal.v1	openstack baremetal volume connector unset	Снятие параметров: коннекторы внешнего хранилища	no	Нет соответствующей панели/REST adapter: allocations/chassis/conductors/deploy templates/runbooks/shards/storage attachments.	I1	Основной	https://github.com/openstack/python-ironicclient/blob/5.10.0/setup.cfg	https://github.com/openstack/ironic-ui/blob/6.5.0/ironic_ui/api/ironic_rest_api.py#L1
ironic	python-ironicclient	5.10.0	openstack.baremetal.v1	openstack baremetal volume target create	Создание: цели внешнего хранилища	no	Нет соответствующей панели/REST adapter: allocations/chassis/conductors/deploy templates/runbooks/shards/storage attachments.	I1	Основной	https://github.com/openstack/python-ironicclient/blob/5.10.0/setup.cfg	https://github.com/openstack/ironic-ui/blob/6.5.0/ironic_ui/api/ironic_rest_api.py#L1
ironic	python-ironicclient	5.10.0	openstack.baremetal.v1	openstack baremetal volume target delete	Удаление: цели внешнего хранилища	no	Нет соответствующей панели/REST adapter: allocations/chassis/conductors/deploy templates/runbooks/shards/storage attachments.	I1	Основной	https://github.com/openstack/python-ironicclient/blob/5.10.0/setup.cfg	https://github.com/openstack/ironic-ui/blob/6.5.0/ironic_ui/api/ironic_rest_api.py#L1
ironic	python-ironicclient	5.10.0	openstack.baremetal.v1	openstack baremetal volume target list	Список: цели внешнего хранилища	no	Нет соответствующей панели/REST adapter: allocations/chassis/conductors/deploy templates/runbooks/shards/storage attachments.	I1	Основной	https://github.com/openstack/python-ironicclient/blob/5.10.0/setup.cfg	https://github.com/openstack/ironic-ui/blob/6.5.0/ironic_ui/api/ironic_rest_api.py#L1
ironic	python-ironicclient	5.10.0	openstack.baremetal.v1	openstack baremetal volume target set	Установка параметров: цели внешнего хранилища	no	Нет соответствующей панели/REST adapter: allocations/chassis/conductors/deploy templates/runbooks/shards/storage attachments.	I1	Основной	https://github.com/openstack/python-ironicclient/blob/5.10.0/setup.cfg	https://github.com/openstack/ironic-ui/blob/6.5.0/ironic_ui/api/ironic_rest_api.py#L1
ironic	python-ironicclient	5.10.0	openstack.baremetal.v1	openstack baremetal volume target show	Просмотр: цели внешнего хранилища	no	Нет соответствующей панели/REST adapter: allocations/chassis/conductors/deploy templates/runbooks/shards/storage attachments.	I1	Основной	https://github.com/openstack/python-ironicclient/blob/5.10.0/setup.cfg	https://github.com/openstack/ironic-ui/blob/6.5.0/ironic_ui/api/ironic_rest_api.py#L1
ironic	python-ironicclient	5.10.0	openstack.baremetal.v1	openstack baremetal volume target unset	Снятие параметров: цели внешнего хранилища	no	Нет соответствующей панели/REST adapter: allocations/chassis/conductors/deploy templates/runbooks/shards/storage attachments.	I1	Основной	https://github.com/openstack/python-ironicclient/blob/5.10.0/setup.cfg	https://github.com/openstack/ironic-ui/blob/6.5.0/ironic_ui/api/ironic_rest_api.py#L1
masakari	python-masakariclient	8.6.0	openstack.ha.v1	openstack notification create	Создание: уведомление Masakari	no	Панель Notifications только читает события/прогресс; Create отсутствует.	M1, M2	Основной	https://github.com/openstack/python-masakariclient/blob/8.6.0/setup.cfg#L34	https://github.com/openstack/masakari-dashboard/blob/12.0.0/masakaridashboard/notifications/tables.py#L1
masakari	python-masakariclient	8.6.0	openstack.ha.v1	openstack notification list	Список: уведомление Masakari	yes	Основная операция/результат представлены; нужны сервис, права и допустимое состояние.	M1, M2	Основной	https://github.com/openstack/python-masakariclient/blob/8.6.0/setup.cfg#L36	https://github.com/openstack/masakari-dashboard/blob/12.0.0/masakaridashboard/notifications/tables.py#L1
masakari	python-masakariclient	8.6.0	openstack.ha.v1	openstack notification show	Просмотр: уведомление Masakari	yes	Основная операция/результат представлены; нужны сервис, права и допустимое состояние.	M1, M2	Основной	https://github.com/openstack/python-masakariclient/blob/8.6.0/setup.cfg#L35	https://github.com/openstack/masakari-dashboard/blob/12.0.0/masakaridashboard/notifications/tables.py#L1
masakari	python-masakariclient	8.6.0	openstack.ha.v1	openstack notification vmove list	Список: перемещения ВМ при восстановлении	yes	Основная операция/результат представлены; нужны сервис, права и допустимое состояние.	M1, M2	Основной	https://github.com/openstack/python-masakariclient/blob/8.6.0/setup.cfg#L38	https://github.com/openstack/masakari-dashboard/blob/12.0.0/masakaridashboard/vmoves/tables.py#L1
masakari	python-masakariclient	8.6.0	openstack.ha.v1	openstack notification vmove show	Просмотр: перемещения ВМ при восстановлении	yes	Основная операция/результат представлены; нужны сервис, права и допустимое состояние.	M1, M2	Основной	https://github.com/openstack/python-masakariclient/blob/8.6.0/setup.cfg#L37	https://github.com/openstack/masakari-dashboard/blob/12.0.0/masakaridashboard/vmoves/tables.py#L1
masakari	python-masakariclient	8.6.0	openstack.ha.v1	openstack segment create	Создание: HA-сегмент	partial	UI ограничивает service_type/имя хоста и выбор Nova compute; CLI содержит дополнительные редактируемые поля.	M1, M2	Основной	https://github.com/openstack/python-masakariclient/blob/8.6.0/setup.cfg#L39	https://github.com/openstack/masakari-dashboard/blob/12.0.0/masakaridashboard/segments/tables.py#L1
masakari	python-masakariclient	8.6.0	openstack.ha.v1	openstack segment delete	Удаление: HA-сегмент	yes	Основная операция/результат представлены; нужны сервис, права и допустимое состояние.	M1, M2	Основной	https://github.com/openstack/python-masakariclient/blob/8.6.0/setup.cfg#L41	https://github.com/openstack/masakari-dashboard/blob/12.0.0/masakaridashboard/segments/tables.py#L1
masakari	python-masakariclient	8.6.0	openstack.ha.v1	openstack segment host create	Создание: хост HA-сегмента	partial	UI ограничивает service_type/имя хоста и выбор Nova compute; CLI содержит дополнительные редактируемые поля.	M1, M2	Основной	https://github.com/openstack/python-masakariclient/blob/8.6.0/setup.cfg#L44	https://github.com/openstack/masakari-dashboard/blob/12.0.0/masakaridashboard/hosts/tables.py#L1
masakari	python-masakariclient	8.6.0	openstack.ha.v1	openstack segment host delete	Удаление: хост HA-сегмента	yes	Основная операция/результат представлены; нужны сервис, права и допустимое состояние.	M1, M2	Основной	https://github.com/openstack/python-masakariclient/blob/8.6.0/setup.cfg#L47	https://github.com/openstack/masakari-dashboard/blob/12.0.0/masakaridashboard/hosts/tables.py#L1
masakari	python-masakariclient	8.6.0	openstack.ha.v1	openstack segment host list	Список: хост HA-сегмента	yes	Основная операция/результат представлены; нужны сервис, права и допустимое состояние.	M1, M2	Основной	https://github.com/openstack/python-masakariclient/blob/8.6.0/setup.cfg#L46	https://github.com/openstack/masakari-dashboard/blob/12.0.0/masakaridashboard/hosts/tables.py#L1
masakari	python-masakariclient	8.6.0	openstack.ha.v1	openstack segment host show	Просмотр: хост HA-сегмента	yes	Основная операция/результат представлены; нужны сервис, права и допустимое состояние.	M1, M2	Основной	https://github.com/openstack/python-masakariclient/blob/8.6.0/setup.cfg#L45	https://github.com/openstack/masakari-dashboard/blob/12.0.0/masakaridashboard/hosts/tables.py#L1
masakari	python-masakariclient	8.6.0	openstack.ha.v1	openstack segment host update	Изменение: хост HA-сегмента	partial	UI ограничивает service_type/имя хоста и выбор Nova compute; CLI содержит дополнительные редактируемые поля.	M1, M2	Основной	https://github.com/openstack/python-masakariclient/blob/8.6.0/setup.cfg#L48	https://github.com/openstack/masakari-dashboard/blob/12.0.0/masakaridashboard/hosts/tables.py#L1
masakari	python-masakariclient	8.6.0	openstack.ha.v1	openstack segment list	Список: HA-сегмент	yes	Основная операция/результат представлены; нужны сервис, права и допустимое состояние.	M1, M2	Основной	https://github.com/openstack/python-masakariclient/blob/8.6.0/setup.cfg#L43	https://github.com/openstack/masakari-dashboard/blob/12.0.0/masakaridashboard/segments/tables.py#L1
masakari	python-masakariclient	8.6.0	openstack.ha.v1	openstack segment show	Просмотр: HA-сегмент	yes	Основная операция/результат представлены; нужны сервис, права и допустимое состояние.	M1, M2	Основной	https://github.com/openstack/python-masakariclient/blob/8.6.0/setup.cfg#L42	https://github.com/openstack/masakari-dashboard/blob/12.0.0/masakaridashboard/segments/tables.py#L1
masakari	python-masakariclient	8.6.0	openstack.ha.v1	openstack segment update	Изменение: HA-сегмент	partial	UI ограничивает service_type/имя хоста и выбор Nova compute; CLI содержит дополнительные редактируемые поля.	M1, M2	Основной	https://github.com/openstack/python-masakariclient/blob/8.6.0/setup.cfg#L40	https://github.com/openstack/masakari-dashboard/blob/12.0.0/masakaridashboard/segments/tables.py#L1
mistral	python-mistralclient	5.4.0	openstack.workflow_engine.v2	openstack action definition create	Создание: определения Mistral actions	yes	Основная операция/результат представлены; нужны сервис, права и допустимое состояние.	P1	Основной	https://opendev.org/openstack/python-mistralclient/src/tag/5.4.0/setup.cfg#L84	https://github.com/openstack/mistral-dashboard/blob/20.0.0/mistraldashboard/actions/tables.py#L1
mistral	python-mistralclient	5.4.0	openstack.workflow_engine.v2	openstack action definition definition show	Просмотр: текст определения action	yes	Основная операция/результат представлены; нужны сервис, права и допустимое состояние.	P1	Основной	https://opendev.org/openstack/python-mistralclient/src/tag/5.4.0/setup.cfg#L87	https://github.com/openstack/mistral-dashboard/blob/20.0.0/mistraldashboard/actions/tables.py#L1
mistral	python-mistralclient	5.4.0	openstack.workflow_engine.v2	openstack action definition delete	Удаление: определения Mistral actions	yes	Основная операция/результат представлены; нужны сервис, права и допустимое состояние.	P1	Основной	https://opendev.org/openstack/python-mistralclient/src/tag/5.4.0/setup.cfg#L85	https://github.com/openstack/mistral-dashboard/blob/20.0.0/mistraldashboard/actions/tables.py#L1
mistral	python-mistralclient	5.4.0	openstack.workflow_engine.v2	openstack action definition list	Список: определения Mistral actions	yes	Основная операция/результат представлены; нужны сервис, права и допустимое состояние.	P1	Основной	https://opendev.org/openstack/python-mistralclient/src/tag/5.4.0/setup.cfg#L82	https://github.com/openstack/mistral-dashboard/blob/20.0.0/mistraldashboard/actions/tables.py#L1
mistral	python-mistralclient	5.4.0	openstack.workflow_engine.v2	openstack action definition show	Просмотр: определения Mistral actions	yes	Основная операция/результат представлены; нужны сервис, права и допустимое состояние.	P1	Основной	https://opendev.org/openstack/python-mistralclient/src/tag/5.4.0/setup.cfg#L83	https://github.com/openstack/mistral-dashboard/blob/20.0.0/mistraldashboard/actions/tables.py#L1
mistral	python-mistralclient	5.4.0	openstack.workflow_engine.v2	openstack action definition update	Изменение: определения Mistral actions	yes	Основная операция/результат представлены; нужны сервис, права и допустимое состояние.	P1	Основной	https://opendev.org/openstack/python-mistralclient/src/tag/5.4.0/setup.cfg#L86	https://github.com/openstack/mistral-dashboard/blob/20.0.0/mistraldashboard/actions/tables.py#L1
mistral	python-mistralclient	5.4.0	openstack.workflow_engine.v2	openstack action execution delete	Удаление: исполнение action	yes	Основная операция/результат представлены; нужны сервис, права и допустимое состояние.	P1	Основной	https://opendev.org/openstack/python-mistralclient/src/tag/5.4.0/setup.cfg#L64	https://github.com/openstack/mistral-dashboard/blob/20.0.0/mistraldashboard/action_executions/tables.py#L1
mistral	python-mistralclient	5.4.0	openstack.workflow_engine.v2	openstack action execution input show	Просмотр: входные данные action	yes	Основная операция/результат представлены; нужны сервис, права и допустимое состояние.	P1	Основной	https://opendev.org/openstack/python-mistralclient/src/tag/5.4.0/setup.cfg#L61	https://github.com/openstack/mistral-dashboard/blob/20.0.0/mistraldashboard/action_executions/tables.py#L1
mistral	python-mistralclient	5.4.0	openstack.workflow_engine.v2	openstack action execution list	Список: исполнение action	yes	Основная операция/результат представлены; нужны сервис, права и допустимое состояние.	P1	Основной	https://opendev.org/openstack/python-mistralclient/src/tag/5.4.0/setup.cfg#L59	https://github.com/openstack/mistral-dashboard/blob/20.0.0/mistraldashboard/action_executions/tables.py#L1
mistral	python-mistralclient	5.4.0	openstack.workflow_engine.v2	openstack action execution output show	Просмотр: результат action	yes	Основная операция/результат представлены; нужны сервис, права и допустимое состояние.	P1	Основной	https://opendev.org/openstack/python-mistralclient/src/tag/5.4.0/setup.cfg#L62	https://github.com/openstack/mistral-dashboard/blob/20.0.0/mistraldashboard/action_executions/tables.py#L1
mistral	python-mistralclient	5.4.0	openstack.workflow_engine.v2	openstack action execution run	Запуск: исполнение action	partial	Run Action принимает JSON input; params ограничены Save result to DB.	P1	Основной	https://opendev.org/openstack/python-mistralclient/src/tag/5.4.0/setup.cfg#L58	https://github.com/openstack/mistral-dashboard/blob/20.0.0/mistraldashboard/action_executions/tables.py#L1
mistral	python-mistralclient	5.4.0	openstack.workflow_engine.v2	openstack action execution show	Просмотр: исполнение action	yes	Основная операция/результат представлены; нужны сервис, права и допустимое состояние.	P1	Основной	https://opendev.org/openstack/python-mistralclient/src/tag/5.4.0/setup.cfg#L60	https://github.com/openstack/mistral-dashboard/blob/20.0.0/mistraldashboard/action_executions/tables.py#L1
mistral	python-mistralclient	5.4.0	openstack.workflow_engine.v2	openstack action execution update	Изменение: исполнение action	partial	Update action state SUCCESS/ERROR и output; это отдельное действие, не повтор task.	P1	Основной	https://opendev.org/openstack/python-mistralclient/src/tag/5.4.0/setup.cfg#L63	https://github.com/openstack/mistral-dashboard/blob/20.0.0/mistraldashboard/action_executions/tables.py#L1
mistral	python-mistralclient	5.4.0	openstack.workflow_engine.v2	openstack code source content show	Просмотр: содержимое источника кода	no	Нет панели environments/event triggers/services/members/code sources/dynamic actions.	P1	Основной	https://opendev.org/openstack/python-mistralclient/src/tag/5.4.0/setup.cfg#L112	https://github.com/openstack/mistral-dashboard/blob/20.0.0/mistraldashboard/dashboard.py#L1
mistral	python-mistralclient	5.4.0	openstack.workflow_engine.v2	openstack code source create	Создание: источник кода	no	Нет панели environments/event triggers/services/members/code sources/dynamic actions.	P1	Основной	https://opendev.org/openstack/python-mistralclient/src/tag/5.4.0/setup.cfg#L109	https://github.com/openstack/mistral-dashboard/blob/20.0.0/mistraldashboard/dashboard.py#L1
mistral	python-mistralclient	5.4.0	openstack.workflow_engine.v2	openstack code source delete	Удаление: источник кода	no	Нет панели environments/event triggers/services/members/code sources/dynamic actions.	P1	Основной	https://opendev.org/openstack/python-mistralclient/src/tag/5.4.0/setup.cfg#L110	https://github.com/openstack/mistral-dashboard/blob/20.0.0/mistraldashboard/dashboard.py#L1
mistral	python-mistralclient	5.4.0	openstack.workflow_engine.v2	openstack code source list	Список: источник кода	no	Нет панели environments/event triggers/services/members/code sources/dynamic actions.	P1	Основной	https://opendev.org/openstack/python-mistralclient/src/tag/5.4.0/setup.cfg#L107	https://github.com/openstack/mistral-dashboard/blob/20.0.0/mistraldashboard/dashboard.py#L1
mistral	python-mistralclient	5.4.0	openstack.workflow_engine.v2	openstack code source show	Просмотр: источник кода	no	Нет панели environments/event triggers/services/members/code sources/dynamic actions.	P1	Основной	https://opendev.org/openstack/python-mistralclient/src/tag/5.4.0/setup.cfg#L108	https://github.com/openstack/mistral-dashboard/blob/20.0.0/mistraldashboard/dashboard.py#L1
mistral	python-mistralclient	5.4.0	openstack.workflow_engine.v2	openstack code source update	Изменение: источник кода	no	Нет панели environments/event triggers/services/members/code sources/dynamic actions.	P1	Основной	https://opendev.org/openstack/python-mistralclient/src/tag/5.4.0/setup.cfg#L111	https://github.com/openstack/mistral-dashboard/blob/20.0.0/mistraldashboard/dashboard.py#L1
mistral	python-mistralclient	5.4.0	openstack.workflow_engine.v2	openstack cron trigger create	Создание: периодический триггер	yes	Основная операция/результат представлены; нужны сервис, права и допустимое состояние.	P1	Основной	https://opendev.org/openstack/python-mistralclient/src/tag/5.4.0/setup.cfg#L91	https://github.com/openstack/mistral-dashboard/blob/20.0.0/mistraldashboard/cron_triggers/tables.py#L1
mistral	python-mistralclient	5.4.0	openstack.workflow_engine.v2	openstack cron trigger delete	Удаление: периодический триггер	yes	Основная операция/результат представлены; нужны сервис, права и допустимое состояние.	P1	Основной	https://opendev.org/openstack/python-mistralclient/src/tag/5.4.0/setup.cfg#L92	https://github.com/openstack/mistral-dashboard/blob/20.0.0/mistraldashboard/cron_triggers/tables.py#L1
mistral	python-mistralclient	5.4.0	openstack.workflow_engine.v2	openstack cron trigger list	Список: периодический триггер	yes	Основная операция/результат представлены; нужны сервис, права и допустимое состояние.	P1	Основной	https://opendev.org/openstack/python-mistralclient/src/tag/5.4.0/setup.cfg#L89	https://github.com/openstack/mistral-dashboard/blob/20.0.0/mistraldashboard/cron_triggers/tables.py#L1
mistral	python-mistralclient	5.4.0	openstack.workflow_engine.v2	openstack cron trigger show	Просмотр: периодический триггер	yes	Основная операция/результат представлены; нужны сервис, права и допустимое состояние.	P1	Основной	https://opendev.org/openstack/python-mistralclient/src/tag/5.4.0/setup.cfg#L90	https://github.com/openstack/mistral-dashboard/blob/20.0.0/mistraldashboard/cron_triggers/tables.py#L1
mistral	python-mistralclient	5.4.0	openstack.workflow_engine.v2	openstack dynamic action create	Создание: динамический action	no	Нет панели environments/event triggers/services/members/code sources/dynamic actions.	P1	Основной	https://opendev.org/openstack/python-mistralclient/src/tag/5.4.0/setup.cfg#L116	https://github.com/openstack/mistral-dashboard/blob/20.0.0/mistraldashboard/dashboard.py#L1
mistral	python-mistralclient	5.4.0	openstack.workflow_engine.v2	openstack dynamic action delete	Удаление: динамический action	no	Нет панели environments/event triggers/services/members/code sources/dynamic actions.	P1	Основной	https://opendev.org/openstack/python-mistralclient/src/tag/5.4.0/setup.cfg#L117	https://github.com/openstack/mistral-dashboard/blob/20.0.0/mistraldashboard/dashboard.py#L1
mistral	python-mistralclient	5.4.0	openstack.workflow_engine.v2	openstack dynamic action list	Список: динамический action	no	Нет панели environments/event triggers/services/members/code sources/dynamic actions.	P1	Основной	https://opendev.org/openstack/python-mistralclient/src/tag/5.4.0/setup.cfg#L114	https://github.com/openstack/mistral-dashboard/blob/20.0.0/mistraldashboard/dashboard.py#L1
mistral	python-mistralclient	5.4.0	openstack.workflow_engine.v2	openstack dynamic action show	Просмотр: динамический action	no	Нет панели environments/event triggers/services/members/code sources/dynamic actions.	P1	Основной	https://opendev.org/openstack/python-mistralclient/src/tag/5.4.0/setup.cfg#L115	https://github.com/openstack/mistral-dashboard/blob/20.0.0/mistraldashboard/dashboard.py#L1
mistral	python-mistralclient	5.4.0	openstack.workflow_engine.v2	openstack dynamic action update	Изменение: динамический action	no	Нет панели environments/event triggers/services/members/code sources/dynamic actions.	P1	Основной	https://opendev.org/openstack/python-mistralclient/src/tag/5.4.0/setup.cfg#L118	https://github.com/openstack/mistral-dashboard/blob/20.0.0/mistraldashboard/dashboard.py#L1
mistral	python-mistralclient	5.4.0	openstack.workflow_engine.v2	openstack event trigger create	Создание: событийный триггер	no	Нет панели environments/event triggers/services/members/code sources/dynamic actions.	P1	Основной	https://opendev.org/openstack/python-mistralclient/src/tag/5.4.0/setup.cfg#L96	https://github.com/openstack/mistral-dashboard/blob/20.0.0/mistraldashboard/dashboard.py#L1
mistral	python-mistralclient	5.4.0	openstack.workflow_engine.v2	openstack event trigger delete	Удаление: событийный триггер	no	Нет панели environments/event triggers/services/members/code sources/dynamic actions.	P1	Основной	https://opendev.org/openstack/python-mistralclient/src/tag/5.4.0/setup.cfg#L97	https://github.com/openstack/mistral-dashboard/blob/20.0.0/mistraldashboard/dashboard.py#L1
mistral	python-mistralclient	5.4.0	openstack.workflow_engine.v2	openstack event trigger list	Список: событийный триггер	no	Нет панели environments/event triggers/services/members/code sources/dynamic actions.	P1	Основной	https://opendev.org/openstack/python-mistralclient/src/tag/5.4.0/setup.cfg#L94	https://github.com/openstack/mistral-dashboard/blob/20.0.0/mistraldashboard/dashboard.py#L1
mistral	python-mistralclient	5.4.0	openstack.workflow_engine.v2	openstack event trigger show	Просмотр: событийный триггер	no	Нет панели environments/event triggers/services/members/code sources/dynamic actions.	P1	Основной	https://opendev.org/openstack/python-mistralclient/src/tag/5.4.0/setup.cfg#L95	https://github.com/openstack/mistral-dashboard/blob/20.0.0/mistraldashboard/dashboard.py#L1
mistral	python-mistralclient	5.4.0	openstack.workflow_engine.v2	openstack resource member create	Создание: доступ участника к ресурсу Mistral	no	Нет панели environments/event triggers/services/members/code sources/dynamic actions.	P1	Основной	https://opendev.org/openstack/python-mistralclient/src/tag/5.4.0/setup.cfg#L103	https://github.com/openstack/mistral-dashboard/blob/20.0.0/mistraldashboard/dashboard.py#L1
mistral	python-mistralclient	5.4.0	openstack.workflow_engine.v2	openstack resource member delete	Удаление: доступ участника к ресурсу Mistral	no	Нет панели environments/event triggers/services/members/code sources/dynamic actions.	P1	Основной	https://opendev.org/openstack/python-mistralclient/src/tag/5.4.0/setup.cfg#L104	https://github.com/openstack/mistral-dashboard/blob/20.0.0/mistraldashboard/dashboard.py#L1
mistral	python-mistralclient	5.4.0	openstack.workflow_engine.v2	openstack resource member list	Список: доступ участника к ресурсу Mistral	no	Нет панели environments/event triggers/services/members/code sources/dynamic actions.	P1	Основной	https://opendev.org/openstack/python-mistralclient/src/tag/5.4.0/setup.cfg#L101	https://github.com/openstack/mistral-dashboard/blob/20.0.0/mistraldashboard/dashboard.py#L1
mistral	python-mistralclient	5.4.0	openstack.workflow_engine.v2	openstack resource member show	Просмотр: доступ участника к ресурсу Mistral	no	Нет панели environments/event triggers/services/members/code sources/dynamic actions.	P1	Основной	https://opendev.org/openstack/python-mistralclient/src/tag/5.4.0/setup.cfg#L102	https://github.com/openstack/mistral-dashboard/blob/20.0.0/mistraldashboard/dashboard.py#L1
mistral	python-mistralclient	5.4.0	openstack.workflow_engine.v2	openstack resource member update	Изменение: доступ участника к ресурсу Mistral	no	Нет панели environments/event triggers/services/members/code sources/dynamic actions.	P1	Основной	https://opendev.org/openstack/python-mistralclient/src/tag/5.4.0/setup.cfg#L105	https://github.com/openstack/mistral-dashboard/blob/20.0.0/mistraldashboard/dashboard.py#L1
mistral	python-mistralclient	5.4.0	openstack.workflow_engine.v2	openstack task execution list	Список: исполнение task	yes	Основная операция/результат представлены; нужны сервис, права и допустимое состояние.	P1	Основной	https://opendev.org/openstack/python-mistralclient/src/tag/5.4.0/setup.cfg#L76	https://github.com/openstack/mistral-dashboard/blob/20.0.0/mistraldashboard/tasks/tables.py#L1
mistral	python-mistralclient	5.4.0	openstack.workflow_engine.v2	openstack task execution published show	Просмотр: опубликованные переменные task	yes	Основная операция/результат представлены; нужны сервис, права и допустимое состояние.	P1	Основной	https://opendev.org/openstack/python-mistralclient/src/tag/5.4.0/setup.cfg#L78	https://github.com/openstack/mistral-dashboard/blob/20.0.0/mistraldashboard/tasks/tables.py#L1
mistral	python-mistralclient	5.4.0	openstack.workflow_engine.v2	openstack task execution rerun	Повторный запуск: исполнение task	no	Соответствующее самостоятельное действие/представление отсутствует.	P1	Основной	https://opendev.org/openstack/python-mistralclient/src/tag/5.4.0/setup.cfg#L80	https://github.com/openstack/mistral-dashboard/blob/20.0.0/mistraldashboard/tasks/tables.py#L1
mistral	python-mistralclient	5.4.0	openstack.workflow_engine.v2	openstack task execution result show	Просмотр: результат task	yes	Основная операция/результат представлены; нужны сервис, права и допустимое состояние.	P1	Основной	https://opendev.org/openstack/python-mistralclient/src/tag/5.4.0/setup.cfg#L79	https://github.com/openstack/mistral-dashboard/blob/20.0.0/mistraldashboard/tasks/tables.py#L1
mistral	python-mistralclient	5.4.0	openstack.workflow_engine.v2	openstack task execution show	Просмотр: исполнение task	yes	Основная операция/результат представлены; нужны сервис, права и допустимое состояние.	P1	Основной	https://opendev.org/openstack/python-mistralclient/src/tag/5.4.0/setup.cfg#L77	https://github.com/openstack/mistral-dashboard/blob/20.0.0/mistraldashboard/tasks/tables.py#L1
mistral	python-mistralclient	5.4.0	openstack.workflow_engine.v2	openstack workbook create	Создание: workbook Mistral	yes	Основная операция/результат представлены; нужны сервис, права и допустимое состояние.	P1	Основной	https://opendev.org/openstack/python-mistralclient/src/tag/5.4.0/setup.cfg#L38	https://github.com/openstack/mistral-dashboard/blob/20.0.0/mistraldashboard/workbooks/tables.py#L1
mistral	python-mistralclient	5.4.0	openstack.workflow_engine.v2	openstack workbook definition show	Просмотр: текст workbook	yes	Основная операция/результат представлены; нужны сервис, права и допустимое состояние.	P1	Основной	https://opendev.org/openstack/python-mistralclient/src/tag/5.4.0/setup.cfg#L41	https://github.com/openstack/mistral-dashboard/blob/20.0.0/mistraldashboard/workbooks/tables.py#L1
mistral	python-mistralclient	5.4.0	openstack.workflow_engine.v2	openstack workbook delete	Удаление: workbook Mistral	yes	Основная операция/результат представлены; нужны сервис, права и допустимое состояние.	P1	Основной	https://opendev.org/openstack/python-mistralclient/src/tag/5.4.0/setup.cfg#L39	https://github.com/openstack/mistral-dashboard/blob/20.0.0/mistraldashboard/workbooks/tables.py#L1
mistral	python-mistralclient	5.4.0	openstack.workflow_engine.v2	openstack workbook list	Список: workbook Mistral	yes	Основная операция/результат представлены; нужны сервис, права и допустимое состояние.	P1	Основной	https://opendev.org/openstack/python-mistralclient/src/tag/5.4.0/setup.cfg#L36	https://github.com/openstack/mistral-dashboard/blob/20.0.0/mistraldashboard/workbooks/tables.py#L1
mistral	python-mistralclient	5.4.0	openstack.workflow_engine.v2	openstack workbook show	Просмотр: workbook Mistral	yes	Основная операция/результат представлены; нужны сервис, права и допустимое состояние.	P1	Основной	https://opendev.org/openstack/python-mistralclient/src/tag/5.4.0/setup.cfg#L37	https://github.com/openstack/mistral-dashboard/blob/20.0.0/mistraldashboard/workbooks/tables.py#L1
mistral	python-mistralclient	5.4.0	openstack.workflow_engine.v2	openstack workbook update	Изменение: workbook Mistral	yes	Основная операция/результат представлены; нужны сервис, права и допустимое состояние.	P1	Основной	https://opendev.org/openstack/python-mistralclient/src/tag/5.4.0/setup.cfg#L40	https://github.com/openstack/mistral-dashboard/blob/20.0.0/mistraldashboard/workbooks/tables.py#L1
mistral	python-mistralclient	5.4.0	openstack.workflow_engine.v2	openstack workbook validate	Проверка: workbook Mistral	partial	Серверная validation вызывается внутри формы загрузки определения; отдельного самостоятельного Validate действия нет.	P1	Основной	https://opendev.org/openstack/python-mistralclient/src/tag/5.4.0/setup.cfg#L42	https://github.com/openstack/mistral-dashboard/blob/20.0.0/mistraldashboard/workbooks/forms.py#L1
mistral	python-mistralclient	5.4.0	openstack.workflow_engine.v2	openstack workflow create	Создание: workflow Mistral	yes	Основная операция/результат представлены; нужны сервис, права и допустимое состояние.	P1	Основной	https://opendev.org/openstack/python-mistralclient/src/tag/5.4.0/setup.cfg#L46	https://github.com/openstack/mistral-dashboard/blob/20.0.0/mistraldashboard/workflows/tables.py#L1
mistral	python-mistralclient	5.4.0	openstack.workflow_engine.v2	openstack workflow definition show	Просмотр: текст workflow	yes	Основная операция/результат представлены; нужны сервис, права и допустимое состояние.	P1	Основной	https://opendev.org/openstack/python-mistralclient/src/tag/5.4.0/setup.cfg#L49	https://github.com/openstack/mistral-dashboard/blob/20.0.0/mistraldashboard/workflows/tables.py#L1
mistral	python-mistralclient	5.4.0	openstack.workflow_engine.v2	openstack workflow delete	Удаление: workflow Mistral	yes	Основная операция/результат представлены; нужны сервис, права и допустимое состояние.	P1	Основной	https://opendev.org/openstack/python-mistralclient/src/tag/5.4.0/setup.cfg#L47	https://github.com/openstack/mistral-dashboard/blob/20.0.0/mistraldashboard/workflows/tables.py#L1
mistral	python-mistralclient	5.4.0	openstack.workflow_engine.v2	openstack workflow engine service list	Список: сервисы Mistral	no	Нет панели environments/event triggers/services/members/code sources/dynamic actions.	P1	Основной	https://opendev.org/openstack/python-mistralclient/src/tag/5.4.0/setup.cfg#L99	https://github.com/openstack/mistral-dashboard/blob/20.0.0/mistraldashboard/dashboard.py#L1
mistral	python-mistralclient	5.4.0	openstack.workflow_engine.v2	openstack workflow env create	Создание: сохранённое environment Mistral	no	Нет панели environments/event triggers/services/members/code sources/dynamic actions.	P1	Основной	https://opendev.org/openstack/python-mistralclient/src/tag/5.4.0/setup.cfg#L52	https://github.com/openstack/mistral-dashboard/blob/20.0.0/mistraldashboard/dashboard.py#L1
mistral	python-mistralclient	5.4.0	openstack.workflow_engine.v2	openstack workflow env delete	Удаление: сохранённое environment Mistral	no	Нет панели environments/event triggers/services/members/code sources/dynamic actions.	P1	Основной	https://opendev.org/openstack/python-mistralclient/src/tag/5.4.0/setup.cfg#L53	https://github.com/openstack/mistral-dashboard/blob/20.0.0/mistraldashboard/dashboard.py#L1
mistral	python-mistralclient	5.4.0	openstack.workflow_engine.v2	openstack workflow env list	Список: сохранённое environment Mistral	no	Нет панели environments/event triggers/services/members/code sources/dynamic actions.	P1	Основной	https://opendev.org/openstack/python-mistralclient/src/tag/5.4.0/setup.cfg#L55	https://github.com/openstack/mistral-dashboard/blob/20.0.0/mistraldashboard/dashboard.py#L1
mistral	python-mistralclient	5.4.0	openstack.workflow_engine.v2	openstack workflow env show	Просмотр: сохранённое environment Mistral	no	Нет панели environments/event triggers/services/members/code sources/dynamic actions.	P1	Основной	https://opendev.org/openstack/python-mistralclient/src/tag/5.4.0/setup.cfg#L56	https://github.com/openstack/mistral-dashboard/blob/20.0.0/mistraldashboard/dashboard.py#L1
mistral	python-mistralclient	5.4.0	openstack.workflow_engine.v2	openstack workflow env update	Изменение: сохранённое environment Mistral	no	Нет панели environments/event triggers/services/members/code sources/dynamic actions.	P1	Основной	https://opendev.org/openstack/python-mistralclient/src/tag/5.4.0/setup.cfg#L54	https://github.com/openstack/mistral-dashboard/blob/20.0.0/mistraldashboard/dashboard.py#L1
mistral	python-mistralclient	5.4.0	openstack.workflow_engine.v2	openstack workflow execution create	Создание: исполнение workflow	partial	Execute workflow передаёт строки/None; отсутствуют JSON workflow input/params, namespace и env.	P1	Основной	https://opendev.org/openstack/python-mistralclient/src/tag/5.4.0/setup.cfg#L66	https://github.com/openstack/mistral-dashboard/blob/20.0.0/mistraldashboard/executions/tables.py#L1
mistral	python-mistralclient	5.4.0	openstack.workflow_engine.v2	openstack workflow execution delete	Удаление: исполнение workflow	yes	Основная операция/результат представлены; нужны сервис, права и допустимое состояние.	P1	Основной	https://opendev.org/openstack/python-mistralclient/src/tag/5.4.0/setup.cfg#L67	https://github.com/openstack/mistral-dashboard/blob/20.0.0/mistraldashboard/executions/tables.py#L1
mistral	python-mistralclient	5.4.0	openstack.workflow_engine.v2	openstack workflow execution input show	Просмотр: входные данные workflow	yes	Основная операция/результат представлены; нужны сервис, права и допустимое состояние.	P1	Основной	https://opendev.org/openstack/python-mistralclient/src/tag/5.4.0/setup.cfg#L71	https://github.com/openstack/mistral-dashboard/blob/20.0.0/mistraldashboard/executions/tables.py#L1
mistral	python-mistralclient	5.4.0	openstack.workflow_engine.v2	openstack workflow execution list	Список: исполнение workflow	yes	Основная операция/результат представлены; нужны сервис, права и допустимое состояние.	P1	Основной	https://opendev.org/openstack/python-mistralclient/src/tag/5.4.0/setup.cfg#L69	https://github.com/openstack/mistral-dashboard/blob/20.0.0/mistraldashboard/executions/tables.py#L1
mistral	python-mistralclient	5.4.0	openstack.workflow_engine.v2	openstack workflow execution output show	Просмотр: выходные данные workflow	yes	Основная операция/результат представлены; нужны сервис, права и допустимое состояние.	P1	Основной	https://opendev.org/openstack/python-mistralclient/src/tag/5.4.0/setup.cfg#L72	https://github.com/openstack/mistral-dashboard/blob/20.0.0/mistraldashboard/executions/tables.py#L1
mistral	python-mistralclient	5.4.0	openstack.workflow_engine.v2	openstack workflow execution published show	Просмотр: опубликованные переменные workflow	no	Соответствующее самостоятельное действие/представление отсутствует.	P1	Основной	https://opendev.org/openstack/python-mistralclient/src/tag/5.4.0/setup.cfg#L74	https://github.com/openstack/mistral-dashboard/blob/20.0.0/mistraldashboard/executions/tables.py#L1
mistral	python-mistralclient	5.4.0	openstack.workflow_engine.v2	openstack workflow execution report show	Просмотр: отчёт исполнения workflow	no	Соответствующее самостоятельное действие/представление отсутствует.	P1	Основной	https://opendev.org/openstack/python-mistralclient/src/tag/5.4.0/setup.cfg#L73	https://github.com/openstack/mistral-dashboard/blob/20.0.0/mistraldashboard/executions/tables.py#L1
mistral	python-mistralclient	5.4.0	openstack.workflow_engine.v2	openstack workflow execution show	Просмотр: исполнение workflow	yes	Основная операция/результат представлены; нужны сервис, права и допустимое состояние.	P1	Основной	https://opendev.org/openstack/python-mistralclient/src/tag/5.4.0/setup.cfg#L70	https://github.com/openstack/mistral-dashboard/blob/20.0.0/mistraldashboard/executions/tables.py#L1
mistral	python-mistralclient	5.4.0	openstack.workflow_engine.v2	openstack workflow execution update	Изменение: исполнение workflow	partial	UI Pause/Resume/Description и Cancel->ERROR; env-update и произвольный допустимый state отсутствуют.	P1	Основной	https://opendev.org/openstack/python-mistralclient/src/tag/5.4.0/setup.cfg#L68	https://github.com/openstack/mistral-dashboard/blob/20.0.0/mistraldashboard/executions/tables.py#L1
mistral	python-mistralclient	5.4.0	openstack.workflow_engine.v2	openstack workflow list	Список: workflow Mistral	yes	Основная операция/результат представлены; нужны сервис, права и допустимое состояние.	P1	Основной	https://opendev.org/openstack/python-mistralclient/src/tag/5.4.0/setup.cfg#L44	https://github.com/openstack/mistral-dashboard/blob/20.0.0/mistraldashboard/workflows/tables.py#L1
mistral	python-mistralclient	5.4.0	openstack.workflow_engine.v2	openstack workflow show	Просмотр: workflow Mistral	yes	Основная операция/результат представлены; нужны сервис, права и допустимое состояние.	P1	Основной	https://opendev.org/openstack/python-mistralclient/src/tag/5.4.0/setup.cfg#L45	https://github.com/openstack/mistral-dashboard/blob/20.0.0/mistraldashboard/workflows/tables.py#L1
mistral	python-mistralclient	5.4.0	openstack.workflow_engine.v2	openstack workflow update	Изменение: workflow Mistral	yes	Основная операция/результат представлены; нужны сервис, права и допустимое состояние.	P1	Основной	https://opendev.org/openstack/python-mistralclient/src/tag/5.4.0/setup.cfg#L48	https://github.com/openstack/mistral-dashboard/blob/20.0.0/mistraldashboard/workflows/tables.py#L1
mistral	python-mistralclient	5.4.0	openstack.workflow_engine.v2	openstack workflow validate	Проверка: workflow Mistral	partial	Серверная validation вызывается внутри формы загрузки определения; отдельного самостоятельного Validate действия нет.	P1	Основной	https://opendev.org/openstack/python-mistralclient/src/tag/5.4.0/setup.cfg#L50	https://github.com/openstack/mistral-dashboard/blob/20.0.0/mistraldashboard/workflows/forms.py#L1
watcher	python-watcherclient	4.8.0	openstack.infra_optim.v1	openstack optimize action list	Список: действия Watcher	yes	Основная операция/результат представлены; нужны сервис, права и допустимое состояние.	W1	Основной	https://github.com/openstack/python-watcherclient/blob/4.8.0/setup.cfg#L63	https://github.com/openstack/watcher-dashboard/blob/13.0.0/watcher_dashboard/content/actions/tables.py#L1
watcher	python-watcherclient	4.8.0	openstack.infra_optim.v1	openstack optimize action show	Просмотр: действия Watcher	yes	Основная операция/результат представлены; нужны сервис, права и допустимое состояние.	W1	Основной	https://github.com/openstack/python-watcherclient/blob/4.8.0/setup.cfg#L62	https://github.com/openstack/watcher-dashboard/blob/13.0.0/watcher_dashboard/content/actions/tables.py#L1
watcher	python-watcherclient	4.8.0	openstack.infra_optim.v1	openstack optimize actionplan cancel	Отмена: план действий Watcher	no	Соответствующее пользовательское действие не зарегистрировано; ActionPlan Cancel закомментирован.	W1	Основной	https://github.com/openstack/python-watcherclient/blob/4.8.0/setup.cfg#L60	https://github.com/openstack/watcher-dashboard/blob/13.0.0/watcher_dashboard/content/action_plans/tables.py#L1
watcher	python-watcherclient	4.8.0	openstack.infra_optim.v1	openstack optimize actionplan delete	Удаление: план действий Watcher	yes	Основная операция/результат представлены; нужны сервис, права и допустимое состояние.	W1	Основной	https://github.com/openstack/python-watcherclient/blob/4.8.0/setup.cfg#L56	https://github.com/openstack/watcher-dashboard/blob/13.0.0/watcher_dashboard/content/action_plans/tables.py#L1
watcher	python-watcherclient	4.8.0	openstack.infra_optim.v1	openstack optimize actionplan list	Список: план действий Watcher	yes	Основная операция/результат представлены; нужны сервис, права и допустимое состояние.	W1	Основной	https://github.com/openstack/python-watcherclient/blob/4.8.0/setup.cfg#L57	https://github.com/openstack/watcher-dashboard/blob/13.0.0/watcher_dashboard/content/action_plans/tables.py#L1
watcher	python-watcherclient	4.8.0	openstack.infra_optim.v1	openstack optimize actionplan show	Просмотр: план действий Watcher	yes	Основная операция/результат представлены; нужны сервис, права и допустимое состояние.	W1	Основной	https://github.com/openstack/python-watcherclient/blob/4.8.0/setup.cfg#L55	https://github.com/openstack/watcher-dashboard/blob/13.0.0/watcher_dashboard/content/action_plans/tables.py#L1
watcher	python-watcherclient	4.8.0	openstack.infra_optim.v1	openstack optimize actionplan start	Запуск: план действий Watcher	yes	Основная операция/результат представлены; нужны сервис, права и допустимое состояние.	W1	Основной	https://github.com/openstack/python-watcherclient/blob/4.8.0/setup.cfg#L59	https://github.com/openstack/watcher-dashboard/blob/13.0.0/watcher_dashboard/content/action_plans/tables.py#L1
watcher	python-watcherclient	4.8.0	openstack.infra_optim.v1	openstack optimize actionplan update	Изменение: план действий Watcher	no	Соответствующее пользовательское действие не зарегистрировано; ActionPlan Cancel закомментирован.	W1	Основной	https://github.com/openstack/python-watcherclient/blob/4.8.0/setup.cfg#L58	https://github.com/openstack/watcher-dashboard/blob/13.0.0/watcher_dashboard/content/action_plans/tables.py#L1
watcher	python-watcherclient	4.8.0	openstack.infra_optim.v1	openstack optimize audit create	Создание: audit Watcher	partial	Create из template, ONESHOT/CONTINUOUS/interval/auto-trigger; без EVENT, goal/strategy напрямую, parameters, force, start/end.	W1	Основной	https://github.com/openstack/python-watcherclient/blob/4.8.0/setup.cfg#L51	https://github.com/openstack/watcher-dashboard/blob/13.0.0/watcher_dashboard/content/audits/tables.py#L1
watcher	python-watcherclient	4.8.0	openstack.infra_optim.v1	openstack optimize audit delete	Удаление: audit Watcher	yes	Основная операция/результат представлены; нужны сервис, права и допустимое состояние.	W1	Основной	https://github.com/openstack/python-watcherclient/blob/4.8.0/setup.cfg#L53	https://github.com/openstack/watcher-dashboard/blob/13.0.0/watcher_dashboard/content/audits/tables.py#L1
watcher	python-watcherclient	4.8.0	openstack.infra_optim.v1	openstack optimize audit list	Список: audit Watcher	yes	Основная операция/результат представлены; нужны сервис, права и допустимое состояние.	W1	Основной	https://github.com/openstack/python-watcherclient/blob/4.8.0/setup.cfg#L50	https://github.com/openstack/watcher-dashboard/blob/13.0.0/watcher_dashboard/content/audits/tables.py#L1
watcher	python-watcherclient	4.8.0	openstack.infra_optim.v1	openstack optimize audit show	Просмотр: audit Watcher	yes	Основная операция/результат представлены; нужны сервис, права и допустимое состояние.	W1	Основной	https://github.com/openstack/python-watcherclient/blob/4.8.0/setup.cfg#L49	https://github.com/openstack/watcher-dashboard/blob/13.0.0/watcher_dashboard/content/audits/tables.py#L1
watcher	python-watcherclient	4.8.0	openstack.infra_optim.v1	openstack optimize audit update	Изменение: audit Watcher	partial	Есть только Cancel Audit через PATCH state=CANCELLED; общего update нет.	W1	Основной	https://github.com/openstack/python-watcherclient/blob/4.8.0/setup.cfg#L52	https://github.com/openstack/watcher-dashboard/blob/13.0.0/watcher_dashboard/content/audits/tables.py#L1
watcher	python-watcherclient	4.8.0	openstack.infra_optim.v1	openstack optimize audittemplate create	Создание: шаблон audit	yes	Основная операция/результат представлены; нужны сервис, права и допустимое состояние.	W1	Основной	https://github.com/openstack/python-watcherclient/blob/4.8.0/setup.cfg#L45	https://github.com/openstack/watcher-dashboard/blob/13.0.0/watcher_dashboard/content/audit_templates/tables.py#L1
watcher	python-watcherclient	4.8.0	openstack.infra_optim.v1	openstack optimize audittemplate delete	Удаление: шаблон audit	yes	Основная операция/результат представлены; нужны сервис, права и допустимое состояние.	W1	Основной	https://github.com/openstack/python-watcherclient/blob/4.8.0/setup.cfg#L47	https://github.com/openstack/watcher-dashboard/blob/13.0.0/watcher_dashboard/content/audit_templates/tables.py#L1
watcher	python-watcherclient	4.8.0	openstack.infra_optim.v1	openstack optimize audittemplate list	Список: шаблон audit	yes	Основная операция/результат представлены; нужны сервис, права и допустимое состояние.	W1	Основной	https://github.com/openstack/python-watcherclient/blob/4.8.0/setup.cfg#L44	https://github.com/openstack/watcher-dashboard/blob/13.0.0/watcher_dashboard/content/audit_templates/tables.py#L1
watcher	python-watcherclient	4.8.0	openstack.infra_optim.v1	openstack optimize audittemplate show	Просмотр: шаблон audit	yes	Основная операция/результат представлены; нужны сервис, права и допустимое состояние.	W1	Основной	https://github.com/openstack/python-watcherclient/blob/4.8.0/setup.cfg#L43	https://github.com/openstack/watcher-dashboard/blob/13.0.0/watcher_dashboard/content/audit_templates/tables.py#L1
watcher	python-watcherclient	4.8.0	openstack.infra_optim.v1	openstack optimize audittemplate update	Изменение: шаблон audit	no	Соответствующее пользовательское действие не зарегистрировано; ActionPlan Cancel закомментирован.	W1	Основной	https://github.com/openstack/python-watcherclient/blob/4.8.0/setup.cfg#L46	https://github.com/openstack/watcher-dashboard/blob/13.0.0/watcher_dashboard/content/audit_templates/tables.py#L1
watcher	python-watcherclient	4.8.0	openstack.infra_optim.v1	openstack optimize datamodel list	Список: модель инфраструктуры Watcher	no	Нет панели scoring engines, services или data model.	W1	Основной	https://github.com/openstack/python-watcherclient/blob/4.8.0/setup.cfg#L71	https://github.com/openstack/watcher-dashboard/blob/13.0.0/watcher_dashboard/local/enabled/_31020_watcher_panelgroup.py#L1
watcher	python-watcherclient	4.8.0	openstack.infra_optim.v1	openstack optimize goal list	Список: цели оптимизации	yes	Основная операция/результат представлены; нужны сервис, права и допустимое состояние.	W1	Основной	https://github.com/openstack/python-watcherclient/blob/4.8.0/setup.cfg#L37	https://github.com/openstack/watcher-dashboard/blob/13.0.0/watcher_dashboard/content/goals/tables.py#L1
watcher	python-watcherclient	4.8.0	openstack.infra_optim.v1	openstack optimize goal show	Просмотр: цели оптимизации	yes	Основная операция/результат представлены; нужны сервис, права и допустимое состояние.	W1	Основной	https://github.com/openstack/python-watcherclient/blob/4.8.0/setup.cfg#L36	https://github.com/openstack/watcher-dashboard/blob/13.0.0/watcher_dashboard/content/goals/tables.py#L1
watcher	python-watcherclient	4.8.0	openstack.infra_optim.v1	openstack optimize scoringengine list	Список: механизмы оценки	no	Нет панели scoring engines, services или data model.	W1	Основной	https://github.com/openstack/python-watcherclient/blob/4.8.0/setup.cfg#L66	https://github.com/openstack/watcher-dashboard/blob/13.0.0/watcher_dashboard/local/enabled/_31020_watcher_panelgroup.py#L1
watcher	python-watcherclient	4.8.0	openstack.infra_optim.v1	openstack optimize scoringengine show	Просмотр: механизмы оценки	no	Нет панели scoring engines, services или data model.	W1	Основной	https://github.com/openstack/python-watcherclient/blob/4.8.0/setup.cfg#L65	https://github.com/openstack/watcher-dashboard/blob/13.0.0/watcher_dashboard/local/enabled/_31020_watcher_panelgroup.py#L1
watcher	python-watcherclient	4.8.0	openstack.infra_optim.v1	openstack optimize service list	Список: сервисы Watcher	no	Нет панели scoring engines, services или data model.	W1	Основной	https://github.com/openstack/python-watcherclient/blob/4.8.0/setup.cfg#L69	https://github.com/openstack/watcher-dashboard/blob/13.0.0/watcher_dashboard/local/enabled/_31020_watcher_panelgroup.py#L1
watcher	python-watcherclient	4.8.0	openstack.infra_optim.v1	openstack optimize service show	Просмотр: сервисы Watcher	no	Нет панели scoring engines, services или data model.	W1	Основной	https://github.com/openstack/python-watcherclient/blob/4.8.0/setup.cfg#L68	https://github.com/openstack/watcher-dashboard/blob/13.0.0/watcher_dashboard/local/enabled/_31020_watcher_panelgroup.py#L1
watcher	python-watcherclient	4.8.0	openstack.infra_optim.v1	openstack optimize strategy list	Список: стратегии оптимизации	yes	Основная операция/результат представлены; нужны сервис, права и допустимое состояние.	W1	Основной	https://github.com/openstack/python-watcherclient/blob/4.8.0/setup.cfg#L40	https://github.com/openstack/watcher-dashboard/blob/13.0.0/watcher_dashboard/content/strategies/tables.py#L1
watcher	python-watcherclient	4.8.0	openstack.infra_optim.v1	openstack optimize strategy show	Просмотр: стратегии оптимизации	partial	Детали strategy есть, parameters_spec не выводится.	W1	Основной	https://github.com/openstack/python-watcherclient/blob/4.8.0/setup.cfg#L39	https://github.com/openstack/watcher-dashboard/blob/13.0.0/watcher_dashboard/content/strategies/tables.py#L1
watcher	python-watcherclient	4.8.0	openstack.infra_optim.v1	openstack optimize strategy state	Просмотр состояния: стратегии оптимизации	no	Соответствующее пользовательское действие не зарегистрировано; ActionPlan Cancel закомментирован.	W1	Основной	https://github.com/openstack/python-watcherclient/blob/4.8.0/setup.cfg#L41	https://github.com/openstack/watcher-dashboard/blob/13.0.0/watcher_dashboard/content/strategies/tables.py#L1
identity	python-openstackclient	7.4.0	openstack.identity.v2	openstack catalog list	Регистрация старой версии API	legacy	Отдельное сравнение с современным Horizon не назначается; см. основную версию API.	—	Legacy	https://github.com/openstack/python-openstackclient/blob/7.4.0/setup.cfg	Не применимо к legacy API
identity	python-openstackclient	7.4.0	openstack.identity.v2	openstack catalog show	Регистрация старой версии API	legacy	Отдельное сравнение с современным Horizon не назначается; см. основную версию API.	—	Legacy	https://github.com/openstack/python-openstackclient/blob/7.4.0/setup.cfg	Не применимо к legacy API
identity	python-openstackclient	7.4.0	openstack.identity.v2	openstack ec2 credentials create	Регистрация старой версии API	legacy	Отдельное сравнение с современным Horizon не назначается; см. основную версию API.	—	Legacy	https://github.com/openstack/python-openstackclient/blob/7.4.0/setup.cfg	Не применимо к legacy API
identity	python-openstackclient	7.4.0	openstack.identity.v2	openstack ec2 credentials delete	Регистрация старой версии API	legacy	Отдельное сравнение с современным Horizon не назначается; см. основную версию API.	—	Legacy	https://github.com/openstack/python-openstackclient/blob/7.4.0/setup.cfg	Не применимо к legacy API
identity	python-openstackclient	7.4.0	openstack.identity.v2	openstack ec2 credentials list	Регистрация старой версии API	legacy	Отдельное сравнение с современным Horizon не назначается; см. основную версию API.	—	Legacy	https://github.com/openstack/python-openstackclient/blob/7.4.0/setup.cfg	Не применимо к legacy API
identity	python-openstackclient	7.4.0	openstack.identity.v2	openstack ec2 credentials show	Регистрация старой версии API	legacy	Отдельное сравнение с современным Horizon не назначается; см. основную версию API.	—	Legacy	https://github.com/openstack/python-openstackclient/blob/7.4.0/setup.cfg	Не применимо к legacy API
identity	python-openstackclient	7.4.0	openstack.identity.v2	openstack endpoint create	Регистрация старой версии API	legacy	Отдельное сравнение с современным Horizon не назначается; см. основную версию API.	—	Legacy	https://github.com/openstack/python-openstackclient/blob/7.4.0/setup.cfg	Не применимо к legacy API
identity	python-openstackclient	7.4.0	openstack.identity.v2	openstack endpoint delete	Регистрация старой версии API	legacy	Отдельное сравнение с современным Horizon не назначается; см. основную версию API.	—	Legacy	https://github.com/openstack/python-openstackclient/blob/7.4.0/setup.cfg	Не применимо к legacy API
identity	python-openstackclient	7.4.0	openstack.identity.v2	openstack endpoint list	Регистрация старой версии API	legacy	Отдельное сравнение с современным Horizon не назначается; см. основную версию API.	—	Legacy	https://github.com/openstack/python-openstackclient/blob/7.4.0/setup.cfg	Не применимо к legacy API
identity	python-openstackclient	7.4.0	openstack.identity.v2	openstack endpoint show	Регистрация старой версии API	legacy	Отдельное сравнение с современным Horizon не назначается; см. основную версию API.	—	Legacy	https://github.com/openstack/python-openstackclient/blob/7.4.0/setup.cfg	Не применимо к legacy API
identity	python-openstackclient	7.4.0	openstack.identity.v2	openstack project create	Регистрация старой версии API	legacy	Отдельное сравнение с современным Horizon не назначается; см. основную версию API.	—	Legacy	https://github.com/openstack/python-openstackclient/blob/7.4.0/setup.cfg	Не применимо к legacy API
identity	python-openstackclient	7.4.0	openstack.identity.v2	openstack project delete	Регистрация старой версии API	legacy	Отдельное сравнение с современным Horizon не назначается; см. основную версию API.	—	Legacy	https://github.com/openstack/python-openstackclient/blob/7.4.0/setup.cfg	Не применимо к legacy API
identity	python-openstackclient	7.4.0	openstack.identity.v2	openstack project list	Регистрация старой версии API	legacy	Отдельное сравнение с современным Horizon не назначается; см. основную версию API.	—	Legacy	https://github.com/openstack/python-openstackclient/blob/7.4.0/setup.cfg	Не применимо к legacy API
identity	python-openstackclient	7.4.0	openstack.identity.v2	openstack project set	Регистрация старой версии API	legacy	Отдельное сравнение с современным Horizon не назначается; см. основную версию API.	—	Legacy	https://github.com/openstack/python-openstackclient/blob/7.4.0/setup.cfg	Не применимо к legacy API
identity	python-openstackclient	7.4.0	openstack.identity.v2	openstack project show	Регистрация старой версии API	legacy	Отдельное сравнение с современным Horizon не назначается; см. основную версию API.	—	Legacy	https://github.com/openstack/python-openstackclient/blob/7.4.0/setup.cfg	Не применимо к legacy API
identity	python-openstackclient	7.4.0	openstack.identity.v2	openstack project unset	Регистрация старой версии API	legacy	Отдельное сравнение с современным Horizon не назначается; см. основную версию API.	—	Legacy	https://github.com/openstack/python-openstackclient/blob/7.4.0/setup.cfg	Не применимо к legacy API
identity	python-openstackclient	7.4.0	openstack.identity.v2	openstack role add	Регистрация старой версии API	legacy	Отдельное сравнение с современным Horizon не назначается; см. основную версию API.	—	Legacy	https://github.com/openstack/python-openstackclient/blob/7.4.0/setup.cfg	Не применимо к legacy API
identity	python-openstackclient	7.4.0	openstack.identity.v2	openstack role assignment list	Регистрация старой версии API	legacy	Отдельное сравнение с современным Horizon не назначается; см. основную версию API.	—	Legacy	https://github.com/openstack/python-openstackclient/blob/7.4.0/setup.cfg	Не применимо к legacy API
identity	python-openstackclient	7.4.0	openstack.identity.v2	openstack role create	Регистрация старой версии API	legacy	Отдельное сравнение с современным Horizon не назначается; см. основную версию API.	—	Legacy	https://github.com/openstack/python-openstackclient/blob/7.4.0/setup.cfg	Не применимо к legacy API
identity	python-openstackclient	7.4.0	openstack.identity.v2	openstack role delete	Регистрация старой версии API	legacy	Отдельное сравнение с современным Horizon не назначается; см. основную версию API.	—	Legacy	https://github.com/openstack/python-openstackclient/blob/7.4.0/setup.cfg	Не применимо к legacy API
identity	python-openstackclient	7.4.0	openstack.identity.v2	openstack role list	Регистрация старой версии API	legacy	Отдельное сравнение с современным Horizon не назначается; см. основную версию API.	—	Legacy	https://github.com/openstack/python-openstackclient/blob/7.4.0/setup.cfg	Не применимо к legacy API
identity	python-openstackclient	7.4.0	openstack.identity.v2	openstack role remove	Регистрация старой версии API	legacy	Отдельное сравнение с современным Horizon не назначается; см. основную версию API.	—	Legacy	https://github.com/openstack/python-openstackclient/blob/7.4.0/setup.cfg	Не применимо к legacy API
identity	python-openstackclient	7.4.0	openstack.identity.v2	openstack role show	Регистрация старой версии API	legacy	Отдельное сравнение с современным Horizon не назначается; см. основную версию API.	—	Legacy	https://github.com/openstack/python-openstackclient/blob/7.4.0/setup.cfg	Не применимо к legacy API
identity	python-openstackclient	7.4.0	openstack.identity.v2	openstack service create	Регистрация старой версии API	legacy	Отдельное сравнение с современным Horizon не назначается; см. основную версию API.	—	Legacy	https://github.com/openstack/python-openstackclient/blob/7.4.0/setup.cfg	Не применимо к legacy API
identity	python-openstackclient	7.4.0	openstack.identity.v2	openstack service delete	Регистрация старой версии API	legacy	Отдельное сравнение с современным Horizon не назначается; см. основную версию API.	—	Legacy	https://github.com/openstack/python-openstackclient/blob/7.4.0/setup.cfg	Не применимо к legacy API
identity	python-openstackclient	7.4.0	openstack.identity.v2	openstack service list	Регистрация старой версии API	legacy	Отдельное сравнение с современным Horizon не назначается; см. основную версию API.	—	Legacy	https://github.com/openstack/python-openstackclient/blob/7.4.0/setup.cfg	Не применимо к legacy API
identity	python-openstackclient	7.4.0	openstack.identity.v2	openstack service show	Регистрация старой версии API	legacy	Отдельное сравнение с современным Horizon не назначается; см. основную версию API.	—	Legacy	https://github.com/openstack/python-openstackclient/blob/7.4.0/setup.cfg	Не применимо к legacy API
identity	python-openstackclient	7.4.0	openstack.identity.v2	openstack token issue	Регистрация старой версии API	legacy	Отдельное сравнение с современным Horizon не назначается; см. основную версию API.	—	Legacy	https://github.com/openstack/python-openstackclient/blob/7.4.0/setup.cfg	Не применимо к legacy API
identity	python-openstackclient	7.4.0	openstack.identity.v2	openstack token revoke	Регистрация старой версии API	legacy	Отдельное сравнение с современным Horizon не назначается; см. основную версию API.	—	Legacy	https://github.com/openstack/python-openstackclient/blob/7.4.0/setup.cfg	Не применимо к legacy API
identity	python-openstackclient	7.4.0	openstack.identity.v2	openstack user create	Регистрация старой версии API	legacy	Отдельное сравнение с современным Horizon не назначается; см. основную версию API.	—	Legacy	https://github.com/openstack/python-openstackclient/blob/7.4.0/setup.cfg	Не применимо к legacy API
identity	python-openstackclient	7.4.0	openstack.identity.v2	openstack user delete	Регистрация старой версии API	legacy	Отдельное сравнение с современным Horizon не назначается; см. основную версию API.	—	Legacy	https://github.com/openstack/python-openstackclient/blob/7.4.0/setup.cfg	Не применимо к legacy API
identity	python-openstackclient	7.4.0	openstack.identity.v2	openstack user list	Регистрация старой версии API	legacy	Отдельное сравнение с современным Horizon не назначается; см. основную версию API.	—	Legacy	https://github.com/openstack/python-openstackclient/blob/7.4.0/setup.cfg	Не применимо к legacy API
identity	python-openstackclient	7.4.0	openstack.identity.v2	openstack user set	Регистрация старой версии API	legacy	Отдельное сравнение с современным Horizon не назначается; см. основную версию API.	—	Legacy	https://github.com/openstack/python-openstackclient/blob/7.4.0/setup.cfg	Не применимо к legacy API
identity	python-openstackclient	7.4.0	openstack.identity.v2	openstack user show	Регистрация старой версии API	legacy	Отдельное сравнение с современным Horizon не назначается; см. основную версию API.	—	Legacy	https://github.com/openstack/python-openstackclient/blob/7.4.0/setup.cfg	Не применимо к legacy API
image	python-openstackclient	7.4.0	openstack.image.v1	openstack image create	Регистрация старой версии API	legacy	Отдельное сравнение с современным Horizon не назначается; см. основную версию API.	—	Legacy	https://github.com/openstack/python-openstackclient/blob/7.4.0/setup.cfg	Не применимо к legacy API
image	python-openstackclient	7.4.0	openstack.image.v1	openstack image delete	Регистрация старой версии API	legacy	Отдельное сравнение с современным Horizon не назначается; см. основную версию API.	—	Legacy	https://github.com/openstack/python-openstackclient/blob/7.4.0/setup.cfg	Не применимо к legacy API
image	python-openstackclient	7.4.0	openstack.image.v1	openstack image list	Регистрация старой версии API	legacy	Отдельное сравнение с современным Horizon не назначается; см. основную версию API.	—	Legacy	https://github.com/openstack/python-openstackclient/blob/7.4.0/setup.cfg	Не применимо к legacy API
image	python-openstackclient	7.4.0	openstack.image.v1	openstack image save	Регистрация старой версии API	legacy	Отдельное сравнение с современным Horizon не назначается; см. основную версию API.	—	Legacy	https://github.com/openstack/python-openstackclient/blob/7.4.0/setup.cfg	Не применимо к legacy API
image	python-openstackclient	7.4.0	openstack.image.v1	openstack image set	Регистрация старой версии API	legacy	Отдельное сравнение с современным Horizon не назначается; см. основную версию API.	—	Legacy	https://github.com/openstack/python-openstackclient/blob/7.4.0/setup.cfg	Не применимо к legacy API
image	python-openstackclient	7.4.0	openstack.image.v1	openstack image show	Регистрация старой версии API	legacy	Отдельное сравнение с современным Horizon не назначается; см. основную версию API.	—	Legacy	https://github.com/openstack/python-openstackclient/blob/7.4.0/setup.cfg	Не применимо к legacy API
volume	python-openstackclient	7.4.0	openstack.volume.v1	openstack volume backup create	Регистрация старой версии API	legacy	Отдельное сравнение с современным Horizon не назначается; см. основную версию API.	—	Legacy	https://github.com/openstack/python-openstackclient/blob/7.4.0/setup.cfg	Не применимо к legacy API
volume	python-openstackclient	7.4.0	openstack.volume.v1	openstack volume backup delete	Регистрация старой версии API	legacy	Отдельное сравнение с современным Horizon не назначается; см. основную версию API.	—	Legacy	https://github.com/openstack/python-openstackclient/blob/7.4.0/setup.cfg	Не применимо к legacy API
volume	python-openstackclient	7.4.0	openstack.volume.v1	openstack volume backup list	Регистрация старой версии API	legacy	Отдельное сравнение с современным Horizon не назначается; см. основную версию API.	—	Legacy	https://github.com/openstack/python-openstackclient/blob/7.4.0/setup.cfg	Не применимо к legacy API
volume	python-openstackclient	7.4.0	openstack.volume.v1	openstack volume backup restore	Регистрация старой версии API	legacy	Отдельное сравнение с современным Horizon не назначается; см. основную версию API.	—	Legacy	https://github.com/openstack/python-openstackclient/blob/7.4.0/setup.cfg	Не применимо к legacy API
volume	python-openstackclient	7.4.0	openstack.volume.v1	openstack volume backup show	Регистрация старой версии API	legacy	Отдельное сравнение с современным Horizon не назначается; см. основную версию API.	—	Legacy	https://github.com/openstack/python-openstackclient/blob/7.4.0/setup.cfg	Не применимо к legacy API
volume	python-openstackclient	7.4.0	openstack.volume.v1	openstack volume create	Регистрация старой версии API	legacy	Отдельное сравнение с современным Horizon не назначается; см. основную версию API.	—	Legacy	https://github.com/openstack/python-openstackclient/blob/7.4.0/setup.cfg	Не применимо к legacy API
volume	python-openstackclient	7.4.0	openstack.volume.v1	openstack volume delete	Регистрация старой версии API	legacy	Отдельное сравнение с современным Horizon не назначается; см. основную версию API.	—	Legacy	https://github.com/openstack/python-openstackclient/blob/7.4.0/setup.cfg	Не применимо к legacy API
volume	python-openstackclient	7.4.0	openstack.volume.v1	openstack volume list	Регистрация старой версии API	legacy	Отдельное сравнение с современным Horizon не назначается; см. основную версию API.	—	Legacy	https://github.com/openstack/python-openstackclient/blob/7.4.0/setup.cfg	Не применимо к legacy API
volume	python-openstackclient	7.4.0	openstack.volume.v1	openstack volume migrate	Регистрация старой версии API	legacy	Отдельное сравнение с современным Horizon не назначается; см. основную версию API.	—	Legacy	https://github.com/openstack/python-openstackclient/blob/7.4.0/setup.cfg	Не применимо к legacy API
volume	python-openstackclient	7.4.0	openstack.volume.v1	openstack volume qos associate	Регистрация старой версии API	legacy	Отдельное сравнение с современным Horizon не назначается; см. основную версию API.	—	Legacy	https://github.com/openstack/python-openstackclient/blob/7.4.0/setup.cfg	Не применимо к legacy API
volume	python-openstackclient	7.4.0	openstack.volume.v1	openstack volume qos create	Регистрация старой версии API	legacy	Отдельное сравнение с современным Horizon не назначается; см. основную версию API.	—	Legacy	https://github.com/openstack/python-openstackclient/blob/7.4.0/setup.cfg	Не применимо к legacy API
volume	python-openstackclient	7.4.0	openstack.volume.v1	openstack volume qos delete	Регистрация старой версии API	legacy	Отдельное сравнение с современным Horizon не назначается; см. основную версию API.	—	Legacy	https://github.com/openstack/python-openstackclient/blob/7.4.0/setup.cfg	Не применимо к legacy API
volume	python-openstackclient	7.4.0	openstack.volume.v1	openstack volume qos disassociate	Регистрация старой версии API	legacy	Отдельное сравнение с современным Horizon не назначается; см. основную версию API.	—	Legacy	https://github.com/openstack/python-openstackclient/blob/7.4.0/setup.cfg	Не применимо к legacy API
volume	python-openstackclient	7.4.0	openstack.volume.v1	openstack volume qos list	Регистрация старой версии API	legacy	Отдельное сравнение с современным Horizon не назначается; см. основную версию API.	—	Legacy	https://github.com/openstack/python-openstackclient/blob/7.4.0/setup.cfg	Не применимо к legacy API
volume	python-openstackclient	7.4.0	openstack.volume.v1	openstack volume qos set	Регистрация старой версии API	legacy	Отдельное сравнение с современным Horizon не назначается; см. основную версию API.	—	Legacy	https://github.com/openstack/python-openstackclient/blob/7.4.0/setup.cfg	Не применимо к legacy API
volume	python-openstackclient	7.4.0	openstack.volume.v1	openstack volume qos show	Регистрация старой версии API	legacy	Отдельное сравнение с современным Horizon не назначается; см. основную версию API.	—	Legacy	https://github.com/openstack/python-openstackclient/blob/7.4.0/setup.cfg	Не применимо к legacy API
volume	python-openstackclient	7.4.0	openstack.volume.v1	openstack volume qos unset	Регистрация старой версии API	legacy	Отдельное сравнение с современным Horizon не назначается; см. основную версию API.	—	Legacy	https://github.com/openstack/python-openstackclient/blob/7.4.0/setup.cfg	Не применимо к legacy API
volume	python-openstackclient	7.4.0	openstack.volume.v1	openstack volume service list	Регистрация старой версии API	legacy	Отдельное сравнение с современным Horizon не назначается; см. основную версию API.	—	Legacy	https://github.com/openstack/python-openstackclient/blob/7.4.0/setup.cfg	Не применимо к legacy API
volume	python-openstackclient	7.4.0	openstack.volume.v1	openstack volume service set	Регистрация старой версии API	legacy	Отдельное сравнение с современным Horizon не назначается; см. основную версию API.	—	Legacy	https://github.com/openstack/python-openstackclient/blob/7.4.0/setup.cfg	Не применимо к legacy API
volume	python-openstackclient	7.4.0	openstack.volume.v1	openstack volume set	Регистрация старой версии API	legacy	Отдельное сравнение с современным Horizon не назначается; см. основную версию API.	—	Legacy	https://github.com/openstack/python-openstackclient/blob/7.4.0/setup.cfg	Не применимо к legacy API
volume	python-openstackclient	7.4.0	openstack.volume.v1	openstack volume show	Регистрация старой версии API	legacy	Отдельное сравнение с современным Horizon не назначается; см. основную версию API.	—	Legacy	https://github.com/openstack/python-openstackclient/blob/7.4.0/setup.cfg	Не применимо к legacy API
volume	python-openstackclient	7.4.0	openstack.volume.v1	openstack volume snapshot create	Регистрация старой версии API	legacy	Отдельное сравнение с современным Horizon не назначается; см. основную версию API.	—	Legacy	https://github.com/openstack/python-openstackclient/blob/7.4.0/setup.cfg	Не применимо к legacy API
volume	python-openstackclient	7.4.0	openstack.volume.v1	openstack volume snapshot delete	Регистрация старой версии API	legacy	Отдельное сравнение с современным Horizon не назначается; см. основную версию API.	—	Legacy	https://github.com/openstack/python-openstackclient/blob/7.4.0/setup.cfg	Не применимо к legacy API
volume	python-openstackclient	7.4.0	openstack.volume.v1	openstack volume snapshot list	Регистрация старой версии API	legacy	Отдельное сравнение с современным Horizon не назначается; см. основную версию API.	—	Legacy	https://github.com/openstack/python-openstackclient/blob/7.4.0/setup.cfg	Не применимо к legacy API
volume	python-openstackclient	7.4.0	openstack.volume.v1	openstack volume snapshot set	Регистрация старой версии API	legacy	Отдельное сравнение с современным Horizon не назначается; см. основную версию API.	—	Legacy	https://github.com/openstack/python-openstackclient/blob/7.4.0/setup.cfg	Не применимо к legacy API
volume	python-openstackclient	7.4.0	openstack.volume.v1	openstack volume snapshot show	Регистрация старой версии API	legacy	Отдельное сравнение с современным Horizon не назначается; см. основную версию API.	—	Legacy	https://github.com/openstack/python-openstackclient/blob/7.4.0/setup.cfg	Не применимо к legacy API
volume	python-openstackclient	7.4.0	openstack.volume.v1	openstack volume snapshot unset	Регистрация старой версии API	legacy	Отдельное сравнение с современным Horizon не назначается; см. основную версию API.	—	Legacy	https://github.com/openstack/python-openstackclient/blob/7.4.0/setup.cfg	Не применимо к legacy API
volume	python-openstackclient	7.4.0	openstack.volume.v1	openstack volume transfer request accept	Регистрация старой версии API	legacy	Отдельное сравнение с современным Horizon не назначается; см. основную версию API.	—	Legacy	https://github.com/openstack/python-openstackclient/blob/7.4.0/setup.cfg	Не применимо к legacy API
volume	python-openstackclient	7.4.0	openstack.volume.v1	openstack volume transfer request create	Регистрация старой версии API	legacy	Отдельное сравнение с современным Horizon не назначается; см. основную версию API.	—	Legacy	https://github.com/openstack/python-openstackclient/blob/7.4.0/setup.cfg	Не применимо к legacy API
volume	python-openstackclient	7.4.0	openstack.volume.v1	openstack volume transfer request delete	Регистрация старой версии API	legacy	Отдельное сравнение с современным Horizon не назначается; см. основную версию API.	—	Legacy	https://github.com/openstack/python-openstackclient/blob/7.4.0/setup.cfg	Не применимо к legacy API
volume	python-openstackclient	7.4.0	openstack.volume.v1	openstack volume transfer request list	Регистрация старой версии API	legacy	Отдельное сравнение с современным Horizon не назначается; см. основную версию API.	—	Legacy	https://github.com/openstack/python-openstackclient/blob/7.4.0/setup.cfg	Не применимо к legacy API
volume	python-openstackclient	7.4.0	openstack.volume.v1	openstack volume transfer request show	Регистрация старой версии API	legacy	Отдельное сравнение с современным Horizon не назначается; см. основную версию API.	—	Legacy	https://github.com/openstack/python-openstackclient/blob/7.4.0/setup.cfg	Не применимо к legacy API
volume	python-openstackclient	7.4.0	openstack.volume.v1	openstack volume type create	Регистрация старой версии API	legacy	Отдельное сравнение с современным Horizon не назначается; см. основную версию API.	—	Legacy	https://github.com/openstack/python-openstackclient/blob/7.4.0/setup.cfg	Не применимо к legacy API
volume	python-openstackclient	7.4.0	openstack.volume.v1	openstack volume type delete	Регистрация старой версии API	legacy	Отдельное сравнение с современным Horizon не назначается; см. основную версию API.	—	Legacy	https://github.com/openstack/python-openstackclient/blob/7.4.0/setup.cfg	Не применимо к legacy API
volume	python-openstackclient	7.4.0	openstack.volume.v1	openstack volume type list	Регистрация старой версии API	legacy	Отдельное сравнение с современным Horizon не назначается; см. основную версию API.	—	Legacy	https://github.com/openstack/python-openstackclient/blob/7.4.0/setup.cfg	Не применимо к legacy API
volume	python-openstackclient	7.4.0	openstack.volume.v1	openstack volume type set	Регистрация старой версии API	legacy	Отдельное сравнение с современным Horizon не назначается; см. основную версию API.	—	Legacy	https://github.com/openstack/python-openstackclient/blob/7.4.0/setup.cfg	Не применимо к legacy API
volume	python-openstackclient	7.4.0	openstack.volume.v1	openstack volume type show	Регистрация старой версии API	legacy	Отдельное сравнение с современным Horizon не назначается; см. основную версию API.	—	Legacy	https://github.com/openstack/python-openstackclient/blob/7.4.0/setup.cfg	Не применимо к legacy API
volume	python-openstackclient	7.4.0	openstack.volume.v1	openstack volume type unset	Регистрация старой версии API	legacy	Отдельное сравнение с современным Horizon не назначается; см. основную версию API.	—	Legacy	https://github.com/openstack/python-openstackclient/blob/7.4.0/setup.cfg	Не применимо к legacy API
volume	python-openstackclient	7.4.0	openstack.volume.v1	openstack volume unset	Регистрация старой версии API	legacy	Отдельное сравнение с современным Horizon не назначается; см. основную версию API.	—	Legacy	https://github.com/openstack/python-openstackclient/blob/7.4.0/setup.cfg	Не применимо к legacy API
volume	python-openstackclient	7.4.0	openstack.volume.v2	openstack consistency group add volume	Регистрация старой версии API	legacy	Отдельное сравнение с современным Horizon не назначается; см. основную версию API.	—	Legacy	https://github.com/openstack/python-openstackclient/blob/7.4.0/setup.cfg	Не применимо к legacy API
volume	python-openstackclient	7.4.0	openstack.volume.v2	openstack consistency group create	Регистрация старой версии API	legacy	Отдельное сравнение с современным Horizon не назначается; см. основную версию API.	—	Legacy	https://github.com/openstack/python-openstackclient/blob/7.4.0/setup.cfg	Не применимо к legacy API
volume	python-openstackclient	7.4.0	openstack.volume.v2	openstack consistency group delete	Регистрация старой версии API	legacy	Отдельное сравнение с современным Horizon не назначается; см. основную версию API.	—	Legacy	https://github.com/openstack/python-openstackclient/blob/7.4.0/setup.cfg	Не применимо к legacy API
volume	python-openstackclient	7.4.0	openstack.volume.v2	openstack consistency group list	Регистрация старой версии API	legacy	Отдельное сравнение с современным Horizon не назначается; см. основную версию API.	—	Legacy	https://github.com/openstack/python-openstackclient/blob/7.4.0/setup.cfg	Не применимо к legacy API
volume	python-openstackclient	7.4.0	openstack.volume.v2	openstack consistency group remove volume	Регистрация старой версии API	legacy	Отдельное сравнение с современным Horizon не назначается; см. основную версию API.	—	Legacy	https://github.com/openstack/python-openstackclient/blob/7.4.0/setup.cfg	Не применимо к legacy API
volume	python-openstackclient	7.4.0	openstack.volume.v2	openstack consistency group set	Регистрация старой версии API	legacy	Отдельное сравнение с современным Horizon не назначается; см. основную версию API.	—	Legacy	https://github.com/openstack/python-openstackclient/blob/7.4.0/setup.cfg	Не применимо к legacy API
volume	python-openstackclient	7.4.0	openstack.volume.v2	openstack consistency group show	Регистрация старой версии API	legacy	Отдельное сравнение с современным Horizon не назначается; см. основную версию API.	—	Legacy	https://github.com/openstack/python-openstackclient/blob/7.4.0/setup.cfg	Не применимо к legacy API
volume	python-openstackclient	7.4.0	openstack.volume.v2	openstack consistency group snapshot create	Регистрация старой версии API	legacy	Отдельное сравнение с современным Horizon не назначается; см. основную версию API.	—	Legacy	https://github.com/openstack/python-openstackclient/blob/7.4.0/setup.cfg	Не применимо к legacy API
volume	python-openstackclient	7.4.0	openstack.volume.v2	openstack consistency group snapshot delete	Регистрация старой версии API	legacy	Отдельное сравнение с современным Horizon не назначается; см. основную версию API.	—	Legacy	https://github.com/openstack/python-openstackclient/blob/7.4.0/setup.cfg	Не применимо к legacy API
volume	python-openstackclient	7.4.0	openstack.volume.v2	openstack consistency group snapshot list	Регистрация старой версии API	legacy	Отдельное сравнение с современным Horizon не назначается; см. основную версию API.	—	Legacy	https://github.com/openstack/python-openstackclient/blob/7.4.0/setup.cfg	Не применимо к legacy API
volume	python-openstackclient	7.4.0	openstack.volume.v2	openstack consistency group snapshot show	Регистрация старой версии API	legacy	Отдельное сравнение с современным Horizon не назначается; см. основную версию API.	—	Legacy	https://github.com/openstack/python-openstackclient/blob/7.4.0/setup.cfg	Не применимо к legacy API
volume	python-openstackclient	7.4.0	openstack.volume.v2	openstack volume backend capability show	Регистрация старой версии API	legacy	Отдельное сравнение с современным Horizon не назначается; см. основную версию API.	—	Legacy	https://github.com/openstack/python-openstackclient/blob/7.4.0/setup.cfg	Не применимо к legacy API
volume	python-openstackclient	7.4.0	openstack.volume.v2	openstack volume backend pool list	Регистрация старой версии API	legacy	Отдельное сравнение с современным Horizon не назначается; см. основную версию API.	—	Legacy	https://github.com/openstack/python-openstackclient/blob/7.4.0/setup.cfg	Не применимо к legacy API
volume	python-openstackclient	7.4.0	openstack.volume.v2	openstack volume backup create	Регистрация старой версии API	legacy	Отдельное сравнение с современным Horizon не назначается; см. основную версию API.	—	Legacy	https://github.com/openstack/python-openstackclient/blob/7.4.0/setup.cfg	Не применимо к legacy API
volume	python-openstackclient	7.4.0	openstack.volume.v2	openstack volume backup delete	Регистрация старой версии API	legacy	Отдельное сравнение с современным Horizon не назначается; см. основную версию API.	—	Legacy	https://github.com/openstack/python-openstackclient/blob/7.4.0/setup.cfg	Не применимо к legacy API
volume	python-openstackclient	7.4.0	openstack.volume.v2	openstack volume backup list	Регистрация старой версии API	legacy	Отдельное сравнение с современным Horizon не назначается; см. основную версию API.	—	Legacy	https://github.com/openstack/python-openstackclient/blob/7.4.0/setup.cfg	Не применимо к legacy API
volume	python-openstackclient	7.4.0	openstack.volume.v2	openstack volume backup record export	Регистрация старой версии API	legacy	Отдельное сравнение с современным Horizon не назначается; см. основную версию API.	—	Legacy	https://github.com/openstack/python-openstackclient/blob/7.4.0/setup.cfg	Не применимо к legacy API
volume	python-openstackclient	7.4.0	openstack.volume.v2	openstack volume backup record import	Регистрация старой версии API	legacy	Отдельное сравнение с современным Horizon не назначается; см. основную версию API.	—	Legacy	https://github.com/openstack/python-openstackclient/blob/7.4.0/setup.cfg	Не применимо к legacy API
volume	python-openstackclient	7.4.0	openstack.volume.v2	openstack volume backup restore	Регистрация старой версии API	legacy	Отдельное сравнение с современным Horizon не назначается; см. основную версию API.	—	Legacy	https://github.com/openstack/python-openstackclient/blob/7.4.0/setup.cfg	Не применимо к legacy API
volume	python-openstackclient	7.4.0	openstack.volume.v2	openstack volume backup set	Регистрация старой версии API	legacy	Отдельное сравнение с современным Horizon не назначается; см. основную версию API.	—	Legacy	https://github.com/openstack/python-openstackclient/blob/7.4.0/setup.cfg	Не применимо к legacy API
volume	python-openstackclient	7.4.0	openstack.volume.v2	openstack volume backup show	Регистрация старой версии API	legacy	Отдельное сравнение с современным Horizon не назначается; см. основную версию API.	—	Legacy	https://github.com/openstack/python-openstackclient/blob/7.4.0/setup.cfg	Не применимо к legacy API
volume	python-openstackclient	7.4.0	openstack.volume.v2	openstack volume create	Регистрация старой версии API	legacy	Отдельное сравнение с современным Horizon не назначается; см. основную версию API.	—	Legacy	https://github.com/openstack/python-openstackclient/blob/7.4.0/setup.cfg	Не применимо к legacy API
volume	python-openstackclient	7.4.0	openstack.volume.v2	openstack volume delete	Регистрация старой версии API	legacy	Отдельное сравнение с современным Horizon не назначается; см. основную версию API.	—	Legacy	https://github.com/openstack/python-openstackclient/blob/7.4.0/setup.cfg	Не применимо к legacy API
volume	python-openstackclient	7.4.0	openstack.volume.v2	openstack volume host failover	Регистрация старой версии API	legacy	Отдельное сравнение с современным Horizon не назначается; см. основную версию API.	—	Legacy	https://github.com/openstack/python-openstackclient/blob/7.4.0/setup.cfg	Не применимо к legacy API
volume	python-openstackclient	7.4.0	openstack.volume.v2	openstack volume host set	Регистрация старой версии API	legacy	Отдельное сравнение с современным Horizon не назначается; см. основную версию API.	—	Legacy	https://github.com/openstack/python-openstackclient/blob/7.4.0/setup.cfg	Не применимо к legacy API
volume	python-openstackclient	7.4.0	openstack.volume.v2	openstack volume list	Регистрация старой версии API	legacy	Отдельное сравнение с современным Horizon не назначается; см. основную версию API.	—	Legacy	https://github.com/openstack/python-openstackclient/blob/7.4.0/setup.cfg	Не применимо к legacy API
volume	python-openstackclient	7.4.0	openstack.volume.v2	openstack volume migrate	Регистрация старой версии API	legacy	Отдельное сравнение с современным Horizon не назначается; см. основную версию API.	—	Legacy	https://github.com/openstack/python-openstackclient/blob/7.4.0/setup.cfg	Не применимо к legacy API
volume	python-openstackclient	7.4.0	openstack.volume.v2	openstack volume qos associate	Регистрация старой версии API	legacy	Отдельное сравнение с современным Horizon не назначается; см. основную версию API.	—	Legacy	https://github.com/openstack/python-openstackclient/blob/7.4.0/setup.cfg	Не применимо к legacy API
volume	python-openstackclient	7.4.0	openstack.volume.v2	openstack volume qos create	Регистрация старой версии API	legacy	Отдельное сравнение с современным Horizon не назначается; см. основную версию API.	—	Legacy	https://github.com/openstack/python-openstackclient/blob/7.4.0/setup.cfg	Не применимо к legacy API
volume	python-openstackclient	7.4.0	openstack.volume.v2	openstack volume qos delete	Регистрация старой версии API	legacy	Отдельное сравнение с современным Horizon не назначается; см. основную версию API.	—	Legacy	https://github.com/openstack/python-openstackclient/blob/7.4.0/setup.cfg	Не применимо к legacy API
volume	python-openstackclient	7.4.0	openstack.volume.v2	openstack volume qos disassociate	Регистрация старой версии API	legacy	Отдельное сравнение с современным Horizon не назначается; см. основную версию API.	—	Legacy	https://github.com/openstack/python-openstackclient/blob/7.4.0/setup.cfg	Не применимо к legacy API
volume	python-openstackclient	7.4.0	openstack.volume.v2	openstack volume qos list	Регистрация старой версии API	legacy	Отдельное сравнение с современным Horizon не назначается; см. основную версию API.	—	Legacy	https://github.com/openstack/python-openstackclient/blob/7.4.0/setup.cfg	Не применимо к legacy API
volume	python-openstackclient	7.4.0	openstack.volume.v2	openstack volume qos set	Регистрация старой версии API	legacy	Отдельное сравнение с современным Horizon не назначается; см. основную версию API.	—	Legacy	https://github.com/openstack/python-openstackclient/blob/7.4.0/setup.cfg	Не применимо к legacy API
volume	python-openstackclient	7.4.0	openstack.volume.v2	openstack volume qos show	Регистрация старой версии API	legacy	Отдельное сравнение с современным Horizon не назначается; см. основную версию API.	—	Legacy	https://github.com/openstack/python-openstackclient/blob/7.4.0/setup.cfg	Не применимо к legacy API
volume	python-openstackclient	7.4.0	openstack.volume.v2	openstack volume qos unset	Регистрация старой версии API	legacy	Отдельное сравнение с современным Horizon не назначается; см. основную версию API.	—	Legacy	https://github.com/openstack/python-openstackclient/blob/7.4.0/setup.cfg	Не применимо к legacy API
volume	python-openstackclient	7.4.0	openstack.volume.v2	openstack volume service list	Регистрация старой версии API	legacy	Отдельное сравнение с современным Horizon не назначается; см. основную версию API.	—	Legacy	https://github.com/openstack/python-openstackclient/blob/7.4.0/setup.cfg	Не применимо к legacy API
volume	python-openstackclient	7.4.0	openstack.volume.v2	openstack volume service set	Регистрация старой версии API	legacy	Отдельное сравнение с современным Horizon не назначается; см. основную версию API.	—	Legacy	https://github.com/openstack/python-openstackclient/blob/7.4.0/setup.cfg	Не применимо к legacy API
volume	python-openstackclient	7.4.0	openstack.volume.v2	openstack volume set	Регистрация старой версии API	legacy	Отдельное сравнение с современным Horizon не назначается; см. основную версию API.	—	Legacy	https://github.com/openstack/python-openstackclient/blob/7.4.0/setup.cfg	Не применимо к legacy API
volume	python-openstackclient	7.4.0	openstack.volume.v2	openstack volume show	Регистрация старой версии API	legacy	Отдельное сравнение с современным Horizon не назначается; см. основную версию API.	—	Legacy	https://github.com/openstack/python-openstackclient/blob/7.4.0/setup.cfg	Не применимо к legacy API
volume	python-openstackclient	7.4.0	openstack.volume.v2	openstack volume snapshot create	Регистрация старой версии API	legacy	Отдельное сравнение с современным Horizon не назначается; см. основную версию API.	—	Legacy	https://github.com/openstack/python-openstackclient/blob/7.4.0/setup.cfg	Не применимо к legacy API
volume	python-openstackclient	7.4.0	openstack.volume.v2	openstack volume snapshot delete	Регистрация старой версии API	legacy	Отдельное сравнение с современным Horizon не назначается; см. основную версию API.	—	Legacy	https://github.com/openstack/python-openstackclient/blob/7.4.0/setup.cfg	Не применимо к legacy API
volume	python-openstackclient	7.4.0	openstack.volume.v2	openstack volume snapshot list	Регистрация старой версии API	legacy	Отдельное сравнение с современным Horizon не назначается; см. основную версию API.	—	Legacy	https://github.com/openstack/python-openstackclient/blob/7.4.0/setup.cfg	Не применимо к legacy API
volume	python-openstackclient	7.4.0	openstack.volume.v2	openstack volume snapshot set	Регистрация старой версии API	legacy	Отдельное сравнение с современным Horizon не назначается; см. основную версию API.	—	Legacy	https://github.com/openstack/python-openstackclient/blob/7.4.0/setup.cfg	Не применимо к legacy API
volume	python-openstackclient	7.4.0	openstack.volume.v2	openstack volume snapshot show	Регистрация старой версии API	legacy	Отдельное сравнение с современным Horizon не назначается; см. основную версию API.	—	Legacy	https://github.com/openstack/python-openstackclient/blob/7.4.0/setup.cfg	Не применимо к legacy API
volume	python-openstackclient	7.4.0	openstack.volume.v2	openstack volume snapshot unset	Регистрация старой версии API	legacy	Отдельное сравнение с современным Horizon не назначается; см. основную версию API.	—	Legacy	https://github.com/openstack/python-openstackclient/blob/7.4.0/setup.cfg	Не применимо к legacy API
volume	python-openstackclient	7.4.0	openstack.volume.v2	openstack volume transfer request accept	Регистрация старой версии API	legacy	Отдельное сравнение с современным Horizon не назначается; см. основную версию API.	—	Legacy	https://github.com/openstack/python-openstackclient/blob/7.4.0/setup.cfg	Не применимо к legacy API
volume	python-openstackclient	7.4.0	openstack.volume.v2	openstack volume transfer request create	Регистрация старой версии API	legacy	Отдельное сравнение с современным Horizon не назначается; см. основную версию API.	—	Legacy	https://github.com/openstack/python-openstackclient/blob/7.4.0/setup.cfg	Не применимо к legacy API
volume	python-openstackclient	7.4.0	openstack.volume.v2	openstack volume transfer request delete	Регистрация старой версии API	legacy	Отдельное сравнение с современным Horizon не назначается; см. основную версию API.	—	Legacy	https://github.com/openstack/python-openstackclient/blob/7.4.0/setup.cfg	Не применимо к legacy API
volume	python-openstackclient	7.4.0	openstack.volume.v2	openstack volume transfer request list	Регистрация старой версии API	legacy	Отдельное сравнение с современным Horizon не назначается; см. основную версию API.	—	Legacy	https://github.com/openstack/python-openstackclient/blob/7.4.0/setup.cfg	Не применимо к legacy API
volume	python-openstackclient	7.4.0	openstack.volume.v2	openstack volume transfer request show	Регистрация старой версии API	legacy	Отдельное сравнение с современным Horizon не назначается; см. основную версию API.	—	Legacy	https://github.com/openstack/python-openstackclient/blob/7.4.0/setup.cfg	Не применимо к legacy API
volume	python-openstackclient	7.4.0	openstack.volume.v2	openstack volume type create	Регистрация старой версии API	legacy	Отдельное сравнение с современным Horizon не назначается; см. основную версию API.	—	Legacy	https://github.com/openstack/python-openstackclient/blob/7.4.0/setup.cfg	Не применимо к legacy API
volume	python-openstackclient	7.4.0	openstack.volume.v2	openstack volume type delete	Регистрация старой версии API	legacy	Отдельное сравнение с современным Horizon не назначается; см. основную версию API.	—	Legacy	https://github.com/openstack/python-openstackclient/blob/7.4.0/setup.cfg	Не применимо к legacy API
volume	python-openstackclient	7.4.0	openstack.volume.v2	openstack volume type list	Регистрация старой версии API	legacy	Отдельное сравнение с современным Horizon не назначается; см. основную версию API.	—	Legacy	https://github.com/openstack/python-openstackclient/blob/7.4.0/setup.cfg	Не применимо к legacy API
volume	python-openstackclient	7.4.0	openstack.volume.v2	openstack volume type set	Регистрация старой версии API	legacy	Отдельное сравнение с современным Horizon не назначается; см. основную версию API.	—	Legacy	https://github.com/openstack/python-openstackclient/blob/7.4.0/setup.cfg	Не применимо к legacy API
volume	python-openstackclient	7.4.0	openstack.volume.v2	openstack volume type show	Регистрация старой версии API	legacy	Отдельное сравнение с современным Horizon не назначается; см. основную версию API.	—	Legacy	https://github.com/openstack/python-openstackclient/blob/7.4.0/setup.cfg	Не применимо к legacy API
volume	python-openstackclient	7.4.0	openstack.volume.v2	openstack volume type unset	Регистрация старой версии API	legacy	Отдельное сравнение с современным Horizon не назначается; см. основную версию API.	—	Legacy	https://github.com/openstack/python-openstackclient/blob/7.4.0/setup.cfg	Не применимо к legacy API
volume	python-openstackclient	7.4.0	openstack.volume.v2	openstack volume unset	Регистрация старой версии API	legacy	Отдельное сравнение с современным Horizon не назначается; см. основную версию API.	—	Legacy	https://github.com/openstack/python-openstackclient/blob/7.4.0/setup.cfg	Не применимо к legacy API
