/Users/dmitry/Desktop/debug/password-policy-work/keystone/keystone/tests/unit/test_backend_ldap.py:24: UserWarning: pkg_resources is deprecated as an API. See https://setuptools.pypa.io/en/latest/pkg_resources.html. The pkg_resources package is slated for removal as early as 2025-11-30. Refrain from using this package or pin to Setuptools<81.
  import pkg_resources  # type: ignore
/Users/dmitry/Desktop/debug/password-policy-work/keystone/keystone/tests/unit/test_backend_ldap.py:24: UserWarning: pkg_resources is deprecated as an API. See https://setuptools.pypa.io/en/latest/pkg_resources.html. The pkg_resources package is slated for removal as early as 2025-11-30. Refrain from using this package or pin to Setuptools<81.
  import pkg_resources  # type: ignore
{0} keystone.tests.unit.test_password_policy_exemption.PasswordPolicyExemptionTests.test_stale_cached_false_does_not_reject_service_reset [0.183874s] ... FAILED

Captured traceback:
~~~~~~~~~~~~~~~~~~~
    Traceback (most recent call last):

      File "/Users/dmitry/Desktop/debug/password-policy-work/keystone/keystone/tests/unit/test_password_policy_exemption.py", line 250, in test_stale_cached_false_does_not_reject_service_reset
    self.update(user, password='x')

      File "/Users/dmitry/Desktop/debug/password-policy-work/keystone/keystone/tests/unit/test_password_policy_exemption.py", line 83, in update
    return self.patch(
           ^^^^^^^^^^^

      File "/Users/dmitry/Desktop/debug/password-policy-work/keystone/keystone/tests/unit/test_v3.py", line 508, in patch
    return self.v3_request(
           ^^^^^^^^^^^^^^^^

      File "/Users/dmitry/Desktop/debug/password-policy-work/keystone/keystone/tests/unit/test_v3.py", line 483, in v3_request
    return self.admin_request(path=path, token=token, **kwargs)
           ^^^^^^^^^^^^^^^^^^^^^^^^^^^^^^^^^^^^^^^^^^^^^^^^^^^^

      File "/Users/dmitry/Desktop/debug/password-policy-work/keystone/keystone/tests/unit/rest.py", line 232, in admin_request
    return self._request(app=self.public_app, **kwargs)
           ^^^^^^^^^^^^^^^^^^^^^^^^^^^^^^^^^^^^^^^^^^^^

      File "/Users/dmitry/Desktop/debug/password-policy-work/keystone/keystone/tests/unit/rest.py", line 221, in _request
    response = self.restful_request(**kwargs)
               ^^^^^^^^^^^^^^^^^^^^^^^^^^^^^^

      File "/Users/dmitry/Desktop/debug/password-policy-work/keystone/keystone/tests/unit/rest.py", line 202, in restful_request
    response = self.request(
               ^^^^^^^^^^^^^

      File "/Users/dmitry/Desktop/debug/password-policy-work/keystone/keystone/tests/unit/rest.py", line 96, in request
    response = app.request(
               ^^^^^^^^^^^^

      File "/Users/dmitry/Desktop/debug/password-policy-work/keystone/.venv/lib/python3.11/site-packages/webtest/app.py", line 586, in request
    return self.do_request(req,
           ^^^^^^^^^^^^^^^^^^^^

      File "/Users/dmitry/Desktop/debug/password-policy-work/keystone/.venv/lib/python3.11/site-packages/webtest/app.py", line 653, in do_request
    self._check_status(status, res)

      File "/Users/dmitry/Desktop/debug/password-policy-work/keystone/.venv/lib/python3.11/site-packages/webtest/app.py", line 687, in _check_status
    raise AppError(

    webtest.app.AppError: Bad response: 400 BAD REQUEST (not 200)
b'{"error":{"code":400,"message":"The password does not match the requirements: None.","title":"Bad Request"}}\n'


Captured pythonlogging:
~~~~~~~~~~~~~~~~~~~~~~~
    Adding cache-proxy 'oslo_cache.testing.CacheIsolatingProxy' to backend.
Adding cache-proxy 'oslo_cache.testing.CacheIsolatingProxy' to backend.
Adding cache-proxy 'oslo_cache.testing.CacheIsolatingProxy' to backend.
Adding cache-proxy 'oslo_cache.testing.CacheIsolatingProxy' to backend.
Adding cache-proxy 'oslo_cache.testing.CacheIsolatingProxy' to backend.
Adding cache-proxy 'oslo_cache.testing.CacheIsolatingProxy' to backend.
Adding cache-proxy 'oslo_cache.testing.CacheIsolatingProxy' to backend.
reading /Users/dmitry/Library/Caches/Python Entry Points/ddb9fcaee5a4264601911fe173ee53e34bb62b80650028745299e58cc2ad3a55
writing to /Users/dmitry/Library/Caches/Python Entry Points/ddb9fcaee5a4264601911fe173ee53e34bb62b80650028745299e58cc2ad3a55
No value present for key: '<<<region>>>:shared default'
NeedRegenerationException
no value, waiting for create lock
value creation lock <dogpile.cache.region.CacheRegion._LockWrapper object at 0x110f80f90> acquired
No value present for key: '<<<region>>>:shared default'
Calling creation function for not-yet-present value
Cache value generated in 0.000 seconds for key(s): '<<<region>>>:shared default'
Released creation lock
No value present for key: 'keystone.resource.core:get_domain|default'
NeedRegenerationException
no value, waiting for create lock
value creation lock <dogpile.cache.region.CacheRegion._LockWrapper object at 0x110f80f90> acquired
No value present for key: 'keystone.resource.core:get_domain|default'
Calling creation function for not-yet-present value
Released creation lock
No value present for key: 'keystone.resource.core:get_domain|ce0b650d5c8a401a875d53129a4aca6d'
NeedRegenerationException
no value, waiting for create lock
value creation lock <dogpile.cache.region.CacheRegion._LockWrapper object at 0x111b63950> acquired
No value present for key: 'keystone.resource.core:get_domain|ce0b650d5c8a401a875d53129a4aca6d'
Calling creation function for not-yet-present value
Cache value generated in 0.002 seconds for key(s): 'keystone.resource.core:get_domain|ce0b650d5c8a401a875d53129a4aca6d'
Released creation lock
Truncating password to algorithm specific maximum length 72 characters.
No value present for key: 'keystone.resource.core:get_domain|default'
NeedRegenerationException
no value, waiting for create lock
value creation lock <dogpile.cache.region.CacheRegion._LockWrapper object at 0x110f80f90> acquired
No value present for key: 'keystone.resource.core:get_domain|default'
Calling creation function for not-yet-present value
Cache value generated in 0.001 seconds for key(s): 'keystone.resource.core:get_domain|default'
Released creation lock
Truncating password to algorithm specific maximum length 72 characters.
Truncating password to algorithm specific maximum length 72 characters.
No value present for key: 'keystone.catalog.core:get_region|63660f545bde4f3c8eb8ce8b747516f3'
NeedRegenerationException
no value, waiting for create lock
value creation lock <dogpile.cache.region.CacheRegion._LockWrapper object at 0x111b84910> acquired
No value present for key: 'keystone.catalog.core:get_region|63660f545bde4f3c8eb8ce8b747516f3'
Calling creation function for not-yet-present value
Released creation lock
No value present for key: 'keystone.catalog.core:get_region|63660f545bde4f3c8eb8ce8b747516f3'
NeedRegenerationException
no value, waiting for create lock
value creation lock <dogpile.cache.region.CacheRegion._LockWrapper object at 0x111d78bd0> acquired
No value present for key: 'keystone.catalog.core:get_region|63660f545bde4f3c8eb8ce8b747516f3'
Calling creation function for not-yet-present value
Cache value generated in 0.000 seconds for key(s): 'keystone.catalog.core:get_region|63660f545bde4f3c8eb8ce8b747516f3'
Released creation lock
No value present for key: 'keystone.catalog.core:get_service|4c4f1bde5a1f4853979d53ebf9279a4a'
NeedRegenerationException
no value, waiting for create lock
value creation lock <dogpile.cache.region.CacheRegion._LockWrapper object at 0x111d78bd0> acquired
No value present for key: 'keystone.catalog.core:get_service|4c4f1bde5a1f4853979d53ebf9279a4a'
Cal
    ling creation function for not-yet-present value
Cache value generated in 0.000 seconds for key(s): 'keystone.catalog.core:get_service|4c4f1bde5a1f4853979d53ebf9279a4a'
Released creation lock
Adding resource routes to API auth: ['/auth/projects' {}]
Adding additional resource route (alternate) to API auth: ['/OS-FEDERATION/projects' {}]
Adding resource routes to API auth: ['/auth/domains' {}]
Adding additional resource route (alternate) to API auth: ['/OS-FEDERATION/domains' {}]
Adding resource routes to API auth: ['/auth/system' {}]
Adding resource routes to API auth: ['/auth/catalog' {}]
Adding resource routes to API auth: ['/auth/tokens/OS-PKI/revoked' {}]
Adding resource routes to API auth: ['/auth/tokens' {}]
Adding resource routes to API auth/OS-FEDERATION: ['/auth/OS-FEDERATION/saml2' {}]
Adding resource routes to API auth/OS-FEDERATION: ['/auth/OS-FEDERATION/saml2/ecp' {}]
Adding resource routes to API auth/OS-FEDERATION: ['/auth/OS-FEDERATION/websso/<string:protocol_id>' {}]
Adding resource routes to API auth/OS-FEDERATION: ['/auth/OS-FEDERATION/identity_providers/<string:idp_id>/protocols/<string:protocol_id>/websso' {}]
Adding resource routes to API credentials: ['/credentials' {}]
Adding resource routes to API credentials: ['/credentials/<string:credential_id>' {}]
Adding resource routes to API domains: ['/domains' {}]
Adding resource routes to API domains: ['/domains/<string:domain_id>' {}]
Adding resource routes to API domains: ['/domains/<string:domain_id>/config' {}]
Adding resource routes to API domains: ['/domains/<string:domain_id>/config/<string:group>' {}]
Adding resource routes to API domains: ['/domains/<string:domain_id>/config/<string:group>/<string:option>' {}]
Adding resource routes to API domains: ['/domains/config/default' {}]
Adding resource routes to API domains: ['/domains/config/<string:group>/default' {}]
Adding resource routes to API domains: ['/domains/config/<string:group>/<string:option>/default' {}]
Adding resource routes to API domains: ['/domains/<string:domain_id>/users/<string:user_id>/roles' {}]
Adding resource routes to API domains: ['/domains/<string:domain_id>/users/<string:user_id>/roles/<string:role_id>' {}]
Adding resource routes to API domains: ['/domains/<string:domain_id>/groups/<string:group_id>/roles' {}]
Adding resource routes to API domains: ['/domains/<string:domain_id>/groups/<string:group_id>/roles/<string:role_id>' {}]
Adding resource routes to API ec2tokens: ['/ec2tokens' {}]
Adding resource routes to API endpoints: ['/endpoints' {}]
Adding resource routes to API endpoints: ['/endpoints/<string:endpoint_id>' {}]
Adding resource routes to API endpoints: ['/endpoints/<string:endpoint_id>/OS-ENDPOINT-POLICY/policy' {}]
Adding resource routes to API groups: ['/groups' {}]
Adding resource routes to API groups: ['/groups/<string:group_id>' {}]
Adding resource routes to API groups: ['/groups/<string:group_id>/users' {}]
Adding resource routes to API groups: ['/groups/<string:group_id>/users/<string:user_id>' {}]
Adding resource routes to API limits: ['/limits' {}]
Adding resource routes to API limits: ['/limits/<string:limit_id>' {}]
Adding resource routes to API limits: ['/limits/model' {}]
Adding resource routes to API OS-EP-FILTER: ['/endpoint_groups' {}]
Adding resource routes to API OS-EP-FILTER: ['/endpoint_groups/<string:endpoint_group_id>' {}]
Adding resource routes to API OS-EP-FILTER: ['/endpoints/<string:endpoint_id>/projects' {}]
Adding resource routes to API OS-EP-FILTER: ['/projects/<string:project_id>/endpoints/<string:endpoint_id>' {}]
Adding resource routes to API OS-EP-FILTER: ['/projects/<string:project_id>/endpoints' {}]
Adding resource routes to API OS-EP-FILTER: ['/projects/<string:project_id>/endpoint_groups' {}]
Adding resource routes to API OS-EP-FILTER: ['/endpoint_groups/<string:endpoint_group_id>/endpoints' {}]
Adding resource routes to API OS-EP-FILTER: ['/endpoint_groups/<string:endpoint_group_id>/projects' {}]
Adding resource routes to API OS-EP-FILTER: ['/endpoint_groups/<string:endpoint_group_id>/projects/<string:project_id>' {}]
Addi
    ng resource routes to API OS-FEDERATION: ['/saml2/metadata' {}]
Adding resource routes to API OS-FEDERATION: ['/identity_providers/<string:idp_id>/protocols/<string:protocol_id>/auth' {}]
Adding resource routes to API identity_providers: ['/identity_providers' {}]
Adding resource routes to API identity_providers: ['/identity_providers/<string:idp_id>' {}]
Adding resource routes to API protocols: ['/OS-FEDERATION/identity_providers/<string:idp_id>/protocols/<string:protocol_id>' {}]
Adding resource routes to API protocols: ['/OS-FEDERATION/identity_providers/<string:idp_id>/protocols' {}]
Adding standard routes to API mappings for `type` (API Prefix: /OS-FEDERATION) [/mappings, /mappings/<string:mapping_id>]
Adding resource routes to API service_providers: ['/service_providers' {}]
Adding resource routes to API service_providers: ['/service_providers/<string:service_provider_id>' {}]
Adding resource routes to API OS-INHERIT: ['/domains/<string:domain_id>/groups/<string:group_id>/roles/<string:role_id>/inherited_to_projects' {}]
Adding resource routes to API OS-INHERIT: ['/domains/<string:domain_id>/groups/<string:group_id>/roles/inherited_to_projects' {}]
Adding resource routes to API OS-INHERIT: ['/domains/<string:domain_id>/users/<string:user_id>/roles/<string:role_id>/inherited_to_projects' {}]
Adding resource routes to API OS-INHERIT: ['/domains/<string:domain_id>/users/<string:user_id>/roles/inherited_to_projects' {}]
Adding resource routes to API OS-INHERIT: ['/projects/<string:project_id>/users/<string:user_id>/roles/<string:role_id>/inherited_to_projects' {}]
Adding resource routes to API OS-INHERIT: ['/projects/<string:project_id>/groups/<string:group_id>/roles/<string:role_id>/inherited_to_projects' {}]
Adding standard routes to API OS-OAUTH1 for `type` (API Prefix: /OS-OAUTH1) [/consumers, /consumers/<string:consumer_id>]
Adding resource routes to API OS-OAUTH1: ['/request_token' {}]
Adding resource routes to API OS-OAUTH1: ['/access_token' {}]
Adding resource routes to API OS-OAUTH1: ['/authorize/<string:request_token_id>' {}]
Adding resource routes to API OS-OAUTH2: ['/token' {}]
Adding resource routes to API events: ['/events' {}]
Adding resource routes to API OS-SIMPLE-CERT: ['/OS-SIMPLE-CERT/ca' {}]
Adding resource routes to API OS-SIMPLE-CERT: ['/OS-SIMPLE-CERT/certificates' {}]
Adding standard routes to API policy for `type` (API Prefix: ) [/policies, /policies/<string:policy_id>]
Adding resource routes to API policy: ['/policies/<string:policy_id>/OS-ENDPOINT-POLICY/endpoints' {}]
Adding resource routes to API policy: ['/policies/<string:policy_id>/OS-ENDPOINT-POLICY/endpoints/<string:endpoint_id>' {}]
Adding resource routes to API policy: ['/policies/<string:policy_id>/OS-ENDPOINT-POLICY/services/<string:service_id>' {}]
Adding resource routes to API policy: ['/policies/<string:policy_id>/OS-ENDPOINT-POLICY/services/<string:service_id>/regions/<string:region_id>' {}]
Adding resource routes to API projects: ['/projects' {}]
Adding resource routes to API projects: ['/projects/<string:project_id>' {}]
Adding resource routes to API projects: ['/projects/<string:project_id>/tags' {}]
Adding resource routes to API projects: ['/projects/<string:project_id>/tags/<string:value>' {}]
Adding resource routes to API projects: ['/projects/<string:project_id>/users/<string:user_id>/roles/<string:role_id>' {}]
Adding resource routes to API projects: ['/projects/<string:project_id>/users/<string:user_id>/roles' {}]
Adding resource routes to API projects: ['/projects/<string:project_id>/groups/<string:group_id>/roles/<string:role_id>' {}]
Adding resource routes to API projects: ['/projects/<string:project_id>/groups/<string:group_id>/roles' {}]
Adding standard routes to API regions for `type` (API Prefix: ) [/regions, /regions/<string:region_id>]
Adding resource routes to API registered_limits: ['/registered_limits' {}]
Adding resource routes to API registered_limits: ['/registered_limits/<string:registered_limit_id>' {}]
Adding resource routes to API role_assignments: ['/role_assignments' {}]
Adding resource routes to 
    API role_inferences: ['/role_inferences' {}]
Adding resource routes to API roles: ['/roles' {}]
Adding resource routes to API roles: ['/roles/<string:role_id>' {}]
Adding resource routes to API roles: ['/roles/<string:prior_role_id>/implies' {}]
Adding resource routes to API roles: ['/roles/<string:prior_role_id>/implies/<string:implied_role_id>' {}]
Adding resource routes to API s3tokens: ['/s3tokens' {}]
Adding resource routes to API services: ['/services' {}]
Adding resource routes to API services: ['/services/<string:service_id>' {}]
Adding resource routes to API system: ['/system/users/<string:user_id>/roles' {}]
Adding resource routes to API system: ['/system/users/<string:user_id>/roles/<string:role_id>' {}]
Adding resource routes to API system: ['/system/groups/<string:group_id>/roles' {}]
Adding resource routes to API system: ['/system/groups/<string:group_id>/roles/<string:role_id>' {}]
Adding resource routes to API trusts: ['/trusts' {}]
Adding resource routes to API trusts: ['/trusts/<string:trust_id>' {}]
Adding resource routes to API trusts: ['/trusts/<string:trust_id>/roles' {}]
Adding resource routes to API trusts: ['/trusts/<string:trust_id>/roles/<string:role_id>' {}]
Adding resource routes to API users: ['/users' {}]
Adding resource routes to API users: ['/users/<string:user_id>' {}]
Adding resource routes to API users: ['/users/<string:user_id>/password' {}]
Adding resource routes to API users: ['/users/<string:user_id>/groups' {}]
Adding resource routes to API users: ['/users/<string:user_id>/projects' {}]
Adding resource routes to API users: ['/users/<string:user_id>/credentials/OS-EC2' {}]
Adding resource routes to API users: ['/users/<string:user_id>/credentials/OS-EC2/<string:credential_id>' {}]
Adding resource routes to API users: ['/users/<string:user_id>/OS-OAUTH1/access_tokens' {}]
Adding resource routes to API users: ['/users/<string:user_id>/OS-OAUTH1/access_tokens/<string:access_token_id>' {}]
Adding resource routes to API users: ['/users/<string:user_id>/OS-OAUTH1/access_tokens/<string:access_token_id>/roles' {}]
Adding resource routes to API users: ['/users/<string:user_id>/OS-OAUTH1/access_tokens/<string:access_token_id>/roles/<string:role_id>' {}]
Adding resource routes to API users: ['/users/<string:user_id>/application_credentials' {}]
Adding resource routes to API users: ['/users/<string:user_id>/application_credentials/<string:application_credential_id>' {}]
Adding resource routes to API users: ['/users/<string:user_id>/access_rules' {}]
Adding resource routes to API users: ['/users/<string:user_id>/access_rules/<string:access_rule_id>' {}]
REQUEST_METHOD: `POST`
SCRIPT_NAME: ``
PATH_INFO: `/v3/auth/tokens`
No value present for key: 'keystone.identity.core:get_user_by_name|3cb961cf6bd644bfbc2a767a26a7380a ce0b650d5c8a401a875d53129a4aca6d'
NeedRegenerationException
no value, waiting for create lock
value creation lock <dogpile.cache.region.CacheRegion._LockWrapper object at 0x111c5e690> acquired
No value present for key: 'keystone.identity.core:get_user_by_name|3cb961cf6bd644bfbc2a767a26a7380a ce0b650d5c8a401a875d53129a4aca6d'
Calling creation function for not-yet-present value
Cache value generated in 0.003 seconds for key(s): 'keystone.identity.core:get_user_by_name|3cb961cf6bd644bfbc2a767a26a7380a ce0b650d5c8a401a875d53129a4aca6d'
Released creation lock
No value present for key: 'keystone.identity.core:get_user|171e894ec24d402fa739333c96f4d55c'
NeedRegenerationException
no value, waiting for create lock
value creation lock <dogpile.cache.region.CacheRegion._LockWrapper object at 0x110bbcad0> acquired
No value present for key: 'keystone.identity.core:get_user|171e894ec24d402fa739333c96f4d55c'
Calling creation function for not-yet-present value
Cache value generated in 0.003 seconds for key(s): 'keystone.identity.core:get_user|171e894ec24d402fa739333c96f4d55c'
Released creation lock
Truncating password to algorithm specific maximum length 72 characters.
No value present for key: "keystone.identity.core:_shadow_nonlocal_user|{'email': '072ea5684dfe4748a5a4513280dec9ea', 'id': '171e8
    94ec24d402fa739333c96f4d55c', 'name': '3cb961cf6bd644bfbc2a767a26a7380a', 'domain_id': 'ce0b650d5c8a401a875d53129a4aca6d', 'enabled': True, 'password_expires_at': None, 'options': {}}"
NeedRegenerationException
no value, waiting for create lock
value creation lock <dogpile.cache.region.CacheRegion._LockWrapper object at 0x110bbd450> acquired
No value present for key: "keystone.identity.core:_shadow_nonlocal_user|{'email': '072ea5684dfe4748a5a4513280dec9ea', 'id': '171e894ec24d402fa739333c96f4d55c', 'name': '3cb961cf6bd644bfbc2a767a26a7380a', 'domain_id': 'ce0b650d5c8a401a875d53129a4aca6d', 'enabled': True, 'password_expires_at': None, 'options': {}}"
Calling creation function for not-yet-present value
Cache value generated in 0.001 seconds for key(s): "keystone.identity.core:_shadow_nonlocal_user|{'email': '072ea5684dfe4748a5a4513280dec9ea', 'id': '171e894ec24d402fa739333c96f4d55c', 'name': '3cb961cf6bd644bfbc2a767a26a7380a', 'domain_id': 'ce0b650d5c8a401a875d53129a4aca6d', 'enabled': True, 'password_expires_at': None, 'options': {}}"
Released creation lock
MFA Rules not processed for user `171e894ec24d402fa739333c96f4d55c`. Rule list: `[]` (Enabled: `True`).
Loaded 2 Fernet keys from /var/folders/42/58j27lc523g1bm85nfycfc480000gn/T/tmp9at7lpgx/tmpvne2h6jx, but `[fernet_tokens] max_active_keys = 3`; perhaps there have not been enough key rotations to reach `max_active_keys` yet?
No value present for key: '<<<region>>>:tokens'
NeedRegenerationException
no value, waiting for create lock
value creation lock <dogpile.cache.region.CacheRegion._LockWrapper object at 0x110ad1190> acquired
No value present for key: '<<<region>>>:tokens'
Calling creation function for not-yet-present value
Cache value generated in 0.000 seconds for key(s): '<<<region>>>:tokens'
Released creation lock
No value present for key: 'keystone.catalog.core:get_v3_catalog|171e894ec24d402fa739333c96f4d55c None'
NeedRegenerationException
no value, waiting for create lock
value creation lock <dogpile.cache.region.CacheRegion._LockWrapper object at 0x110ade210> acquired
No value present for key: 'keystone.catalog.core:get_v3_catalog|171e894ec24d402fa739333c96f4d55c None'
Calling creation function for not-yet-present value
Cache value generated in 0.001 seconds for key(s): 'keystone.catalog.core:get_v3_catalog|171e894ec24d402fa739333c96f4d55c None'
Released creation lock
No value present for key: 'keystone.federation.core:get_enabled_service_providers|'
NeedRegenerationException
no value, waiting for create lock
value creation lock <dogpile.cache.region.CacheRegion._LockWrapper object at 0x110ac7250> acquired
No value present for key: 'keystone.federation.core:get_enabled_service_providers|'
Calling creation function for not-yet-present value
Cache value generated in 0.000 seconds for key(s): 'keystone.federation.core:get_enabled_service_providers|'
Released creation lock
REQUEST_METHOD: `POST`
SCRIPT_NAME: ``
PATH_INFO: `/v3/auth/tokens`
Truncating password to algorithm specific maximum length 72 characters.
MFA Rules not processed for user `171e894ec24d402fa739333c96f4d55c`. Rule list: `[]` (Enabled: `True`).
Loaded 2 Fernet keys from /var/folders/42/58j27lc523g1bm85nfycfc480000gn/T/tmp9at7lpgx/tmpvne2h6jx, but `[fernet_tokens] max_active_keys = 3`; perhaps there have not been enough key rotations to reach `max_active_keys` yet?
No value present for key: 'keystone.assignment.core:get_roles_for_user_and_project|171e894ec24d402fa739333c96f4d55c d42bd6fdd4e24b47b7b462c02b593262'
NeedRegenerationException
no value, waiting for create lock
value creation lock <dogpile.cache.region.CacheRegion._LockWrapper object at 0x111c5c210> acquired
No value present for key: 'keystone.assignment.core:get_roles_for_user_and_project|171e894ec24d402fa739333c96f4d55c d42bd6fdd4e24b47b7b462c02b593262'
Calling creation function for not-yet-present value
No value present for key: 'keystone.assignment.core:list_role_assignments|None 171e894ec24d402fa739333c96f4d55c None None None d42bd6fdd4e24b47b7b462c02b593262 False None True False None True'
NeedRegenerationException
no value, wait
    ing for create lock
value creation lock <dogpile.cache.region.CacheRegion._LockWrapper object at 0x10fe6d810> acquired
No value present for key: 'keystone.assignment.core:list_role_assignments|None 171e894ec24d402fa739333c96f4d55c None None None d42bd6fdd4e24b47b7b462c02b593262 False None True False None True'
Calling creation function for not-yet-present value
Cache value generated in 0.003 seconds for key(s): 'keystone.assignment.core:list_role_assignments|None 171e894ec24d402fa739333c96f4d55c None None None d42bd6fdd4e24b47b7b462c02b593262 False None True False None True'
Released creation lock
Cache value generated in 0.003 seconds for key(s): 'keystone.assignment.core:get_roles_for_user_and_project|171e894ec24d402fa739333c96f4d55c d42bd6fdd4e24b47b7b462c02b593262'
Released creation lock
No value present for key: 'keystone.catalog.core:get_v3_catalog|171e894ec24d402fa739333c96f4d55c d42bd6fdd4e24b47b7b462c02b593262'
NeedRegenerationException
no value, waiting for create lock
value creation lock <dogpile.cache.region.CacheRegion._LockWrapper object at 0x110c84f90> acquired
No value present for key: 'keystone.catalog.core:get_v3_catalog|171e894ec24d402fa739333c96f4d55c d42bd6fdd4e24b47b7b462c02b593262'
Calling creation function for not-yet-present value
Cache value generated in 0.001 seconds for key(s): 'keystone.catalog.core:get_v3_catalog|171e894ec24d402fa739333c96f4d55c d42bd6fdd4e24b47b7b462c02b593262'
Released creation lock
Authenticating user token
No value present for key: "keystone.token.provider:check_revocation_v3|{'expires_at': datetime.datetime(2026, 9, 17, 13, 19, 46), 'issued_at': datetime.datetime(2026, 9, 17, 12, 19, 46), 'audit_id': 'bRxUwlB9TI-FjBEBJbf-Ng', 'audit_chain_id': None, 'user_id': '171e894ec24d402fa739333c96f4d55c', 'identity_domain_id': 'ce0b650d5c8a401a875d53129a4aca6d', 'project_id': None, 'assignment_domain_id': None, 'roles': ['964087118f9843f98bfe0fb673d01c37'], 'trust_id': None, 'trustor_id': None, 'trustee_id': None, 'consumer_id': None, 'access_token_id': None}"
NeedRegenerationException
no value, waiting for create lock
value creation lock <dogpile.cache.region.CacheRegion._LockWrapper object at 0x10fe6eb10> acquired
No value present for key: "keystone.token.provider:check_revocation_v3|{'expires_at': datetime.datetime(2026, 9, 17, 13, 19, 46), 'issued_at': datetime.datetime(2026, 9, 17, 12, 19, 46), 'audit_id': 'bRxUwlB9TI-FjBEBJbf-Ng', 'audit_chain_id': None, 'user_id': '171e894ec24d402fa739333c96f4d55c', 'identity_domain_id': 'ce0b650d5c8a401a875d53129a4aca6d', 'project_id': None, 'assignment_domain_id': None, 'roles': ['964087118f9843f98bfe0fb673d01c37'], 'trust_id': None, 'trustor_id': None, 'trustee_id': None, 'consumer_id': None, 'access_token_id': None}"
Calling creation function for not-yet-present value
Cache value generated in 0.001 seconds for key(s): "keystone.token.provider:check_revocation_v3|{'expires_at': datetime.datetime(2026, 9, 17, 13, 19, 46), 'issued_at': datetime.datetime(2026, 9, 17, 12 ... (229 characters truncated) ... roles': ['964087118f9843f98bfe0fb673d01c37'], 'trust_id': None, 'trustor_id': None, 'trustee_id': None, 'consumer_id': None, 'access_token_id': None}"
Released creation lock
Validating token access rules against request
RBAC: auth_context: {'token': <TokenModel (audit_id=bRxUwlB9TI-FjBEBJbf-Ng, audit_chain_id=['bRxUwlB9TI-FjBEBJbf-Ng']) at 0x10fed3ad0>, 'domain_id': None, 'trust_id': None, 'trustor_id': None, 'trustee_id': None, 'domain_name': None, 'group_ids': [], 'user_id': '171e894ec24d402fa739333c96f4d55c', 'user_domain_id': 'ce0b650d5c8a401a875d53129a4aca6d', 'system_scope': 'all', 'project_id': None, 'project_domain_id': None, 'roles': ['admin'], 'is_admin_project': True, 'service_user_id': None, 'service_user_domain_id': None, 'service_project_id': None, 'service_project_domain_id': None, 'service_roles': []}
REQUEST_METHOD: `POST`
SCRIPT_NAME: ``
PATH_INFO: `/v3/users`
RBAC: Authorizing `identity:create_user()`
No default policy file present, picking the configured one: None.
The policy file None could not be found.
enforce: rule=
    "identity:create_user" creds={"domain_id": null, "is_admin_project": true, "project_domain_id": null, "project_id": null, "roles": ["admin"], "service_project_domain_id": null, "service_project_id": null, "service_roles": [], "service_user_domain_id": null, "service_user_id": null, "system": "all", "system_scope": "all", "token": {"audit_ids": ["bRxUwlB9TI-FjBEBJbf-Ng"], "catalog": [{"endpoints": [{"description": "303b0bfe21634f579e0effc7056814f8", "id": "562f395716bd47aeb17cf8cfed12c694", "interface": "public", "name": "b6a97ea6dae74540b86cea3249c15e29", "region": "63660f545bde4f3c8eb8ce8b747516f3", "region_id": "63660f545bde4f3c8eb8ce8b747516f3", "url": "https://224a681badec4b68a746bf642dc34bc7.com"}], "id": "4c4f1bde5a1f4853979d53ebf9279a4a", "name": "9ce0bce18a79467f81486f420a86b3c7", "type": "identity"}], "expires_at": "2026-09-17T13:19:46.000000Z", "issued_at": "2026-09-17T12:19:46.000000Z", "methods": ["password"], "roles": [{"id": "964087118f9843f98bfe0fb673d01c37", "name": "admin"}], "system": {"all": true}, "user": {"domain": {"id": "ce0b650d5c8a401a875d53129a4aca6d", "name": "fa7441dcb84e47b991e63f39de41d4d8"}, "id": "171e894ec24d402fa739333c96f4d55c", "name": "3cb961cf6bd644bfbc2a767a26a7380a", "password_expires_at": "***"}}, "user_domain_id": "ce0b650d5c8a401a875d53129a4aca6d", "user_id": "171e894ec24d402fa739333c96f4d55c"} target={"request_body.user.domain_id": "ce0b650d5c8a401a875d53129a4aca6d", "request_body.user.email": "3a711fef398845e2bdd76f7883260d3f", "request_body.user.enabled": true, "request_body.user.id": "07fbb8ab44a2496b8d149964d5feb624", "request_body.user.name": "7718bff1d5f044e69451412590321027", "request_body.user.options.password_policy_exempt": "***", "request_body.user.password": "***", "target.user.domain_id": "ce0b650d5c8a401a875d53129a4aca6d", "target.user.email": "3a711fef398845e2bdd76f7883260d3f", "target.user.enabled": true, "target.user.id": "07fbb8ab44a2496b8d149964d5feb624", "target.user.name": "7718bff1d5f044e69451412590321027", "target.user.options.password_policy_exempt": "***", "target.user.password": "***"}
Deprecated policy rules found. Use oslopolicy-policy-generator and oslopolicy-policy-upgrade to detect and resolve deprecated policies in your configuration.
RBAC: Authorization granted
RBAC: Authorizing `identity:manage_password_policy_exemption()`
enforce: rule="identity:manage_password_policy_exemption" creds={"domain_id": null, "is_admin_project": true, "project_domain_id": null, "project_id": null, "roles": ["admin"], "service_project_domain_id": null, "service_project_id": null, "service_roles": [], "service_user_domain_id": null, "service_user_id": null, "system": "all", "system_scope": "all", "token": {"audit_ids": ["bRxUwlB9TI-FjBEBJbf-Ng"], "catalog": [{"endpoints": [{"description": "303b0bfe21634f579e0effc7056814f8", "id": "562f395716bd47aeb17cf8cfed12c694", "interface": "public", "name": "b6a97ea6dae74540b86cea3249c15e29", "region": "63660f545bde4f3c8eb8ce8b747516f3", "region_id": "63660f545bde4f3c8eb8ce8b747516f3", "url": "https://224a681badec4b68a746bf642dc34bc7.com"}], "id": "4c4f1bde5a1f4853979d53ebf9279a4a", "name": "9ce0bce18a79467f81486f420a86b3c7", "type": "identity"}], "expires_at": "2026-09-17T13:19:46.000000Z", "issued_at": "2026-09-17T12:19:46.000000Z", "methods": ["password"], "roles": [{"id": "964087118f9843f98bfe0fb673d01c37", "name": "admin"}], "system": {"all": true}, "user": {"domain": {"id": "ce0b650d5c8a401a875d53129a4aca6d", "name": "fa7441dcb84e47b991e63f39de41d4d8"}, "id": "171e894ec24d402fa739333c96f4d55c", "name": "3cb961cf6bd644bfbc2a767a26a7380a", "password_expires_at": "***"}}, "user_domain_id": "ce0b650d5c8a401a875d53129a4aca6d", "user_id": "171e894ec24d402fa739333c96f4d55c"} target={"request_body.user.domain_id": "ce0b650d5c8a401a875d53129a4aca6d", "request_body.user.email": "3a711fef398845e2bdd76f7883260d3f", "request_body.user.enabled": true, "request_body.user.id": "07fbb8ab44a2496b8d149964d5feb624", "request_body.user.name": "7718bff1d5f044e69451412590321027", "request_body.user.options.password_policy_exempt": "***", "reques
    t_body.user.password": "***", "target.user.domain_id": "ce0b650d5c8a401a875d53129a4aca6d", "target.user.email": "3a711fef398845e2bdd76f7883260d3f", "target.user.enabled": true, "target.user.id": "07fbb8ab44a2496b8d149964d5feb624", "target.user.name": "7718bff1d5f044e69451412590321027", "target.user.options.password_policy_exempt": "***", "target.user.password": "***"}
RBAC: Authorization granted
Truncating password to algorithm specific maximum length 72 characters.
No value present for key: 'keystone.identity.core:get_user|895ce111c2244c1d891c278fb79a1a93'
NeedRegenerationException
no value, waiting for create lock
value creation lock <dogpile.cache.region.CacheRegion._LockWrapper object at 0x110cbdbd0> acquired
No value present for key: 'keystone.identity.core:get_user|895ce111c2244c1d891c278fb79a1a93'
Calling creation function for not-yet-present value
Cache value generated in 0.001 seconds for key(s): 'keystone.identity.core:get_user|895ce111c2244c1d891c278fb79a1a93'
Released creation lock
Truncating password to algorithm specific maximum length 72 characters.
Authenticating user token
Validating token access rules against request
RBAC: auth_context: {'token': <TokenModel (audit_id=bRxUwlB9TI-FjBEBJbf-Ng, audit_chain_id=['bRxUwlB9TI-FjBEBJbf-Ng']) at 0x112072690>, 'domain_id': None, 'trust_id': None, 'trustor_id': None, 'trustee_id': None, 'domain_name': None, 'group_ids': [], 'user_id': '171e894ec24d402fa739333c96f4d55c', 'user_domain_id': 'ce0b650d5c8a401a875d53129a4aca6d', 'system_scope': 'all', 'project_id': None, 'project_domain_id': None, 'roles': ['admin'], 'is_admin_project': True, 'service_user_id': None, 'service_user_domain_id': None, 'service_project_id': None, 'service_project_domain_id': None, 'service_roles': []}
REQUEST_METHOD: `PATCH`
SCRIPT_NAME: ``
PATH_INFO: `/v3/users/895ce111c2244c1d891c278fb79a1a93`
RBAC: Authorizing `identity:update_user(user_id=895ce111c2244c1d891c278fb79a1a93)`
enforce: rule="identity:update_user" creds={"domain_id": null, "is_admin_project": true, "project_domain_id": null, "project_id": null, "roles": ["admin"], "service_project_domain_id": null, "service_project_id": null, "service_roles": [], "service_user_domain_id": null, "service_user_id": null, "system": "all", "system_scope": "all", "token": {"audit_ids": ["bRxUwlB9TI-FjBEBJbf-Ng"], "catalog": [{"endpoints": [{"description": "303b0bfe21634f579e0effc7056814f8", "id": "562f395716bd47aeb17cf8cfed12c694", "interface": "public", "name": "b6a97ea6dae74540b86cea3249c15e29", "region": "63660f545bde4f3c8eb8ce8b747516f3", "region_id": "63660f545bde4f3c8eb8ce8b747516f3", "url": "https://224a681badec4b68a746bf642dc34bc7.com"}], "id": "4c4f1bde5a1f4853979d53ebf9279a4a", "name": "9ce0bce18a79467f81486f420a86b3c7", "type": "identity"}], "expires_at": "2026-09-17T13:19:46.000000Z", "issued_at": "2026-09-17T12:19:46.000000Z", "methods": ["password"], "roles": [{"id": "964087118f9843f98bfe0fb673d01c37", "name": "admin"}], "system": {"all": true}, "user": {"domain": {"id": "ce0b650d5c8a401a875d53129a4aca6d", "name": "fa7441dcb84e47b991e63f39de41d4d8"}, "id": "171e894ec24d402fa739333c96f4d55c", "name": "3cb961cf6bd644bfbc2a767a26a7380a", "password_expires_at": "***"}}, "user_domain_id": "ce0b650d5c8a401a875d53129a4aca6d", "user_id": "171e894ec24d402fa739333c96f4d55c"} target={"request_body.user.password": "***", "target.user.domain_id": "ce0b650d5c8a401a875d53129a4aca6d", "target.user.email": "3a711fef398845e2bdd76f7883260d3f", "target.user.enabled": true, "target.user.id": "895ce111c2244c1d891c278fb79a1a93", "target.user.name": "7718bff1d5f044e69451412590321027", "target.user.options.password_policy_exempt": "***", "target.user.password_expires_at": "***", "user_id": "895ce111c2244c1d891c278fb79a1a93"}
RBAC: Authorization granted
The password does not match the requirements: None.
Traceback (most recent call last):
  File "/Users/dmitry/Desktop/debug/password-policy-work/keystone/.venv/lib/python3.11/site-packages/flask_restful/__init__.py", line 295, in error_router
    return self.handle_error(e)
           ^^^^^^^^^^^^^^^^^^^^
  Fi
    le "/Users/dmitry/Desktop/debug/password-policy-work/keystone/.venv/lib/python3.11/site-packages/flask_restful/__init__.py", line 310, in handle_error
    _handle_flask_propagate_exceptions_config(current_app, e)
  File "/Users/dmitry/Desktop/debug/password-policy-work/keystone/.venv/lib/python3.11/site-packages/flask/app.py", line 917, in full_dispatch_request
    rv = self.dispatch_request()
         ^^^^^^^^^^^^^^^^^^^^^^^
  File "/Users/dmitry/Desktop/debug/password-policy-work/keystone/.venv/lib/python3.11/site-packages/flask/app.py", line 902, in dispatch_request
    return self.ensure_sync(self.view_functions[rule.endpoint])(**view_args)  # type: ignore[no-any-return]
           ^^^^^^^^^^^^^^^^^^^^^^^^^^^^^^^^^^^^^^^^^^^^^^^^^^^^^^^^^^^^^^^^^
  File "/Users/dmitry/Desktop/debug/password-policy-work/keystone/.venv/lib/python3.11/site-packages/flask_restful/__init__.py", line 489, in wrapper
    resp = resource(*args, **kwargs)
           ^^^^^^^^^^^^^^^^^^^^^^^^^
  File "/Users/dmitry/Desktop/debug/password-policy-work/keystone/.venv/lib/python3.11/site-packages/flask/views.py", line 110, in view
    return current_app.ensure_sync(self.dispatch_request)(**kwargs)  # type: ignore[no-any-return]
           ^^^^^^^^^^^^^^^^^^^^^^^^^^^^^^^^^^^^^^^^^^^^^^^^^^^^^^^^
  File "/Users/dmitry/Desktop/debug/password-policy-work/keystone/.venv/lib/python3.11/site-packages/flask_restful/__init__.py", line 604, in dispatch_request
    resp = meth(*args, **kwargs)
           ^^^^^^^^^^^^^^^^^^^^^
  File "/Users/dmitry/Desktop/debug/password-policy-work/keystone/keystone/api/validation/__init__.py", line 119, in wrapper
    return func(*args, **kwargs)
           ^^^^^^^^^^^^^^^^^^^^^
  File "/Users/dmitry/Desktop/debug/password-policy-work/keystone/keystone/api/validation/__init__.py", line 86, in wrapper
    return func(*args, **kwargs)
           ^^^^^^^^^^^^^^^^^^^^^
  File "/Users/dmitry/Desktop/debug/password-policy-work/keystone/keystone/api/validation/__init__.py", line 145, in wrapper
    response = func(*args, **kwargs)
               ^^^^^^^^^^^^^^^^^^^^^
  File "/Users/dmitry/Desktop/debug/password-policy-work/keystone/keystone/api/users.py", line 282, in patch
    ref = PROVIDERS.identity_api.update_user(
          ^^^^^^^^^^^^^^^^^^^^^^^^^^^^^^^^^^^
  File "/Users/dmitry/Desktop/debug/password-policy-work/keystone/keystone/common/manager.py", line 114, in wrapped
    __ret_val = __f(*args, **kwargs)
                ^^^^^^^^^^^^^^^^^^^^
  File "/Users/dmitry/Desktop/debug/password-policy-work/keystone/keystone/identity/core.py", line 530, in wrapper
    return f(self, *args, **kwargs)
           ^^^^^^^^^^^^^^^^^^^^^^^^
  File "/Users/dmitry/Desktop/debug/password-policy-work/keystone/keystone/identity/core.py", line 542, in wrapper
    return f(self, *args, **kwargs)
           ^^^^^^^^^^^^^^^^^^^^^^^^
  File "/Users/dmitry/Desktop/debug/password-policy-work/keystone/keystone/identity/core.py", line 1381, in update_user
    validators.validate_password(user['password'])
  File "/Users/dmitry/Desktop/debug/password-policy-work/keystone/keystone/common/validation/validators.py", line 41, in validate_password
    raise exception.PasswordRequirementsValidationError(
keystone.exception.PasswordRequirementsValidationError: The password does not match the requirements: None.


Captured pythonlogging:
~~~~~~~~~~~~~~~~~~~~~~~
    2026-09-17 15:19:46,615 INFO [keystone.common.fernet_utils] Created a new temporary key: /var/folders/42/58j27lc523g1bm85nfycfc480000gn/T/tmp9at7lpgx/tmpvne2h6jx/0.tmp
2026-09-17 15:19:46,615 INFO [keystone.common.fernet_utils] Become a valid new key: /var/folders/42/58j27lc523g1bm85nfycfc480000gn/T/tmp9at7lpgx/tmpvne2h6jx/0
2026-09-17 15:19:46,615 INFO [keystone.common.fernet_utils] Starting key rotation with 1 key files: ['/var/folders/42/58j27lc523g1bm85nfycfc480000gn/T/tmp9at7lpgx/tmpvne2h6jx/0']
2026-09-17 15:19:46,615 INFO [keystone.common.fernet_utils] Created a new temporary key: /var/folders/42/58j27lc523g1bm85nfycfc480000gn/T/tmp9at7lpgx/tmpvne2h6jx/0.tmp
2026-09-17 15:19:46,616 INFO [keystone.common.fernet_utils] Current primary key is: 0
2026-09-17 15:19:46,616 INFO [keystone.common.fernet_utils] Next primary key will be: 1
2026-09-17 15:19:46,616 INFO [keystone.common.fernet_utils] Promoted key 0 to be the primary: 1
2026-09-17 15:19:46,616 INFO [keystone.common.fernet_utils] Become a valid new key: /var/folders/42/58j27lc523g1bm85nfycfc480000gn/T/tmp9at7lpgx/tmpvne2h6jx/0
2026-09-17 15:19:46,616 INFO [keystone.common.fernet_utils] Created a new temporary key: /var/folders/42/58j27lc523g1bm85nfycfc480000gn/T/tmp9at7lpgx/tmpwr2pt6di/0.tmp
2026-09-17 15:19:46,616 INFO [keystone.common.fernet_utils] Become a valid new key: /var/folders/42/58j27lc523g1bm85nfycfc480000gn/T/tmp9at7lpgx/tmpwr2pt6di/0
2026-09-17 15:19:46,616 INFO [keystone.common.fernet_utils] Starting key rotation with 1 key files: ['/var/folders/42/58j27lc523g1bm85nfycfc480000gn/T/tmp9at7lpgx/tmpwr2pt6di/0']
2026-09-17 15:19:46,617 INFO [keystone.common.fernet_utils] Created a new temporary key: /var/folders/42/58j27lc523g1bm85nfycfc480000gn/T/tmp9at7lpgx/tmpwr2pt6di/0.tmp
2026-09-17 15:19:46,617 INFO [keystone.common.fernet_utils] Current primary key is: 0
2026-09-17 15:19:46,617 INFO [keystone.common.fernet_utils] Next primary key will be: 1
2026-09-17 15:19:46,617 INFO [keystone.common.fernet_utils] Promoted key 0 to be the primary: 1
2026-09-17 15:19:46,617 INFO [keystone.common.fernet_utils] Become a valid new key: /var/folders/42/58j27lc523g1bm85nfycfc480000gn/T/tmp9at7lpgx/tmpwr2pt6di/0

{0} keystone.tests.unit.test_password_policy_exemption.PasswordPolicyExemptionTests.test_stale_cached_false_does_not_reject_service_self_change [0.094515s] ... FAILED

Captured traceback:
~~~~~~~~~~~~~~~~~~~
    Traceback (most recent call last):

      File "/Users/dmitry/Desktop/debug/password-policy-work/keystone/keystone/tests/unit/test_password_policy_exemption.py", line 259, in test_stale_cached_false_does_not_reject_service_self_change
    self.change(user, 'ValidPass1!', 'x')

      File "/Users/dmitry/Desktop/debug/password-policy-work/keystone/keystone/tests/unit/test_password_policy_exemption.py", line 91, in change
    return self.post(
           ^^^^^^^^^^

      File "/Users/dmitry/Desktop/debug/password-policy-work/keystone/keystone/tests/unit/test_v3.py", line 498, in post
    return self.v3_request(
           ^^^^^^^^^^^^^^^^

      File "/Users/dmitry/Desktop/debug/password-policy-work/keystone/keystone/tests/unit/test_v3.py", line 470, in v3_request
    return self.v3_noauth_request(path, **kwargs)
           ^^^^^^^^^^^^^^^^^^^^^^^^^^^^^^^^^^^^^^

      File "/Users/dmitry/Desktop/debug/password-policy-work/keystone/keystone/tests/unit/test_v3.py", line 465, in v3_noauth_request
    return self.admin_request(path=path, **kwargs)
           ^^^^^^^^^^^^^^^^^^^^^^^^^^^^^^^^^^^^^^^

      File "/Users/dmitry/Desktop/debug/password-policy-work/keystone/keystone/tests/unit/rest.py", line 232, in admin_request
    return self._request(app=self.public_app, **kwargs)
           ^^^^^^^^^^^^^^^^^^^^^^^^^^^^^^^^^^^^^^^^^^^^

      File "/Users/dmitry/Desktop/debug/password-policy-work/keystone/keystone/tests/unit/rest.py", line 221, in _request
    response = self.restful_request(**kwargs)
               ^^^^^^^^^^^^^^^^^^^^^^^^^^^^^^

      File "/Users/dmitry/Desktop/debug/password-policy-work/keystone/keystone/tests/unit/rest.py", line 202, in restful_request
    response = self.request(
               ^^^^^^^^^^^^^

      File "/Users/dmitry/Desktop/debug/password-policy-work/keystone/keystone/tests/unit/rest.py", line 96, in request
    response = app.request(
               ^^^^^^^^^^^^

      File "/Users/dmitry/Desktop/debug/password-policy-work/keystone/.venv/lib/python3.11/site-packages/webtest/app.py", line 586, in request
    return self.do_request(req,
           ^^^^^^^^^^^^^^^^^^^^

      File "/Users/dmitry/Desktop/debug/password-policy-work/keystone/.venv/lib/python3.11/site-packages/webtest/app.py", line 653, in do_request
    self._check_status(status, res)

      File "/Users/dmitry/Desktop/debug/password-policy-work/keystone/.venv/lib/python3.11/site-packages/webtest/app.py", line 687, in _check_status
    raise AppError(

    webtest.app.AppError: Bad response: 400 BAD REQUEST (not 204)
b'{"error":{"code":400,"message":"The password does not match the requirements: None.","title":"Bad Request"}}\n'


Captured pythonlogging:
~~~~~~~~~~~~~~~~~~~~~~~
    Adding cache-proxy 'oslo_cache.testing.CacheIsolatingProxy' to backend.
Adding cache-proxy 'oslo_cache.testing.CacheIsolatingProxy' to backend.
Adding cache-proxy 'oslo_cache.testing.CacheIsolatingProxy' to backend.
No value present for key: 'keystone.resource.core:get_domain|default'
NeedRegenerationException
no value, waiting for create lock
value creation lock <dogpile.cache.region.CacheRegion._LockWrapper object at 0x112082250> acquired
No value present for key: 'keystone.resource.core:get_domain|default'
Calling creation function for not-yet-present value
Released creation lock
No value present for key: 'keystone.resource.core:get_domain|59435e58e803414b86ccff2443527397'
NeedRegenerationException
no value, waiting for create lock
value creation lock <dogpile.cache.region.CacheRegion._LockWrapper object at 0x112031410> acquired
No value present for key: 'keystone.resource.core:get_domain|59435e58e803414b86ccff2443527397'
Calling creation function for not-yet-present value
Cache value generated in 0.001 seconds for key(s): 'keystone.resource.core:get_domain|59435e58e803414b86ccff2443527397'
Released creation lock
Truncating password to algorithm specific maximum length 72 characters.
No value present for key: 'keystone.resource.core:get_domain|default'
NeedRegenerationException
no value, waiting for create lock
value creation lock <dogpile.cache.region.CacheRegion._LockWrapper object at 0x112082250> acquired
No value present for key: 'keystone.resource.core:get_domain|default'
Calling creation function for not-yet-present value
Cache value generated in 0.001 seconds for key(s): 'keystone.resource.core:get_domain|default'
Released creation lock
Truncating password to algorithm specific maximum length 72 characters.
Truncating password to algorithm specific maximum length 72 characters.
No value present for key: 'keystone.catalog.core:get_region|c927b628f9c3470a982aacfc51ae8ac3'
NeedRegenerationException
no value, waiting for create lock
value creation lock <dogpile.cache.region.CacheRegion._LockWrapper object at 0x11201ab50> acquired
No value present for key: 'keystone.catalog.core:get_region|c927b628f9c3470a982aacfc51ae8ac3'
Calling creation function for not-yet-present value
Released creation lock
No value present for key: 'keystone.catalog.core:get_region|c927b628f9c3470a982aacfc51ae8ac3'
NeedRegenerationException
no value, waiting for create lock
value creation lock <dogpile.cache.region.CacheRegion._LockWrapper object at 0x11201ab50> acquired
No value present for key: 'keystone.catalog.core:get_region|c927b628f9c3470a982aacfc51ae8ac3'
Calling creation function for not-yet-present value
Cache value generated in 0.000 seconds for key(s): 'keystone.catalog.core:get_region|c927b628f9c3470a982aacfc51ae8ac3'
Released creation lock
No value present for key: 'keystone.catalog.core:get_service|a25292818c404925b4cd255d9139950e'
NeedRegenerationException
no value, waiting for create lock
value creation lock <dogpile.cache.region.CacheRegion._LockWrapper object at 0x112000690> acquired
No value present for key: 'keystone.catalog.core:get_service|a25292818c404925b4cd255d9139950e'
Calling creation function for not-yet-present value
Cache value generated in 0.000 seconds for key(s): 'keystone.catalog.core:get_service|a25292818c404925b4cd255d9139950e'
Released creation lock
Adding resource routes to API auth: ['/auth/projects' {}]
Adding additional resource route (alternate) to API auth: ['/OS-FEDERATION/projects' {}]
Adding resource routes to API auth: ['/auth/domains' {}]
Adding additional resource route (alternate) to API auth: ['/OS-FEDERATION/domains' {}]
Adding resource routes to API auth: ['/auth/system' {}]
Adding resource routes to API auth: ['/auth/catalog' {}]
Adding resource routes to API auth: ['/auth/tokens/OS-PKI/revoked' {}]
Adding resource routes to API auth: ['/auth/tokens' {}]
Adding resource routes to API auth/OS-FEDERATION: ['/auth/OS-FEDERATION/saml2' {}]
Adding resource routes to API auth/OS-FEDERATION: ['/auth/OS-FEDERATION/saml2/ecp' {}]
Adding resource routes to API auth/OS-FEDERATION: ['/auth/OS-FEDERAT
    ION/websso/<string:protocol_id>' {}]
Adding resource routes to API auth/OS-FEDERATION: ['/auth/OS-FEDERATION/identity_providers/<string:idp_id>/protocols/<string:protocol_id>/websso' {}]
Adding resource routes to API credentials: ['/credentials' {}]
Adding resource routes to API credentials: ['/credentials/<string:credential_id>' {}]
Adding resource routes to API domains: ['/domains' {}]
Adding resource routes to API domains: ['/domains/<string:domain_id>' {}]
Adding resource routes to API domains: ['/domains/<string:domain_id>/config' {}]
Adding resource routes to API domains: ['/domains/<string:domain_id>/config/<string:group>' {}]
Adding resource routes to API domains: ['/domains/<string:domain_id>/config/<string:group>/<string:option>' {}]
Adding resource routes to API domains: ['/domains/config/default' {}]
Adding resource routes to API domains: ['/domains/config/<string:group>/default' {}]
Adding resource routes to API domains: ['/domains/config/<string:group>/<string:option>/default' {}]
Adding resource routes to API domains: ['/domains/<string:domain_id>/users/<string:user_id>/roles' {}]
Adding resource routes to API domains: ['/domains/<string:domain_id>/users/<string:user_id>/roles/<string:role_id>' {}]
Adding resource routes to API domains: ['/domains/<string:domain_id>/groups/<string:group_id>/roles' {}]
Adding resource routes to API domains: ['/domains/<string:domain_id>/groups/<string:group_id>/roles/<string:role_id>' {}]
Adding resource routes to API ec2tokens: ['/ec2tokens' {}]
Adding resource routes to API endpoints: ['/endpoints' {}]
Adding resource routes to API endpoints: ['/endpoints/<string:endpoint_id>' {}]
Adding resource routes to API endpoints: ['/endpoints/<string:endpoint_id>/OS-ENDPOINT-POLICY/policy' {}]
Adding resource routes to API groups: ['/groups' {}]
Adding resource routes to API groups: ['/groups/<string:group_id>' {}]
Adding resource routes to API groups: ['/groups/<string:group_id>/users' {}]
Adding resource routes to API groups: ['/groups/<string:group_id>/users/<string:user_id>' {}]
Adding resource routes to API limits: ['/limits' {}]
Adding resource routes to API limits: ['/limits/<string:limit_id>' {}]
Adding resource routes to API limits: ['/limits/model' {}]
Adding resource routes to API OS-EP-FILTER: ['/endpoint_groups' {}]
Adding resource routes to API OS-EP-FILTER: ['/endpoint_groups/<string:endpoint_group_id>' {}]
Adding resource routes to API OS-EP-FILTER: ['/endpoints/<string:endpoint_id>/projects' {}]
Adding resource routes to API OS-EP-FILTER: ['/projects/<string:project_id>/endpoints/<string:endpoint_id>' {}]
Adding resource routes to API OS-EP-FILTER: ['/projects/<string:project_id>/endpoints' {}]
Adding resource routes to API OS-EP-FILTER: ['/projects/<string:project_id>/endpoint_groups' {}]
Adding resource routes to API OS-EP-FILTER: ['/endpoint_groups/<string:endpoint_group_id>/endpoints' {}]
Adding resource routes to API OS-EP-FILTER: ['/endpoint_groups/<string:endpoint_group_id>/projects' {}]
Adding resource routes to API OS-EP-FILTER: ['/endpoint_groups/<string:endpoint_group_id>/projects/<string:project_id>' {}]
Adding resource routes to API OS-FEDERATION: ['/saml2/metadata' {}]
Adding resource routes to API OS-FEDERATION: ['/identity_providers/<string:idp_id>/protocols/<string:protocol_id>/auth' {}]
Adding resource routes to API identity_providers: ['/identity_providers' {}]
Adding resource routes to API identity_providers: ['/identity_providers/<string:idp_id>' {}]
Adding resource routes to API protocols: ['/OS-FEDERATION/identity_providers/<string:idp_id>/protocols/<string:protocol_id>' {}]
Adding resource routes to API protocols: ['/OS-FEDERATION/identity_providers/<string:idp_id>/protocols' {}]
Adding standard routes to API mappings for `type` (API Prefix: /OS-FEDERATION) [/mappings, /mappings/<string:mapping_id>]
Adding resource routes to API service_providers: ['/service_providers' {}]
Adding resource routes to API service_providers: ['/service_providers/<string:service_provider_id>' {}]
Adding resource routes to API OS-INHERIT: ['/domains/<string:domai
    n_id>/groups/<string:group_id>/roles/<string:role_id>/inherited_to_projects' {}]
Adding resource routes to API OS-INHERIT: ['/domains/<string:domain_id>/groups/<string:group_id>/roles/inherited_to_projects' {}]
Adding resource routes to API OS-INHERIT: ['/domains/<string:domain_id>/users/<string:user_id>/roles/<string:role_id>/inherited_to_projects' {}]
Adding resource routes to API OS-INHERIT: ['/domains/<string:domain_id>/users/<string:user_id>/roles/inherited_to_projects' {}]
Adding resource routes to API OS-INHERIT: ['/projects/<string:project_id>/users/<string:user_id>/roles/<string:role_id>/inherited_to_projects' {}]
Adding resource routes to API OS-INHERIT: ['/projects/<string:project_id>/groups/<string:group_id>/roles/<string:role_id>/inherited_to_projects' {}]
Adding standard routes to API OS-OAUTH1 for `type` (API Prefix: /OS-OAUTH1) [/consumers, /consumers/<string:consumer_id>]
Adding resource routes to API OS-OAUTH1: ['/request_token' {}]
Adding resource routes to API OS-OAUTH1: ['/access_token' {}]
Adding resource routes to API OS-OAUTH1: ['/authorize/<string:request_token_id>' {}]
Adding resource routes to API OS-OAUTH2: ['/token' {}]
Adding resource routes to API events: ['/events' {}]
Adding resource routes to API OS-SIMPLE-CERT: ['/OS-SIMPLE-CERT/ca' {}]
Adding resource routes to API OS-SIMPLE-CERT: ['/OS-SIMPLE-CERT/certificates' {}]
Adding standard routes to API policy for `type` (API Prefix: ) [/policies, /policies/<string:policy_id>]
Adding resource routes to API policy: ['/policies/<string:policy_id>/OS-ENDPOINT-POLICY/endpoints' {}]
Adding resource routes to API policy: ['/policies/<string:policy_id>/OS-ENDPOINT-POLICY/endpoints/<string:endpoint_id>' {}]
Adding resource routes to API policy: ['/policies/<string:policy_id>/OS-ENDPOINT-POLICY/services/<string:service_id>' {}]
Adding resource routes to API policy: ['/policies/<string:policy_id>/OS-ENDPOINT-POLICY/services/<string:service_id>/regions/<string:region_id>' {}]
Adding resource routes to API projects: ['/projects' {}]
Adding resource routes to API projects: ['/projects/<string:project_id>' {}]
Adding resource routes to API projects: ['/projects/<string:project_id>/tags' {}]
Adding resource routes to API projects: ['/projects/<string:project_id>/tags/<string:value>' {}]
Adding resource routes to API projects: ['/projects/<string:project_id>/users/<string:user_id>/roles/<string:role_id>' {}]
Adding resource routes to API projects: ['/projects/<string:project_id>/users/<string:user_id>/roles' {}]
Adding resource routes to API projects: ['/projects/<string:project_id>/groups/<string:group_id>/roles/<string:role_id>' {}]
Adding resource routes to API projects: ['/projects/<string:project_id>/groups/<string:group_id>/roles' {}]
Adding standard routes to API regions for `type` (API Prefix: ) [/regions, /regions/<string:region_id>]
Adding resource routes to API registered_limits: ['/registered_limits' {}]
Adding resource routes to API registered_limits: ['/registered_limits/<string:registered_limit_id>' {}]
Adding resource routes to API role_assignments: ['/role_assignments' {}]
Adding resource routes to API role_inferences: ['/role_inferences' {}]
Adding resource routes to API roles: ['/roles' {}]
Adding resource routes to API roles: ['/roles/<string:role_id>' {}]
Adding resource routes to API roles: ['/roles/<string:prior_role_id>/implies' {}]
Adding resource routes to API roles: ['/roles/<string:prior_role_id>/implies/<string:implied_role_id>' {}]
Adding resource routes to API s3tokens: ['/s3tokens' {}]
Adding resource routes to API services: ['/services' {}]
Adding resource routes to API services: ['/services/<string:service_id>' {}]
Adding resource routes to API system: ['/system/users/<string:user_id>/roles' {}]
Adding resource routes to API system: ['/system/users/<string:user_id>/roles/<string:role_id>' {}]
Adding resource routes to API system: ['/system/groups/<string:group_id>/roles' {}]
Adding resource routes to API system: ['/system/groups/<string:group_id>/roles/<string:role_id>' {}]
Adding resource routes to API trusts: ['/trusts' {}]
    
Adding resource routes to API trusts: ['/trusts/<string:trust_id>' {}]
Adding resource routes to API trusts: ['/trusts/<string:trust_id>/roles' {}]
Adding resource routes to API trusts: ['/trusts/<string:trust_id>/roles/<string:role_id>' {}]
Adding resource routes to API users: ['/users' {}]
Adding resource routes to API users: ['/users/<string:user_id>' {}]
Adding resource routes to API users: ['/users/<string:user_id>/password' {}]
Adding resource routes to API users: ['/users/<string:user_id>/groups' {}]
Adding resource routes to API users: ['/users/<string:user_id>/projects' {}]
Adding resource routes to API users: ['/users/<string:user_id>/credentials/OS-EC2' {}]
Adding resource routes to API users: ['/users/<string:user_id>/credentials/OS-EC2/<string:credential_id>' {}]
Adding resource routes to API users: ['/users/<string:user_id>/OS-OAUTH1/access_tokens' {}]
Adding resource routes to API users: ['/users/<string:user_id>/OS-OAUTH1/access_tokens/<string:access_token_id>' {}]
Adding resource routes to API users: ['/users/<string:user_id>/OS-OAUTH1/access_tokens/<string:access_token_id>/roles' {}]
Adding resource routes to API users: ['/users/<string:user_id>/OS-OAUTH1/access_tokens/<string:access_token_id>/roles/<string:role_id>' {}]
Adding resource routes to API users: ['/users/<string:user_id>/application_credentials' {}]
Adding resource routes to API users: ['/users/<string:user_id>/application_credentials/<string:application_credential_id>' {}]
Adding resource routes to API users: ['/users/<string:user_id>/access_rules' {}]
Adding resource routes to API users: ['/users/<string:user_id>/access_rules/<string:access_rule_id>' {}]
REQUEST_METHOD: `POST`
SCRIPT_NAME: ``
PATH_INFO: `/v3/auth/tokens`
No value present for key: 'keystone.identity.core:get_user_by_name|485e27ac1e4f4fdd9313342671498301 59435e58e803414b86ccff2443527397'
NeedRegenerationException
no value, waiting for create lock
value creation lock <dogpile.cache.region.CacheRegion._LockWrapper object at 0x111140c10> acquired
No value present for key: 'keystone.identity.core:get_user_by_name|485e27ac1e4f4fdd9313342671498301 59435e58e803414b86ccff2443527397'
Calling creation function for not-yet-present value
Cache value generated in 0.003 seconds for key(s): 'keystone.identity.core:get_user_by_name|485e27ac1e4f4fdd9313342671498301 59435e58e803414b86ccff2443527397'
Released creation lock
No value present for key: 'keystone.identity.core:get_user|a2ee9ce503ca4262a87fd4b43dec18fa'
NeedRegenerationException
no value, waiting for create lock
value creation lock <dogpile.cache.region.CacheRegion._LockWrapper object at 0x112319cd0> acquired
No value present for key: 'keystone.identity.core:get_user|a2ee9ce503ca4262a87fd4b43dec18fa'
Calling creation function for not-yet-present value
Cache value generated in 0.002 seconds for key(s): 'keystone.identity.core:get_user|a2ee9ce503ca4262a87fd4b43dec18fa'
Released creation lock
Truncating password to algorithm specific maximum length 72 characters.
No value present for key: "keystone.identity.core:_shadow_nonlocal_user|{'email': 'edb2883ad912403d877ac862ea7e5001', 'id': 'a2ee9ce503ca4262a87fd4b43dec18fa', 'name': '485e27ac1e4f4fdd9313342671498301', 'domain_id': '59435e58e803414b86ccff2443527397', 'enabled': True, 'password_expires_at': None, 'options': {}}"
NeedRegenerationException
no value, waiting for create lock
value creation lock <dogpile.cache.region.CacheRegion._LockWrapper object at 0x1120e6f90> acquired
No value present for key: "keystone.identity.core:_shadow_nonlocal_user|{'email': 'edb2883ad912403d877ac862ea7e5001', 'id': 'a2ee9ce503ca4262a87fd4b43dec18fa', 'name': '485e27ac1e4f4fdd9313342671498301', 'domain_id': '59435e58e803414b86ccff2443527397', 'enabled': True, 'password_expires_at': None, 'options': {}}"
Calling creation function for not-yet-present value
Cache value generated in 0.001 seconds for key(s): "keystone.identity.core:_shadow_nonlocal_user|{'email': 'edb2883ad912403d877ac862ea7e5001', 'id': 'a2ee9ce503ca4262a87fd4b43dec18fa', 'name': '485e27ac1e4f4fdd9313342671498301', 'domain_id': '59435e58
    e803414b86ccff2443527397', 'enabled': True, 'password_expires_at': None, 'options': {}}"
Released creation lock
MFA Rules not processed for user `a2ee9ce503ca4262a87fd4b43dec18fa`. Rule list: `[]` (Enabled: `True`).
Loaded 2 Fernet keys from /var/folders/42/58j27lc523g1bm85nfycfc480000gn/T/tmpdxe0y333/tmp7huds30e, but `[fernet_tokens] max_active_keys = 3`; perhaps there have not been enough key rotations to reach `max_active_keys` yet?
No value present for key: 'keystone.catalog.core:get_v3_catalog|a2ee9ce503ca4262a87fd4b43dec18fa None'
NeedRegenerationException
no value, waiting for create lock
value creation lock <dogpile.cache.region.CacheRegion._LockWrapper object at 0x1122e2310> acquired
No value present for key: 'keystone.catalog.core:get_v3_catalog|a2ee9ce503ca4262a87fd4b43dec18fa None'
Calling creation function for not-yet-present value
Cache value generated in 0.001 seconds for key(s): 'keystone.catalog.core:get_v3_catalog|a2ee9ce503ca4262a87fd4b43dec18fa None'
Released creation lock
No value present for key: 'keystone.federation.core:get_enabled_service_providers|'
NeedRegenerationException
no value, waiting for create lock
value creation lock <dogpile.cache.region.CacheRegion._LockWrapper object at 0x112361310> acquired
No value present for key: 'keystone.federation.core:get_enabled_service_providers|'
Calling creation function for not-yet-present value
Cache value generated in 0.000 seconds for key(s): 'keystone.federation.core:get_enabled_service_providers|'
Released creation lock
REQUEST_METHOD: `POST`
SCRIPT_NAME: ``
PATH_INFO: `/v3/auth/tokens`
Truncating password to algorithm specific maximum length 72 characters.
MFA Rules not processed for user `a2ee9ce503ca4262a87fd4b43dec18fa`. Rule list: `[]` (Enabled: `True`).
Loaded 2 Fernet keys from /var/folders/42/58j27lc523g1bm85nfycfc480000gn/T/tmpdxe0y333/tmp7huds30e, but `[fernet_tokens] max_active_keys = 3`; perhaps there have not been enough key rotations to reach `max_active_keys` yet?
No value present for key: 'keystone.assignment.core:get_roles_for_user_and_project|a2ee9ce503ca4262a87fd4b43dec18fa 6c9cf65b5d2044c391ac335b2c90fc48'
NeedRegenerationException
no value, waiting for create lock
value creation lock <dogpile.cache.region.CacheRegion._LockWrapper object at 0x112386fd0> acquired
No value present for key: 'keystone.assignment.core:get_roles_for_user_and_project|a2ee9ce503ca4262a87fd4b43dec18fa 6c9cf65b5d2044c391ac335b2c90fc48'
Calling creation function for not-yet-present value
No value present for key: 'keystone.assignment.core:list_role_assignments|None a2ee9ce503ca4262a87fd4b43dec18fa None None None 6c9cf65b5d2044c391ac335b2c90fc48 False None True False None True'
NeedRegenerationException
no value, waiting for create lock
value creation lock <dogpile.cache.region.CacheRegion._LockWrapper object at 0x1122da550> acquired
No value present for key: 'keystone.assignment.core:list_role_assignments|None a2ee9ce503ca4262a87fd4b43dec18fa None None None 6c9cf65b5d2044c391ac335b2c90fc48 False None True False None True'
Calling creation function for not-yet-present value
Cache value generated in 0.003 seconds for key(s): 'keystone.assignment.core:list_role_assignments|None a2ee9ce503ca4262a87fd4b43dec18fa None None None 6c9cf65b5d2044c391ac335b2c90fc48 False None True False None True'
Released creation lock
Cache value generated in 0.003 seconds for key(s): 'keystone.assignment.core:get_roles_for_user_and_project|a2ee9ce503ca4262a87fd4b43dec18fa 6c9cf65b5d2044c391ac335b2c90fc48'
Released creation lock
No value present for key: 'keystone.catalog.core:get_v3_catalog|a2ee9ce503ca4262a87fd4b43dec18fa 6c9cf65b5d2044c391ac335b2c90fc48'
NeedRegenerationException
no value, waiting for create lock
value creation lock <dogpile.cache.region.CacheRegion._LockWrapper object at 0x1123873d0> acquired
No value present for key: 'keystone.catalog.core:get_v3_catalog|a2ee9ce503ca4262a87fd4b43dec18fa 6c9cf65b5d2044c391ac335b2c90fc48'
Calling creation function for not-yet-present value
Cache value generated in 0.001 seconds for key(s): 'keystone.catalog.core:get_v3_catalog|
    a2ee9ce503ca4262a87fd4b43dec18fa 6c9cf65b5d2044c391ac335b2c90fc48'
Released creation lock
Authenticating user token
No value present for key: "keystone.token.provider:check_revocation_v3|{'expires_at': datetime.datetime(2026, 9, 17, 13, 19, 46), 'issued_at': datetime.datetime(2026, 9, 17, 12, 19, 46), 'audit_id': 'CnUVBxmVRai7qqjDcIENlg', 'audit_chain_id': None, 'user_id': 'a2ee9ce503ca4262a87fd4b43dec18fa', 'identity_domain_id': '59435e58e803414b86ccff2443527397', 'project_id': None, 'assignment_domain_id': None, 'roles': ['b2176e787cb347f39ec556954e654fe6'], 'trust_id': None, 'trustor_id': None, 'trustee_id': None, 'consumer_id': None, 'access_token_id': None}"
NeedRegenerationException
no value, waiting for create lock
value creation lock <dogpile.cache.region.CacheRegion._LockWrapper object at 0x112337cd0> acquired
No value present for key: "keystone.token.provider:check_revocation_v3|{'expires_at': datetime.datetime(2026, 9, 17, 13, 19, 46), 'issued_at': datetime.datetime(2026, 9, 17, 12, 19, 46), 'audit_id': 'CnUVBxmVRai7qqjDcIENlg', 'audit_chain_id': None, 'user_id': 'a2ee9ce503ca4262a87fd4b43dec18fa', 'identity_domain_id': '59435e58e803414b86ccff2443527397', 'project_id': None, 'assignment_domain_id': None, 'roles': ['b2176e787cb347f39ec556954e654fe6'], 'trust_id': None, 'trustor_id': None, 'trustee_id': None, 'consumer_id': None, 'access_token_id': None}"
Calling creation function for not-yet-present value
Cache value generated in 0.001 seconds for key(s): "keystone.token.provider:check_revocation_v3|{'expires_at': datetime.datetime(2026, 9, 17, 13, 19, 46), 'issued_at': datetime.datetime(2026, 9, 17, 12 ... (229 characters truncated) ... roles': ['b2176e787cb347f39ec556954e654fe6'], 'trust_id': None, 'trustor_id': None, 'trustee_id': None, 'consumer_id': None, 'access_token_id': None}"
Released creation lock
Validating token access rules against request
RBAC: auth_context: {'token': <TokenModel (audit_id=CnUVBxmVRai7qqjDcIENlg, audit_chain_id=['CnUVBxmVRai7qqjDcIENlg']) at 0x112386b90>, 'domain_id': None, 'trust_id': None, 'trustor_id': None, 'trustee_id': None, 'domain_name': None, 'group_ids': [], 'user_id': 'a2ee9ce503ca4262a87fd4b43dec18fa', 'user_domain_id': '59435e58e803414b86ccff2443527397', 'system_scope': 'all', 'project_id': None, 'project_domain_id': None, 'roles': ['admin'], 'is_admin_project': True, 'service_user_id': None, 'service_user_domain_id': None, 'service_project_id': None, 'service_project_domain_id': None, 'service_roles': []}
REQUEST_METHOD: `POST`
SCRIPT_NAME: ``
PATH_INFO: `/v3/users`
RBAC: Authorizing `identity:create_user()`
No default policy file present, picking the configured one: None.
The policy file None could not be found.
enforce: rule="identity:create_user" creds={"domain_id": null, "is_admin_project": true, "project_domain_id": null, "project_id": null, "roles": ["admin"], "service_project_domain_id": null, "service_project_id": null, "service_roles": [], "service_user_domain_id": null, "service_user_id": null, "system": "all", "system_scope": "all", "token": {"audit_ids": ["CnUVBxmVRai7qqjDcIENlg"], "catalog": [{"endpoints": [{"description": "0d1826a5b29044619c04c8b1c54f0cec", "id": "b2acd3e62db44da4bed6109852631047", "interface": "public", "name": "265e041d76cc46f9baa9f5dc49c6068c", "region": "c927b628f9c3470a982aacfc51ae8ac3", "region_id": "c927b628f9c3470a982aacfc51ae8ac3", "url": "https://107fa7e50955483ea47dbbd2c8d1819e.com"}], "id": "a25292818c404925b4cd255d9139950e", "name": "7b7e2e8a48104b6bba50bb9ce273ff9e", "type": "identity"}], "expires_at": "2026-09-17T13:19:46.000000Z", "issued_at": "2026-09-17T12:19:46.000000Z", "methods": ["password"], "roles": [{"id": "b2176e787cb347f39ec556954e654fe6", "name": "admin"}], "system": {"all": true}, "user": {"domain": {"id": "59435e58e803414b86ccff2443527397", "name": "45cb3708de3b424d994c715d30f63113"}, "id": "a2ee9ce503ca4262a87fd4b43dec18fa", "name": "485e27ac1e4f4fdd9313342671498301", "password_expires_at": "***"}}, "user_domain_id": "59435e58e803414b86ccff2443527397", "user_id": "a2ee9ce503ca4262a87fd4b43dec18fa"} target
    ={"request_body.user.domain_id": "59435e58e803414b86ccff2443527397", "request_body.user.email": "f0f85ec0ee424b29b3c903220257a375", "request_body.user.enabled": true, "request_body.user.id": "35d6bc9066424cfab8d0a5edc02a04c1", "request_body.user.name": "b6882a190cb34379aaa510a0de6b2148", "request_body.user.options.password_policy_exempt": "***", "request_body.user.password": "***", "target.user.domain_id": "59435e58e803414b86ccff2443527397", "target.user.email": "f0f85ec0ee424b29b3c903220257a375", "target.user.enabled": true, "target.user.id": "35d6bc9066424cfab8d0a5edc02a04c1", "target.user.name": "b6882a190cb34379aaa510a0de6b2148", "target.user.options.password_policy_exempt": "***", "target.user.password": "***"}
Deprecated policy rules found. Use oslopolicy-policy-generator and oslopolicy-policy-upgrade to detect and resolve deprecated policies in your configuration.
RBAC: Authorization granted
RBAC: Authorizing `identity:manage_password_policy_exemption()`
enforce: rule="identity:manage_password_policy_exemption" creds={"domain_id": null, "is_admin_project": true, "project_domain_id": null, "project_id": null, "roles": ["admin"], "service_project_domain_id": null, "service_project_id": null, "service_roles": [], "service_user_domain_id": null, "service_user_id": null, "system": "all", "system_scope": "all", "token": {"audit_ids": ["CnUVBxmVRai7qqjDcIENlg"], "catalog": [{"endpoints": [{"description": "0d1826a5b29044619c04c8b1c54f0cec", "id": "b2acd3e62db44da4bed6109852631047", "interface": "public", "name": "265e041d76cc46f9baa9f5dc49c6068c", "region": "c927b628f9c3470a982aacfc51ae8ac3", "region_id": "c927b628f9c3470a982aacfc51ae8ac3", "url": "https://107fa7e50955483ea47dbbd2c8d1819e.com"}], "id": "a25292818c404925b4cd255d9139950e", "name": "7b7e2e8a48104b6bba50bb9ce273ff9e", "type": "identity"}], "expires_at": "2026-09-17T13:19:46.000000Z", "issued_at": "2026-09-17T12:19:46.000000Z", "methods": ["password"], "roles": [{"id": "b2176e787cb347f39ec556954e654fe6", "name": "admin"}], "system": {"all": true}, "user": {"domain": {"id": "59435e58e803414b86ccff2443527397", "name": "45cb3708de3b424d994c715d30f63113"}, "id": "a2ee9ce503ca4262a87fd4b43dec18fa", "name": "485e27ac1e4f4fdd9313342671498301", "password_expires_at": "***"}}, "user_domain_id": "59435e58e803414b86ccff2443527397", "user_id": "a2ee9ce503ca4262a87fd4b43dec18fa"} target={"request_body.user.domain_id": "59435e58e803414b86ccff2443527397", "request_body.user.email": "f0f85ec0ee424b29b3c903220257a375", "request_body.user.enabled": true, "request_body.user.id": "35d6bc9066424cfab8d0a5edc02a04c1", "request_body.user.name": "b6882a190cb34379aaa510a0de6b2148", "request_body.user.options.password_policy_exempt": "***", "request_body.user.password": "***", "target.user.domain_id": "59435e58e803414b86ccff2443527397", "target.user.email": "f0f85ec0ee424b29b3c903220257a375", "target.user.enabled": true, "target.user.id": "35d6bc9066424cfab8d0a5edc02a04c1", "target.user.name": "b6882a190cb34379aaa510a0de6b2148", "target.user.options.password_policy_exempt": "***", "target.user.password": "***"}
RBAC: Authorization granted
Truncating password to algorithm specific maximum length 72 characters.
No value present for key: 'keystone.identity.core:get_user|b9fcca04e44a48429d2a95db6a0e6483'
NeedRegenerationException
no value, waiting for create lock
value creation lock <dogpile.cache.region.CacheRegion._LockWrapper object at 0x1123c8690> acquired
No value present for key: 'keystone.identity.core:get_user|b9fcca04e44a48429d2a95db6a0e6483'
Calling creation function for not-yet-present value
Cache value generated in 0.001 seconds for key(s): 'keystone.identity.core:get_user|b9fcca04e44a48429d2a95db6a0e6483'
Released creation lock
Truncating password to algorithm specific maximum length 72 characters.
REQUEST_METHOD: `POST`
SCRIPT_NAME: ``
PATH_INFO: `/v3/users/b9fcca04e44a48429d2a95db6a0e6483/password`
Truncating password to algorithm specific maximum length 72 characters.
No value present for key: "keystone.identity.core:_shadow_nonlocal_user|{'email': 'f0f85ec0ee424b29b3c903220
    257a375', 'id': 'b9fcca04e44a48429d2a95db6a0e6483', 'name': 'b6882a190cb34379aaa510a0de6b2148', 'domain_id': '59435e58e803414b86ccff2443527397', 'enabled': True, 'password_expires_at': None, 'options': {'password_policy_exempt': True}}"
NeedRegenerationException
no value, waiting for create lock
value creation lock <dogpile.cache.region.CacheRegion._LockWrapper object at 0x1123b8550> acquired
No value present for key: "keystone.identity.core:_shadow_nonlocal_user|{'email': 'f0f85ec0ee424b29b3c903220257a375', 'id': 'b9fcca04e44a48429d2a95db6a0e6483', 'name': 'b6882a190cb34379aaa510a0de6b2148', 'domain_id': '59435e58e803414b86ccff2443527397', 'enabled': True, 'password_expires_at': None, 'options': {'password_policy_exempt': True}}"
Calling creation function for not-yet-present value
Cache value generated in 0.000 seconds for key(s): "keystone.identity.core:_shadow_nonlocal_user|{'email': 'f0f85ec0ee424b29b3c903220257a375', 'id': 'b9fcca04e44a48429d2a95db6a0e6483', 'name': 'b6882a1 ... (18 characters truncated) ... e6b2148', 'domain_id': '59435e58e803414b86ccff2443527397', 'enabled': True, 'password_expires_at': None, 'options': {'password_policy_exempt': True}}"
Released creation lock
The password does not match the requirements: None.
Traceback (most recent call last):
  File "/Users/dmitry/Desktop/debug/password-policy-work/keystone/.venv/lib/python3.11/site-packages/flask_restful/__init__.py", line 295, in error_router
    return self.handle_error(e)
           ^^^^^^^^^^^^^^^^^^^^
  File "/Users/dmitry/Desktop/debug/password-policy-work/keystone/.venv/lib/python3.11/site-packages/flask_restful/__init__.py", line 310, in handle_error
    _handle_flask_propagate_exceptions_config(current_app, e)
  File "/Users/dmitry/Desktop/debug/password-policy-work/keystone/.venv/lib/python3.11/site-packages/flask/app.py", line 917, in full_dispatch_request
    rv = self.dispatch_request()
         ^^^^^^^^^^^^^^^^^^^^^^^
  File "/Users/dmitry/Desktop/debug/password-policy-work/keystone/.venv/lib/python3.11/site-packages/flask/app.py", line 902, in dispatch_request
    return self.ensure_sync(self.view_functions[rule.endpoint])(**view_args)  # type: ignore[no-any-return]
           ^^^^^^^^^^^^^^^^^^^^^^^^^^^^^^^^^^^^^^^^^^^^^^^^^^^^^^^^^^^^^^^^^
  File "/Users/dmitry/Desktop/debug/password-policy-work/keystone/.venv/lib/python3.11/site-packages/flask_restful/__init__.py", line 489, in wrapper
    resp = resource(*args, **kwargs)
           ^^^^^^^^^^^^^^^^^^^^^^^^^
  File "/Users/dmitry/Desktop/debug/password-policy-work/keystone/.venv/lib/python3.11/site-packages/flask/views.py", line 110, in view
    return current_app.ensure_sync(self.dispatch_request)(**kwargs)  # type: ignore[no-any-return]
           ^^^^^^^^^^^^^^^^^^^^^^^^^^^^^^^^^^^^^^^^^^^^^^^^^^^^^^^^
  File "/Users/dmitry/Desktop/debug/password-policy-work/keystone/.venv/lib/python3.11/site-packages/flask_restful/__init__.py", line 604, in dispatch_request
    resp = meth(*args, **kwargs)
           ^^^^^^^^^^^^^^^^^^^^^
  File "/Users/dmitry/Desktop/debug/password-policy-work/keystone/keystone/server/flask/common.py", line 1159, in wrapper
    return f(*args, **kwargs)
           ^^^^^^^^^^^^^^^^^^
  File "/Users/dmitry/Desktop/debug/password-policy-work/keystone/keystone/api/users.py", line 395, in post
    PROVIDERS.identity_api.change_password(
  File "/Users/dmitry/Desktop/debug/password-policy-work/keystone/keystone/common/manager.py", line 114, in wrapped
    __ret_val = __f(*args, **kwargs)
                ^^^^^^^^^^^^^^^^^^^^
  File "/Users/dmitry/Desktop/debug/password-policy-work/keystone/keystone/identity/core.py", line 530, in wrapper
    return f(self, *args, **kwargs)
           ^^^^^^^^^^^^^^^^^^^^^^^^
  File "/Users/dmitry/Desktop/debug/password-policy-work/keystone/keystone/identity/core.py", line 1739, in change_password
    validators.validate_password(new_password)
  File "/Users/dmitry/Desktop/debug/password-policy-work/keystone/keystone/common/validation/validators.py", line 41, in validate_password
    raise exception.PasswordRequirementsValidatio
    nError(
keystone.exception.PasswordRequirementsValidationError: The password does not match the requirements: None.


Captured pythonlogging:
~~~~~~~~~~~~~~~~~~~~~~~
    2026-09-17 15:19:46,800 INFO [keystone.common.fernet_utils] Created a new temporary key: /var/folders/42/58j27lc523g1bm85nfycfc480000gn/T/tmpdxe0y333/tmp7huds30e/0.tmp
2026-09-17 15:19:46,800 INFO [keystone.common.fernet_utils] Become a valid new key: /var/folders/42/58j27lc523g1bm85nfycfc480000gn/T/tmpdxe0y333/tmp7huds30e/0
2026-09-17 15:19:46,800 INFO [keystone.common.fernet_utils] Starting key rotation with 1 key files: ['/var/folders/42/58j27lc523g1bm85nfycfc480000gn/T/tmpdxe0y333/tmp7huds30e/0']
2026-09-17 15:19:46,800 INFO [keystone.common.fernet_utils] Created a new temporary key: /var/folders/42/58j27lc523g1bm85nfycfc480000gn/T/tmpdxe0y333/tmp7huds30e/0.tmp
2026-09-17 15:19:46,800 INFO [keystone.common.fernet_utils] Current primary key is: 0
2026-09-17 15:19:46,800 INFO [keystone.common.fernet_utils] Next primary key will be: 1
2026-09-17 15:19:46,801 INFO [keystone.common.fernet_utils] Promoted key 0 to be the primary: 1
2026-09-17 15:19:46,801 INFO [keystone.common.fernet_utils] Become a valid new key: /var/folders/42/58j27lc523g1bm85nfycfc480000gn/T/tmpdxe0y333/tmp7huds30e/0
2026-09-17 15:19:46,801 INFO [keystone.common.fernet_utils] Created a new temporary key: /var/folders/42/58j27lc523g1bm85nfycfc480000gn/T/tmpdxe0y333/tmplw6jhb1q/0.tmp
2026-09-17 15:19:46,801 INFO [keystone.common.fernet_utils] Become a valid new key: /var/folders/42/58j27lc523g1bm85nfycfc480000gn/T/tmpdxe0y333/tmplw6jhb1q/0
2026-09-17 15:19:46,801 INFO [keystone.common.fernet_utils] Starting key rotation with 1 key files: ['/var/folders/42/58j27lc523g1bm85nfycfc480000gn/T/tmpdxe0y333/tmplw6jhb1q/0']
2026-09-17 15:19:46,801 INFO [keystone.common.fernet_utils] Created a new temporary key: /var/folders/42/58j27lc523g1bm85nfycfc480000gn/T/tmpdxe0y333/tmplw6jhb1q/0.tmp
2026-09-17 15:19:46,801 INFO [keystone.common.fernet_utils] Current primary key is: 0
2026-09-17 15:19:46,802 INFO [keystone.common.fernet_utils] Next primary key will be: 1
2026-09-17 15:19:46,802 INFO [keystone.common.fernet_utils] Promoted key 0 to be the primary: 1
2026-09-17 15:19:46,802 INFO [keystone.common.fernet_utils] Become a valid new key: /var/folders/42/58j27lc523g1bm85nfycfc480000gn/T/tmpdxe0y333/tmplw6jhb1q/0

{0} keystone.tests.unit.test_password_policy_exemption.PasswordPolicyExemptionTests.test_stale_cached_true_cannot_bypass_reset [0.098829s] ... FAILED

Captured traceback:
~~~~~~~~~~~~~~~~~~~
    Traceback (most recent call last):

      File "/Users/dmitry/Desktop/debug/password-policy-work/keystone/keystone/tests/unit/test_password_policy_exemption.py", line 232, in test_stale_cached_true_cannot_bypass_reset
    self.update(user, password='x', status=400)

      File "/Users/dmitry/Desktop/debug/password-policy-work/keystone/keystone/tests/unit/test_password_policy_exemption.py", line 83, in update
    return self.patch(
           ^^^^^^^^^^^

      File "/Users/dmitry/Desktop/debug/password-policy-work/keystone/keystone/tests/unit/test_v3.py", line 508, in patch
    return self.v3_request(
           ^^^^^^^^^^^^^^^^

      File "/Users/dmitry/Desktop/debug/password-policy-work/keystone/keystone/tests/unit/test_v3.py", line 483, in v3_request
    return self.admin_request(path=path, token=token, **kwargs)
           ^^^^^^^^^^^^^^^^^^^^^^^^^^^^^^^^^^^^^^^^^^^^^^^^^^^^

      File "/Users/dmitry/Desktop/debug/password-policy-work/keystone/keystone/tests/unit/rest.py", line 232, in admin_request
    return self._request(app=self.public_app, **kwargs)
           ^^^^^^^^^^^^^^^^^^^^^^^^^^^^^^^^^^^^^^^^^^^^

      File "/Users/dmitry/Desktop/debug/password-policy-work/keystone/keystone/tests/unit/rest.py", line 221, in _request
    response = self.restful_request(**kwargs)
               ^^^^^^^^^^^^^^^^^^^^^^^^^^^^^^

      File "/Users/dmitry/Desktop/debug/password-policy-work/keystone/keystone/tests/unit/rest.py", line 202, in restful_request
    response = self.request(
               ^^^^^^^^^^^^^

      File "/Users/dmitry/Desktop/debug/password-policy-work/keystone/keystone/tests/unit/rest.py", line 96, in request
    response = app.request(
               ^^^^^^^^^^^^

      File "/Users/dmitry/Desktop/debug/password-policy-work/keystone/.venv/lib/python3.11/site-packages/webtest/app.py", line 586, in request
    return self.do_request(req,
           ^^^^^^^^^^^^^^^^^^^^

      File "/Users/dmitry/Desktop/debug/password-policy-work/keystone/.venv/lib/python3.11/site-packages/webtest/app.py", line 653, in do_request
    self._check_status(status, res)

      File "/Users/dmitry/Desktop/debug/password-policy-work/keystone/.venv/lib/python3.11/site-packages/webtest/app.py", line 687, in _check_status
    raise AppError(

    webtest.app.AppError: Bad response: 200 OK (not 400)
b'{"user": {"email": "46cfc6f7945f47ee8c5d3f37f46f2a86", "id": "7997c128079e40a196093f3f7d0919e2", "name": "ab8a75c5d02e44538f9e8dd5fcfa5243", "domain_id": "1af167620d6e4180b395773d574a2f5c", "enabled": true, "password_expires_at": null, "extra": {"email": "46cfc6f7945f47ee8c5d3f37f46f2a86"}, "options": {"password_policy_exempt": false}, "links": {"self": "http://localhost/v3/users/7997c128079e40a196093f3f7d0919e2"}}}\n'


Captured pythonlogging:
~~~~~~~~~~~~~~~~~~~~~~~
    Adding cache-proxy 'oslo_cache.testing.CacheIsolatingProxy' to backend.
Adding cache-proxy 'oslo_cache.testing.CacheIsolatingProxy' to backend.
Adding cache-proxy 'oslo_cache.testing.CacheIsolatingProxy' to backend.
No value present for key: 'keystone.resource.core:get_domain|default'
NeedRegenerationException
no value, waiting for create lock
value creation lock <dogpile.cache.region.CacheRegion._LockWrapper object at 0x11243fe50> acquired
No value present for key: 'keystone.resource.core:get_domain|default'
Calling creation function for not-yet-present value
Released creation lock
No value present for key: 'keystone.resource.core:get_domain|1af167620d6e4180b395773d574a2f5c'
NeedRegenerationException
no value, waiting for create lock
value creation lock <dogpile.cache.region.CacheRegion._LockWrapper object at 0x112303550> acquired
No value present for key: 'keystone.resource.core:get_domain|1af167620d6e4180b395773d574a2f5c'
Calling creation function for not-yet-present value
Cache value generated in 0.001 seconds for key(s): 'keystone.resource.core:get_domain|1af167620d6e4180b395773d574a2f5c'
Released creation lock
Truncating password to algorithm specific maximum length 72 characters.
No value present for key: 'keystone.resource.core:get_domain|default'
NeedRegenerationException
no value, waiting for create lock
value creation lock <dogpile.cache.region.CacheRegion._LockWrapper object at 0x10fe81110> acquired
No value present for key: 'keystone.resource.core:get_domain|default'
Calling creation function for not-yet-present value
Cache value generated in 0.001 seconds for key(s): 'keystone.resource.core:get_domain|default'
Released creation lock
Truncating password to algorithm specific maximum length 72 characters.
Truncating password to algorithm specific maximum length 72 characters.
No value present for key: 'keystone.catalog.core:get_region|ed4366deebd6463b9385121357de272d'
NeedRegenerationException
no value, waiting for create lock
value creation lock <dogpile.cache.region.CacheRegion._LockWrapper object at 0x1122c5050> acquired
No value present for key: 'keystone.catalog.core:get_region|ed4366deebd6463b9385121357de272d'
Calling creation function for not-yet-present value
Released creation lock
No value present for key: 'keystone.catalog.core:get_region|ed4366deebd6463b9385121357de272d'
NeedRegenerationException
no value, waiting for create lock
value creation lock <dogpile.cache.region.CacheRegion._LockWrapper object at 0x1122c5050> acquired
No value present for key: 'keystone.catalog.core:get_region|ed4366deebd6463b9385121357de272d'
Calling creation function for not-yet-present value
Cache value generated in 0.000 seconds for key(s): 'keystone.catalog.core:get_region|ed4366deebd6463b9385121357de272d'
Released creation lock
No value present for key: 'keystone.catalog.core:get_service|feea136b31b84a77978ccd5d07f8ab0f'
NeedRegenerationException
no value, waiting for create lock
value creation lock <dogpile.cache.region.CacheRegion._LockWrapper object at 0x112046d50> acquired
No value present for key: 'keystone.catalog.core:get_service|feea136b31b84a77978ccd5d07f8ab0f'
Calling creation function for not-yet-present value
Cache value generated in 0.000 seconds for key(s): 'keystone.catalog.core:get_service|feea136b31b84a77978ccd5d07f8ab0f'
Released creation lock
Adding resource routes to API auth: ['/auth/projects' {}]
Adding additional resource route (alternate) to API auth: ['/OS-FEDERATION/projects' {}]
Adding resource routes to API auth: ['/auth/domains' {}]
Adding additional resource route (alternate) to API auth: ['/OS-FEDERATION/domains' {}]
Adding resource routes to API auth: ['/auth/system' {}]
Adding resource routes to API auth: ['/auth/catalog' {}]
Adding resource routes to API auth: ['/auth/tokens/OS-PKI/revoked' {}]
Adding resource routes to API auth: ['/auth/tokens' {}]
Adding resource routes to API auth/OS-FEDERATION: ['/auth/OS-FEDERATION/saml2' {}]
Adding resource routes to API auth/OS-FEDERATION: ['/auth/OS-FEDERATION/saml2/ecp' {}]
Adding resource routes to API auth/OS-FEDERATION: ['/auth/OS-FEDERAT
    ION/websso/<string:protocol_id>' {}]
Adding resource routes to API auth/OS-FEDERATION: ['/auth/OS-FEDERATION/identity_providers/<string:idp_id>/protocols/<string:protocol_id>/websso' {}]
Adding resource routes to API credentials: ['/credentials' {}]
Adding resource routes to API credentials: ['/credentials/<string:credential_id>' {}]
Adding resource routes to API domains: ['/domains' {}]
Adding resource routes to API domains: ['/domains/<string:domain_id>' {}]
Adding resource routes to API domains: ['/domains/<string:domain_id>/config' {}]
Adding resource routes to API domains: ['/domains/<string:domain_id>/config/<string:group>' {}]
Adding resource routes to API domains: ['/domains/<string:domain_id>/config/<string:group>/<string:option>' {}]
Adding resource routes to API domains: ['/domains/config/default' {}]
Adding resource routes to API domains: ['/domains/config/<string:group>/default' {}]
Adding resource routes to API domains: ['/domains/config/<string:group>/<string:option>/default' {}]
Adding resource routes to API domains: ['/domains/<string:domain_id>/users/<string:user_id>/roles' {}]
Adding resource routes to API domains: ['/domains/<string:domain_id>/users/<string:user_id>/roles/<string:role_id>' {}]
Adding resource routes to API domains: ['/domains/<string:domain_id>/groups/<string:group_id>/roles' {}]
Adding resource routes to API domains: ['/domains/<string:domain_id>/groups/<string:group_id>/roles/<string:role_id>' {}]
Adding resource routes to API ec2tokens: ['/ec2tokens' {}]
Adding resource routes to API endpoints: ['/endpoints' {}]
Adding resource routes to API endpoints: ['/endpoints/<string:endpoint_id>' {}]
Adding resource routes to API endpoints: ['/endpoints/<string:endpoint_id>/OS-ENDPOINT-POLICY/policy' {}]
Adding resource routes to API groups: ['/groups' {}]
Adding resource routes to API groups: ['/groups/<string:group_id>' {}]
Adding resource routes to API groups: ['/groups/<string:group_id>/users' {}]
Adding resource routes to API groups: ['/groups/<string:group_id>/users/<string:user_id>' {}]
Adding resource routes to API limits: ['/limits' {}]
Adding resource routes to API limits: ['/limits/<string:limit_id>' {}]
Adding resource routes to API limits: ['/limits/model' {}]
Adding resource routes to API OS-EP-FILTER: ['/endpoint_groups' {}]
Adding resource routes to API OS-EP-FILTER: ['/endpoint_groups/<string:endpoint_group_id>' {}]
Adding resource routes to API OS-EP-FILTER: ['/endpoints/<string:endpoint_id>/projects' {}]
Adding resource routes to API OS-EP-FILTER: ['/projects/<string:project_id>/endpoints/<string:endpoint_id>' {}]
Adding resource routes to API OS-EP-FILTER: ['/projects/<string:project_id>/endpoints' {}]
Adding resource routes to API OS-EP-FILTER: ['/projects/<string:project_id>/endpoint_groups' {}]
Adding resource routes to API OS-EP-FILTER: ['/endpoint_groups/<string:endpoint_group_id>/endpoints' {}]
Adding resource routes to API OS-EP-FILTER: ['/endpoint_groups/<string:endpoint_group_id>/projects' {}]
Adding resource routes to API OS-EP-FILTER: ['/endpoint_groups/<string:endpoint_group_id>/projects/<string:project_id>' {}]
Adding resource routes to API OS-FEDERATION: ['/saml2/metadata' {}]
Adding resource routes to API OS-FEDERATION: ['/identity_providers/<string:idp_id>/protocols/<string:protocol_id>/auth' {}]
Adding resource routes to API identity_providers: ['/identity_providers' {}]
Adding resource routes to API identity_providers: ['/identity_providers/<string:idp_id>' {}]
Adding resource routes to API protocols: ['/OS-FEDERATION/identity_providers/<string:idp_id>/protocols/<string:protocol_id>' {}]
Adding resource routes to API protocols: ['/OS-FEDERATION/identity_providers/<string:idp_id>/protocols' {}]
Adding standard routes to API mappings for `type` (API Prefix: /OS-FEDERATION) [/mappings, /mappings/<string:mapping_id>]
Adding resource routes to API service_providers: ['/service_providers' {}]
Adding resource routes to API service_providers: ['/service_providers/<string:service_provider_id>' {}]
Adding resource routes to API OS-INHERIT: ['/domains/<string:domai
    n_id>/groups/<string:group_id>/roles/<string:role_id>/inherited_to_projects' {}]
Adding resource routes to API OS-INHERIT: ['/domains/<string:domain_id>/groups/<string:group_id>/roles/inherited_to_projects' {}]
Adding resource routes to API OS-INHERIT: ['/domains/<string:domain_id>/users/<string:user_id>/roles/<string:role_id>/inherited_to_projects' {}]
Adding resource routes to API OS-INHERIT: ['/domains/<string:domain_id>/users/<string:user_id>/roles/inherited_to_projects' {}]
Adding resource routes to API OS-INHERIT: ['/projects/<string:project_id>/users/<string:user_id>/roles/<string:role_id>/inherited_to_projects' {}]
Adding resource routes to API OS-INHERIT: ['/projects/<string:project_id>/groups/<string:group_id>/roles/<string:role_id>/inherited_to_projects' {}]
Adding standard routes to API OS-OAUTH1 for `type` (API Prefix: /OS-OAUTH1) [/consumers, /consumers/<string:consumer_id>]
Adding resource routes to API OS-OAUTH1: ['/request_token' {}]
Adding resource routes to API OS-OAUTH1: ['/access_token' {}]
Adding resource routes to API OS-OAUTH1: ['/authorize/<string:request_token_id>' {}]
Adding resource routes to API OS-OAUTH2: ['/token' {}]
Adding resource routes to API events: ['/events' {}]
Adding resource routes to API OS-SIMPLE-CERT: ['/OS-SIMPLE-CERT/ca' {}]
Adding resource routes to API OS-SIMPLE-CERT: ['/OS-SIMPLE-CERT/certificates' {}]
Adding standard routes to API policy for `type` (API Prefix: ) [/policies, /policies/<string:policy_id>]
Adding resource routes to API policy: ['/policies/<string:policy_id>/OS-ENDPOINT-POLICY/endpoints' {}]
Adding resource routes to API policy: ['/policies/<string:policy_id>/OS-ENDPOINT-POLICY/endpoints/<string:endpoint_id>' {}]
Adding resource routes to API policy: ['/policies/<string:policy_id>/OS-ENDPOINT-POLICY/services/<string:service_id>' {}]
Adding resource routes to API policy: ['/policies/<string:policy_id>/OS-ENDPOINT-POLICY/services/<string:service_id>/regions/<string:region_id>' {}]
Adding resource routes to API projects: ['/projects' {}]
Adding resource routes to API projects: ['/projects/<string:project_id>' {}]
Adding resource routes to API projects: ['/projects/<string:project_id>/tags' {}]
Adding resource routes to API projects: ['/projects/<string:project_id>/tags/<string:value>' {}]
Adding resource routes to API projects: ['/projects/<string:project_id>/users/<string:user_id>/roles/<string:role_id>' {}]
Adding resource routes to API projects: ['/projects/<string:project_id>/users/<string:user_id>/roles' {}]
Adding resource routes to API projects: ['/projects/<string:project_id>/groups/<string:group_id>/roles/<string:role_id>' {}]
Adding resource routes to API projects: ['/projects/<string:project_id>/groups/<string:group_id>/roles' {}]
Adding standard routes to API regions for `type` (API Prefix: ) [/regions, /regions/<string:region_id>]
Adding resource routes to API registered_limits: ['/registered_limits' {}]
Adding resource routes to API registered_limits: ['/registered_limits/<string:registered_limit_id>' {}]
Adding resource routes to API role_assignments: ['/role_assignments' {}]
Adding resource routes to API role_inferences: ['/role_inferences' {}]
Adding resource routes to API roles: ['/roles' {}]
Adding resource routes to API roles: ['/roles/<string:role_id>' {}]
Adding resource routes to API roles: ['/roles/<string:prior_role_id>/implies' {}]
Adding resource routes to API roles: ['/roles/<string:prior_role_id>/implies/<string:implied_role_id>' {}]
Adding resource routes to API s3tokens: ['/s3tokens' {}]
Adding resource routes to API services: ['/services' {}]
Adding resource routes to API services: ['/services/<string:service_id>' {}]
Adding resource routes to API system: ['/system/users/<string:user_id>/roles' {}]
Adding resource routes to API system: ['/system/users/<string:user_id>/roles/<string:role_id>' {}]
Adding resource routes to API system: ['/system/groups/<string:group_id>/roles' {}]
Adding resource routes to API system: ['/system/groups/<string:group_id>/roles/<string:role_id>' {}]
Adding resource routes to API trusts: ['/trusts' {}]
    
Adding resource routes to API trusts: ['/trusts/<string:trust_id>' {}]
Adding resource routes to API trusts: ['/trusts/<string:trust_id>/roles' {}]
Adding resource routes to API trusts: ['/trusts/<string:trust_id>/roles/<string:role_id>' {}]
Adding resource routes to API users: ['/users' {}]
Adding resource routes to API users: ['/users/<string:user_id>' {}]
Adding resource routes to API users: ['/users/<string:user_id>/password' {}]
Adding resource routes to API users: ['/users/<string:user_id>/groups' {}]
Adding resource routes to API users: ['/users/<string:user_id>/projects' {}]
Adding resource routes to API users: ['/users/<string:user_id>/credentials/OS-EC2' {}]
Adding resource routes to API users: ['/users/<string:user_id>/credentials/OS-EC2/<string:credential_id>' {}]
Adding resource routes to API users: ['/users/<string:user_id>/OS-OAUTH1/access_tokens' {}]
Adding resource routes to API users: ['/users/<string:user_id>/OS-OAUTH1/access_tokens/<string:access_token_id>' {}]
Adding resource routes to API users: ['/users/<string:user_id>/OS-OAUTH1/access_tokens/<string:access_token_id>/roles' {}]
Adding resource routes to API users: ['/users/<string:user_id>/OS-OAUTH1/access_tokens/<string:access_token_id>/roles/<string:role_id>' {}]
Adding resource routes to API users: ['/users/<string:user_id>/application_credentials' {}]
Adding resource routes to API users: ['/users/<string:user_id>/application_credentials/<string:application_credential_id>' {}]
Adding resource routes to API users: ['/users/<string:user_id>/access_rules' {}]
Adding resource routes to API users: ['/users/<string:user_id>/access_rules/<string:access_rule_id>' {}]
REQUEST_METHOD: `POST`
SCRIPT_NAME: ``
PATH_INFO: `/v3/auth/tokens`
No value present for key: 'keystone.identity.core:get_user_by_name|01a96f120f934e76972c9c5fe47750e8 1af167620d6e4180b395773d574a2f5c'
NeedRegenerationException
no value, waiting for create lock
value creation lock <dogpile.cache.region.CacheRegion._LockWrapper object at 0x112588c90> acquired
No value present for key: 'keystone.identity.core:get_user_by_name|01a96f120f934e76972c9c5fe47750e8 1af167620d6e4180b395773d574a2f5c'
Calling creation function for not-yet-present value
Cache value generated in 0.003 seconds for key(s): 'keystone.identity.core:get_user_by_name|01a96f120f934e76972c9c5fe47750e8 1af167620d6e4180b395773d574a2f5c'
Released creation lock
No value present for key: 'keystone.identity.core:get_user|ed015b0d7bec4bf8b23ceb8682c8947c'
NeedRegenerationException
no value, waiting for create lock
value creation lock <dogpile.cache.region.CacheRegion._LockWrapper object at 0x112589350> acquired
No value present for key: 'keystone.identity.core:get_user|ed015b0d7bec4bf8b23ceb8682c8947c'
Calling creation function for not-yet-present value
Cache value generated in 0.002 seconds for key(s): 'keystone.identity.core:get_user|ed015b0d7bec4bf8b23ceb8682c8947c'
Released creation lock
Truncating password to algorithm specific maximum length 72 characters.
No value present for key: "keystone.identity.core:_shadow_nonlocal_user|{'email': 'a6a67dd155a1427cb92ce1ae4f0ecfe1', 'id': 'ed015b0d7bec4bf8b23ceb8682c8947c', 'name': '01a96f120f934e76972c9c5fe47750e8', 'domain_id': '1af167620d6e4180b395773d574a2f5c', 'enabled': True, 'password_expires_at': None, 'options': {}}"
NeedRegenerationException
no value, waiting for create lock
value creation lock <dogpile.cache.region.CacheRegion._LockWrapper object at 0x11257da90> acquired
No value present for key: "keystone.identity.core:_shadow_nonlocal_user|{'email': 'a6a67dd155a1427cb92ce1ae4f0ecfe1', 'id': 'ed015b0d7bec4bf8b23ceb8682c8947c', 'name': '01a96f120f934e76972c9c5fe47750e8', 'domain_id': '1af167620d6e4180b395773d574a2f5c', 'enabled': True, 'password_expires_at': None, 'options': {}}"
Calling creation function for not-yet-present value
Cache value generated in 0.001 seconds for key(s): "keystone.identity.core:_shadow_nonlocal_user|{'email': 'a6a67dd155a1427cb92ce1ae4f0ecfe1', 'id': 'ed015b0d7bec4bf8b23ceb8682c8947c', 'name': '01a96f120f934e76972c9c5fe47750e8', 'domain_id': '1af16762
    0d6e4180b395773d574a2f5c', 'enabled': True, 'password_expires_at': None, 'options': {}}"
Released creation lock
MFA Rules not processed for user `ed015b0d7bec4bf8b23ceb8682c8947c`. Rule list: `[]` (Enabled: `True`).
Loaded 2 Fernet keys from /var/folders/42/58j27lc523g1bm85nfycfc480000gn/T/tmpakm_2deq/tmp7oedbpjm, but `[fernet_tokens] max_active_keys = 3`; perhaps there have not been enough key rotations to reach `max_active_keys` yet?
No value present for key: 'keystone.catalog.core:get_v3_catalog|ed015b0d7bec4bf8b23ceb8682c8947c None'
NeedRegenerationException
no value, waiting for create lock
value creation lock <dogpile.cache.region.CacheRegion._LockWrapper object at 0x112615dd0> acquired
No value present for key: 'keystone.catalog.core:get_v3_catalog|ed015b0d7bec4bf8b23ceb8682c8947c None'
Calling creation function for not-yet-present value
Cache value generated in 0.001 seconds for key(s): 'keystone.catalog.core:get_v3_catalog|ed015b0d7bec4bf8b23ceb8682c8947c None'
Released creation lock
No value present for key: 'keystone.federation.core:get_enabled_service_providers|'
NeedRegenerationException
no value, waiting for create lock
value creation lock <dogpile.cache.region.CacheRegion._LockWrapper object at 0x112616150> acquired
No value present for key: 'keystone.federation.core:get_enabled_service_providers|'
Calling creation function for not-yet-present value
Cache value generated in 0.000 seconds for key(s): 'keystone.federation.core:get_enabled_service_providers|'
Released creation lock
REQUEST_METHOD: `POST`
SCRIPT_NAME: ``
PATH_INFO: `/v3/auth/tokens`
Truncating password to algorithm specific maximum length 72 characters.
MFA Rules not processed for user `ed015b0d7bec4bf8b23ceb8682c8947c`. Rule list: `[]` (Enabled: `True`).
Loaded 2 Fernet keys from /var/folders/42/58j27lc523g1bm85nfycfc480000gn/T/tmpakm_2deq/tmp7oedbpjm, but `[fernet_tokens] max_active_keys = 3`; perhaps there have not been enough key rotations to reach `max_active_keys` yet?
No value present for key: 'keystone.assignment.core:get_roles_for_user_and_project|ed015b0d7bec4bf8b23ceb8682c8947c 84022e31a6934de4834a9c0531d6d939'
NeedRegenerationException
no value, waiting for create lock
value creation lock <dogpile.cache.region.CacheRegion._LockWrapper object at 0x112638f50> acquired
No value present for key: 'keystone.assignment.core:get_roles_for_user_and_project|ed015b0d7bec4bf8b23ceb8682c8947c 84022e31a6934de4834a9c0531d6d939'
Calling creation function for not-yet-present value
No value present for key: 'keystone.assignment.core:list_role_assignments|None ed015b0d7bec4bf8b23ceb8682c8947c None None None 84022e31a6934de4834a9c0531d6d939 False None True False None True'
NeedRegenerationException
no value, waiting for create lock
value creation lock <dogpile.cache.region.CacheRegion._LockWrapper object at 0x112588510> acquired
No value present for key: 'keystone.assignment.core:list_role_assignments|None ed015b0d7bec4bf8b23ceb8682c8947c None None None 84022e31a6934de4834a9c0531d6d939 False None True False None True'
Calling creation function for not-yet-present value
Cache value generated in 0.003 seconds for key(s): 'keystone.assignment.core:list_role_assignments|None ed015b0d7bec4bf8b23ceb8682c8947c None None None 84022e31a6934de4834a9c0531d6d939 False None True False None True'
Released creation lock
Cache value generated in 0.003 seconds for key(s): 'keystone.assignment.core:get_roles_for_user_and_project|ed015b0d7bec4bf8b23ceb8682c8947c 84022e31a6934de4834a9c0531d6d939'
Released creation lock
No value present for key: 'keystone.catalog.core:get_v3_catalog|ed015b0d7bec4bf8b23ceb8682c8947c 84022e31a6934de4834a9c0531d6d939'
NeedRegenerationException
no value, waiting for create lock
value creation lock <dogpile.cache.region.CacheRegion._LockWrapper object at 0x11257f610> acquired
No value present for key: 'keystone.catalog.core:get_v3_catalog|ed015b0d7bec4bf8b23ceb8682c8947c 84022e31a6934de4834a9c0531d6d939'
Calling creation function for not-yet-present value
Cache value generated in 0.001 seconds for key(s): 'keystone.catalog.core:get_v3_catalog|
    ed015b0d7bec4bf8b23ceb8682c8947c 84022e31a6934de4834a9c0531d6d939'
Released creation lock
Authenticating user token
No value present for key: "keystone.token.provider:check_revocation_v3|{'expires_at': datetime.datetime(2026, 9, 17, 13, 19, 46), 'issued_at': datetime.datetime(2026, 9, 17, 12, 19, 46), 'audit_id': 'R1wyxBHBRziA2ynb5qfytQ', 'audit_chain_id': None, 'user_id': 'ed015b0d7bec4bf8b23ceb8682c8947c', 'identity_domain_id': '1af167620d6e4180b395773d574a2f5c', 'project_id': None, 'assignment_domain_id': None, 'roles': ['df314176bd944513879bbfcd0b9b5515'], 'trust_id': None, 'trustor_id': None, 'trustee_id': None, 'consumer_id': None, 'access_token_id': None}"
NeedRegenerationException
no value, waiting for create lock
value creation lock <dogpile.cache.region.CacheRegion._LockWrapper object at 0x11263b690> acquired
No value present for key: "keystone.token.provider:check_revocation_v3|{'expires_at': datetime.datetime(2026, 9, 17, 13, 19, 46), 'issued_at': datetime.datetime(2026, 9, 17, 12, 19, 46), 'audit_id': 'R1wyxBHBRziA2ynb5qfytQ', 'audit_chain_id': None, 'user_id': 'ed015b0d7bec4bf8b23ceb8682c8947c', 'identity_domain_id': '1af167620d6e4180b395773d574a2f5c', 'project_id': None, 'assignment_domain_id': None, 'roles': ['df314176bd944513879bbfcd0b9b5515'], 'trust_id': None, 'trustor_id': None, 'trustee_id': None, 'consumer_id': None, 'access_token_id': None}"
Calling creation function for not-yet-present value
Cache value generated in 0.001 seconds for key(s): "keystone.token.provider:check_revocation_v3|{'expires_at': datetime.datetime(2026, 9, 17, 13, 19, 46), 'issued_at': datetime.datetime(2026, 9, 17, 12 ... (229 characters truncated) ... roles': ['df314176bd944513879bbfcd0b9b5515'], 'trust_id': None, 'trustor_id': None, 'trustee_id': None, 'consumer_id': None, 'access_token_id': None}"
Released creation lock
Validating token access rules against request
RBAC: auth_context: {'token': <TokenModel (audit_id=R1wyxBHBRziA2ynb5qfytQ, audit_chain_id=['R1wyxBHBRziA2ynb5qfytQ']) at 0x11255d290>, 'domain_id': None, 'trust_id': None, 'trustor_id': None, 'trustee_id': None, 'domain_name': None, 'group_ids': [], 'user_id': 'ed015b0d7bec4bf8b23ceb8682c8947c', 'user_domain_id': '1af167620d6e4180b395773d574a2f5c', 'system_scope': 'all', 'project_id': None, 'project_domain_id': None, 'roles': ['admin'], 'is_admin_project': True, 'service_user_id': None, 'service_user_domain_id': None, 'service_project_id': None, 'service_project_domain_id': None, 'service_roles': []}
REQUEST_METHOD: `POST`
SCRIPT_NAME: ``
PATH_INFO: `/v3/users`
RBAC: Authorizing `identity:create_user()`
No default policy file present, picking the configured one: None.
The policy file None could not be found.
enforce: rule="identity:create_user" creds={"domain_id": null, "is_admin_project": true, "project_domain_id": null, "project_id": null, "roles": ["admin"], "service_project_domain_id": null, "service_project_id": null, "service_roles": [], "service_user_domain_id": null, "service_user_id": null, "system": "all", "system_scope": "all", "token": {"audit_ids": ["R1wyxBHBRziA2ynb5qfytQ"], "catalog": [{"endpoints": [{"description": "660e1d65308549e49216550546e413b4", "id": "94bef7df3e2e42a08a5ba6bada167b34", "interface": "public", "name": "25df8948d3774384834f361a6a661ddd", "region": "ed4366deebd6463b9385121357de272d", "region_id": "ed4366deebd6463b9385121357de272d", "url": "https://b3a023bd374e42e2b0fdcc490c234bd2.com"}], "id": "feea136b31b84a77978ccd5d07f8ab0f", "name": "f55a8f84c13d40789d22572b384be4b1", "type": "identity"}], "expires_at": "2026-09-17T13:19:46.000000Z", "issued_at": "2026-09-17T12:19:46.000000Z", "methods": ["password"], "roles": [{"id": "df314176bd944513879bbfcd0b9b5515", "name": "admin"}], "system": {"all": true}, "user": {"domain": {"id": "1af167620d6e4180b395773d574a2f5c", "name": "b04d71c2b37b435c80152da5d391bed4"}, "id": "ed015b0d7bec4bf8b23ceb8682c8947c", "name": "01a96f120f934e76972c9c5fe47750e8", "password_expires_at": "***"}}, "user_domain_id": "1af167620d6e4180b395773d574a2f5c", "user_id": "ed015b0d7bec4bf8b23ceb8682c8947c"} target
    ={"request_body.user.domain_id": "1af167620d6e4180b395773d574a2f5c", "request_body.user.email": "46cfc6f7945f47ee8c5d3f37f46f2a86", "request_body.user.enabled": true, "request_body.user.id": "1213f5ac7a6f431cb9b1f1f0324d563b", "request_body.user.name": "ab8a75c5d02e44538f9e8dd5fcfa5243", "request_body.user.options.password_policy_exempt": "***", "request_body.user.password": "***", "target.user.domain_id": "1af167620d6e4180b395773d574a2f5c", "target.user.email": "46cfc6f7945f47ee8c5d3f37f46f2a86", "target.user.enabled": true, "target.user.id": "1213f5ac7a6f431cb9b1f1f0324d563b", "target.user.name": "ab8a75c5d02e44538f9e8dd5fcfa5243", "target.user.options.password_policy_exempt": "***", "target.user.password": "***"}
Deprecated policy rules found. Use oslopolicy-policy-generator and oslopolicy-policy-upgrade to detect and resolve deprecated policies in your configuration.
RBAC: Authorization granted
RBAC: Authorizing `identity:manage_password_policy_exemption()`
enforce: rule="identity:manage_password_policy_exemption" creds={"domain_id": null, "is_admin_project": true, "project_domain_id": null, "project_id": null, "roles": ["admin"], "service_project_domain_id": null, "service_project_id": null, "service_roles": [], "service_user_domain_id": null, "service_user_id": null, "system": "all", "system_scope": "all", "token": {"audit_ids": ["R1wyxBHBRziA2ynb5qfytQ"], "catalog": [{"endpoints": [{"description": "660e1d65308549e49216550546e413b4", "id": "94bef7df3e2e42a08a5ba6bada167b34", "interface": "public", "name": "25df8948d3774384834f361a6a661ddd", "region": "ed4366deebd6463b9385121357de272d", "region_id": "ed4366deebd6463b9385121357de272d", "url": "https://b3a023bd374e42e2b0fdcc490c234bd2.com"}], "id": "feea136b31b84a77978ccd5d07f8ab0f", "name": "f55a8f84c13d40789d22572b384be4b1", "type": "identity"}], "expires_at": "2026-09-17T13:19:46.000000Z", "issued_at": "2026-09-17T12:19:46.000000Z", "methods": ["password"], "roles": [{"id": "df314176bd944513879bbfcd0b9b5515", "name": "admin"}], "system": {"all": true}, "user": {"domain": {"id": "1af167620d6e4180b395773d574a2f5c", "name": "b04d71c2b37b435c80152da5d391bed4"}, "id": "ed015b0d7bec4bf8b23ceb8682c8947c", "name": "01a96f120f934e76972c9c5fe47750e8", "password_expires_at": "***"}}, "user_domain_id": "1af167620d6e4180b395773d574a2f5c", "user_id": "ed015b0d7bec4bf8b23ceb8682c8947c"} target={"request_body.user.domain_id": "1af167620d6e4180b395773d574a2f5c", "request_body.user.email": "46cfc6f7945f47ee8c5d3f37f46f2a86", "request_body.user.enabled": true, "request_body.user.id": "1213f5ac7a6f431cb9b1f1f0324d563b", "request_body.user.name": "ab8a75c5d02e44538f9e8dd5fcfa5243", "request_body.user.options.password_policy_exempt": "***", "request_body.user.password": "***", "target.user.domain_id": "1af167620d6e4180b395773d574a2f5c", "target.user.email": "46cfc6f7945f47ee8c5d3f37f46f2a86", "target.user.enabled": true, "target.user.id": "1213f5ac7a6f431cb9b1f1f0324d563b", "target.user.name": "ab8a75c5d02e44538f9e8dd5fcfa5243", "target.user.options.password_policy_exempt": "***", "target.user.password": "***"}
RBAC: Authorization granted
Truncating password to algorithm specific maximum length 72 characters.
User 7997c128079e40a196093f3f7d0919e2: password_policy_exempt changed from False to True; initiator ed015b0d7bec4bf8b23ceb8682c8947c
No value present for key: 'keystone.identity.core:get_user|7997c128079e40a196093f3f7d0919e2'
NeedRegenerationException
no value, waiting for create lock
value creation lock <dogpile.cache.region.CacheRegion._LockWrapper object at 0x112050910> acquired
No value present for key: 'keystone.identity.core:get_user|7997c128079e40a196093f3f7d0919e2'
Calling creation function for not-yet-present value
Cache value generated in 0.001 seconds for key(s): 'keystone.identity.core:get_user|7997c128079e40a196093f3f7d0919e2'
Released creation lock
Truncating password to algorithm specific maximum length 72 characters.
Authenticating user token
Validating token access rules against request
RBAC: auth_context: {'token': <TokenModel (audit_id=R1wyxBHBRziA2ynb5qfytQ, aud
    it_chain_id=['R1wyxBHBRziA2ynb5qfytQ']) at 0x1126629d0>, 'domain_id': None, 'trust_id': None, 'trustor_id': None, 'trustee_id': None, 'domain_name': None, 'group_ids': [], 'user_id': 'ed015b0d7bec4bf8b23ceb8682c8947c', 'user_domain_id': '1af167620d6e4180b395773d574a2f5c', 'system_scope': 'all', 'project_id': None, 'project_domain_id': None, 'roles': ['admin'], 'is_admin_project': True, 'service_user_id': None, 'service_user_domain_id': None, 'service_project_id': None, 'service_project_domain_id': None, 'service_roles': []}
REQUEST_METHOD: `PATCH`
SCRIPT_NAME: ``
PATH_INFO: `/v3/users/7997c128079e40a196093f3f7d0919e2`
RBAC: Authorizing `identity:update_user(user_id=7997c128079e40a196093f3f7d0919e2)`
enforce: rule="identity:update_user" creds={"domain_id": null, "is_admin_project": true, "project_domain_id": null, "project_id": null, "roles": ["admin"], "service_project_domain_id": null, "service_project_id": null, "service_roles": [], "service_user_domain_id": null, "service_user_id": null, "system": "all", "system_scope": "all", "token": {"audit_ids": ["R1wyxBHBRziA2ynb5qfytQ"], "catalog": [{"endpoints": [{"description": "660e1d65308549e49216550546e413b4", "id": "94bef7df3e2e42a08a5ba6bada167b34", "interface": "public", "name": "25df8948d3774384834f361a6a661ddd", "region": "ed4366deebd6463b9385121357de272d", "region_id": "ed4366deebd6463b9385121357de272d", "url": "https://b3a023bd374e42e2b0fdcc490c234bd2.com"}], "id": "feea136b31b84a77978ccd5d07f8ab0f", "name": "f55a8f84c13d40789d22572b384be4b1", "type": "identity"}], "expires_at": "2026-09-17T13:19:46.000000Z", "issued_at": "2026-09-17T12:19:46.000000Z", "methods": ["password"], "roles": [{"id": "df314176bd944513879bbfcd0b9b5515", "name": "admin"}], "system": {"all": true}, "user": {"domain": {"id": "1af167620d6e4180b395773d574a2f5c", "name": "b04d71c2b37b435c80152da5d391bed4"}, "id": "ed015b0d7bec4bf8b23ceb8682c8947c", "name": "01a96f120f934e76972c9c5fe47750e8", "password_expires_at": "***"}}, "user_domain_id": "1af167620d6e4180b395773d574a2f5c", "user_id": "ed015b0d7bec4bf8b23ceb8682c8947c"} target={"request_body.user.password": "***", "target.user.domain_id": "1af167620d6e4180b395773d574a2f5c", "target.user.email": "46cfc6f7945f47ee8c5d3f37f46f2a86", "target.user.enabled": true, "target.user.id": "7997c128079e40a196093f3f7d0919e2", "target.user.name": "ab8a75c5d02e44538f9e8dd5fcfa5243", "target.user.options.password_policy_exempt": "***", "target.user.password_expires_at": "***", "user_id": "7997c128079e40a196093f3f7d0919e2"}
RBAC: Authorization granted
Truncating password to algorithm specific maximum length 72 characters.
Truncating password to algorithm specific maximum length 72 characters.
User 7997c128079e40a196093f3f7d0919e2: password_policy_exempt changed from True to False; initiator ed015b0d7bec4bf8b23ceb8682c8947c


Captured pythonlogging:
~~~~~~~~~~~~~~~~~~~~~~~
    2026-09-17 15:19:46,894 INFO [keystone.common.fernet_utils] Created a new temporary key: /var/folders/42/58j27lc523g1bm85nfycfc480000gn/T/tmpakm_2deq/tmp7oedbpjm/0.tmp
2026-09-17 15:19:46,895 INFO [keystone.common.fernet_utils] Become a valid new key: /var/folders/42/58j27lc523g1bm85nfycfc480000gn/T/tmpakm_2deq/tmp7oedbpjm/0
2026-09-17 15:19:46,895 INFO [keystone.common.fernet_utils] Starting key rotation with 1 key files: ['/var/folders/42/58j27lc523g1bm85nfycfc480000gn/T/tmpakm_2deq/tmp7oedbpjm/0']
2026-09-17 15:19:46,895 INFO [keystone.common.fernet_utils] Created a new temporary key: /var/folders/42/58j27lc523g1bm85nfycfc480000gn/T/tmpakm_2deq/tmp7oedbpjm/0.tmp
2026-09-17 15:19:46,895 INFO [keystone.common.fernet_utils] Current primary key is: 0
2026-09-17 15:19:46,895 INFO [keystone.common.fernet_utils] Next primary key will be: 1
2026-09-17 15:19:46,895 INFO [keystone.common.fernet_utils] Promoted key 0 to be the primary: 1
2026-09-17 15:19:46,895 INFO [keystone.common.fernet_utils] Become a valid new key: /var/folders/42/58j27lc523g1bm85nfycfc480000gn/T/tmpakm_2deq/tmp7oedbpjm/0
2026-09-17 15:19:46,895 INFO [keystone.common.fernet_utils] Created a new temporary key: /var/folders/42/58j27lc523g1bm85nfycfc480000gn/T/tmpakm_2deq/tmpg2brlklb/0.tmp
2026-09-17 15:19:46,896 INFO [keystone.common.fernet_utils] Become a valid new key: /var/folders/42/58j27lc523g1bm85nfycfc480000gn/T/tmpakm_2deq/tmpg2brlklb/0
2026-09-17 15:19:46,896 INFO [keystone.common.fernet_utils] Starting key rotation with 1 key files: ['/var/folders/42/58j27lc523g1bm85nfycfc480000gn/T/tmpakm_2deq/tmpg2brlklb/0']
2026-09-17 15:19:46,896 INFO [keystone.common.fernet_utils] Created a new temporary key: /var/folders/42/58j27lc523g1bm85nfycfc480000gn/T/tmpakm_2deq/tmpg2brlklb/0.tmp
2026-09-17 15:19:46,896 INFO [keystone.common.fernet_utils] Current primary key is: 0
2026-09-17 15:19:46,896 INFO [keystone.common.fernet_utils] Next primary key will be: 1
2026-09-17 15:19:46,896 INFO [keystone.common.fernet_utils] Promoted key 0 to be the primary: 1
2026-09-17 15:19:46,896 INFO [keystone.common.fernet_utils] Become a valid new key: /var/folders/42/58j27lc523g1bm85nfycfc480000gn/T/tmpakm_2deq/tmpg2brlklb/0

{0} keystone.tests.unit.test_password_policy_exemption.PasswordPolicyExemptionTests.test_stale_cached_true_cannot_bypass_self_change [0.139030s] ... FAILED

Captured traceback:
~~~~~~~~~~~~~~~~~~~
    Traceback (most recent call last):

      File "/Users/dmitry/Desktop/debug/password-policy-work/keystone/keystone/tests/unit/test_password_policy_exemption.py", line 241, in test_stale_cached_true_cannot_bypass_self_change
    self.change(user, 'ValidPass1!', 'x', status=400)

      File "/Users/dmitry/Desktop/debug/password-policy-work/keystone/keystone/tests/unit/test_password_policy_exemption.py", line 91, in change
    return self.post(
           ^^^^^^^^^^

      File "/Users/dmitry/Desktop/debug/password-policy-work/keystone/keystone/tests/unit/test_v3.py", line 498, in post
    return self.v3_request(
           ^^^^^^^^^^^^^^^^

      File "/Users/dmitry/Desktop/debug/password-policy-work/keystone/keystone/tests/unit/test_v3.py", line 470, in v3_request
    return self.v3_noauth_request(path, **kwargs)
           ^^^^^^^^^^^^^^^^^^^^^^^^^^^^^^^^^^^^^^

      File "/Users/dmitry/Desktop/debug/password-policy-work/keystone/keystone/tests/unit/test_v3.py", line 465, in v3_noauth_request
    return self.admin_request(path=path, **kwargs)
           ^^^^^^^^^^^^^^^^^^^^^^^^^^^^^^^^^^^^^^^

      File "/Users/dmitry/Desktop/debug/password-policy-work/keystone/keystone/tests/unit/rest.py", line 232, in admin_request
    return self._request(app=self.public_app, **kwargs)
           ^^^^^^^^^^^^^^^^^^^^^^^^^^^^^^^^^^^^^^^^^^^^

      File "/Users/dmitry/Desktop/debug/password-policy-work/keystone/keystone/tests/unit/rest.py", line 221, in _request
    response = self.restful_request(**kwargs)
               ^^^^^^^^^^^^^^^^^^^^^^^^^^^^^^

      File "/Users/dmitry/Desktop/debug/password-policy-work/keystone/keystone/tests/unit/rest.py", line 202, in restful_request
    response = self.request(
               ^^^^^^^^^^^^^

      File "/Users/dmitry/Desktop/debug/password-policy-work/keystone/keystone/tests/unit/rest.py", line 96, in request
    response = app.request(
               ^^^^^^^^^^^^

      File "/Users/dmitry/Desktop/debug/password-policy-work/keystone/.venv/lib/python3.11/site-packages/webtest/app.py", line 586, in request
    return self.do_request(req,
           ^^^^^^^^^^^^^^^^^^^^

      File "/Users/dmitry/Desktop/debug/password-policy-work/keystone/.venv/lib/python3.11/site-packages/webtest/app.py", line 653, in do_request
    self._check_status(status, res)

      File "/Users/dmitry/Desktop/debug/password-policy-work/keystone/.venv/lib/python3.11/site-packages/webtest/app.py", line 687, in _check_status
    raise AppError(

    webtest.app.AppError: Bad response: 204 NO CONTENT (not 400)
b''


Captured pythonlogging:
~~~~~~~~~~~~~~~~~~~~~~~
    Adding cache-proxy 'oslo_cache.testing.CacheIsolatingProxy' to backend.
Adding cache-proxy 'oslo_cache.testing.CacheIsolatingProxy' to backend.
Adding cache-proxy 'oslo_cache.testing.CacheIsolatingProxy' to backend.
No value present for key: 'keystone.resource.core:get_domain|default'
NeedRegenerationException
no value, waiting for create lock
value creation lock <dogpile.cache.region.CacheRegion._LockWrapper object at 0x111c7be50> acquired
No value present for key: 'keystone.resource.core:get_domain|default'
Calling creation function for not-yet-present value
Released creation lock
No value present for key: 'keystone.resource.core:get_domain|b960b811316b476bbe977381bf48e302'
NeedRegenerationException
no value, waiting for create lock
value creation lock <dogpile.cache.region.CacheRegion._LockWrapper object at 0x112443e50> acquired
No value present for key: 'keystone.resource.core:get_domain|b960b811316b476bbe977381bf48e302'
Calling creation function for not-yet-present value
Cache value generated in 0.001 seconds for key(s): 'keystone.resource.core:get_domain|b960b811316b476bbe977381bf48e302'
Released creation lock
Truncating password to algorithm specific maximum length 72 characters.
No value present for key: 'keystone.resource.core:get_domain|default'
NeedRegenerationException
no value, waiting for create lock
value creation lock <dogpile.cache.region.CacheRegion._LockWrapper object at 0x11252f290> acquired
No value present for key: 'keystone.resource.core:get_domain|default'
Calling creation function for not-yet-present value
Cache value generated in 0.001 seconds for key(s): 'keystone.resource.core:get_domain|default'
Released creation lock
Truncating password to algorithm specific maximum length 72 characters.
Truncating password to algorithm specific maximum length 72 characters.
No value present for key: 'keystone.catalog.core:get_region|49331cbb312e404eaf89fcb0bbd51ac6'
NeedRegenerationException
no value, waiting for create lock
value creation lock <dogpile.cache.region.CacheRegion._LockWrapper object at 0x1123c2210> acquired
No value present for key: 'keystone.catalog.core:get_region|49331cbb312e404eaf89fcb0bbd51ac6'
Calling creation function for not-yet-present value
Released creation lock
No value present for key: 'keystone.catalog.core:get_region|49331cbb312e404eaf89fcb0bbd51ac6'
NeedRegenerationException
no value, waiting for create lock
value creation lock <dogpile.cache.region.CacheRegion._LockWrapper object at 0x1123c2210> acquired
No value present for key: 'keystone.catalog.core:get_region|49331cbb312e404eaf89fcb0bbd51ac6'
Calling creation function for not-yet-present value
Cache value generated in 0.000 seconds for key(s): 'keystone.catalog.core:get_region|49331cbb312e404eaf89fcb0bbd51ac6'
Released creation lock
No value present for key: 'keystone.catalog.core:get_service|9ece47f886ce4a4486a0b8805116c4c0'
NeedRegenerationException
no value, waiting for create lock
value creation lock <dogpile.cache.region.CacheRegion._LockWrapper object at 0x11243d650> acquired
No value present for key: 'keystone.catalog.core:get_service|9ece47f886ce4a4486a0b8805116c4c0'
Calling creation function for not-yet-present value
Cache value generated in 0.000 seconds for key(s): 'keystone.catalog.core:get_service|9ece47f886ce4a4486a0b8805116c4c0'
Released creation lock
Adding resource routes to API auth: ['/auth/projects' {}]
Adding additional resource route (alternate) to API auth: ['/OS-FEDERATION/projects' {}]
Adding resource routes to API auth: ['/auth/domains' {}]
Adding additional resource route (alternate) to API auth: ['/OS-FEDERATION/domains' {}]
Adding resource routes to API auth: ['/auth/system' {}]
Adding resource routes to API auth: ['/auth/catalog' {}]
Adding resource routes to API auth: ['/auth/tokens/OS-PKI/revoked' {}]
Adding resource routes to API auth: ['/auth/tokens' {}]
Adding resource routes to API auth/OS-FEDERATION: ['/auth/OS-FEDERATION/saml2' {}]
Adding resource routes to API auth/OS-FEDERATION: ['/auth/OS-FEDERATION/saml2/ecp' {}]
Adding resource routes to API auth/OS-FEDERATION: ['/auth/OS-FEDERAT
    ION/websso/<string:protocol_id>' {}]
Adding resource routes to API auth/OS-FEDERATION: ['/auth/OS-FEDERATION/identity_providers/<string:idp_id>/protocols/<string:protocol_id>/websso' {}]
Adding resource routes to API credentials: ['/credentials' {}]
Adding resource routes to API credentials: ['/credentials/<string:credential_id>' {}]
Adding resource routes to API domains: ['/domains' {}]
Adding resource routes to API domains: ['/domains/<string:domain_id>' {}]
Adding resource routes to API domains: ['/domains/<string:domain_id>/config' {}]
Adding resource routes to API domains: ['/domains/<string:domain_id>/config/<string:group>' {}]
Adding resource routes to API domains: ['/domains/<string:domain_id>/config/<string:group>/<string:option>' {}]
Adding resource routes to API domains: ['/domains/config/default' {}]
Adding resource routes to API domains: ['/domains/config/<string:group>/default' {}]
Adding resource routes to API domains: ['/domains/config/<string:group>/<string:option>/default' {}]
Adding resource routes to API domains: ['/domains/<string:domain_id>/users/<string:user_id>/roles' {}]
Adding resource routes to API domains: ['/domains/<string:domain_id>/users/<string:user_id>/roles/<string:role_id>' {}]
Adding resource routes to API domains: ['/domains/<string:domain_id>/groups/<string:group_id>/roles' {}]
Adding resource routes to API domains: ['/domains/<string:domain_id>/groups/<string:group_id>/roles/<string:role_id>' {}]
Adding resource routes to API ec2tokens: ['/ec2tokens' {}]
Adding resource routes to API endpoints: ['/endpoints' {}]
Adding resource routes to API endpoints: ['/endpoints/<string:endpoint_id>' {}]
Adding resource routes to API endpoints: ['/endpoints/<string:endpoint_id>/OS-ENDPOINT-POLICY/policy' {}]
Adding resource routes to API groups: ['/groups' {}]
Adding resource routes to API groups: ['/groups/<string:group_id>' {}]
Adding resource routes to API groups: ['/groups/<string:group_id>/users' {}]
Adding resource routes to API groups: ['/groups/<string:group_id>/users/<string:user_id>' {}]
Adding resource routes to API limits: ['/limits' {}]
Adding resource routes to API limits: ['/limits/<string:limit_id>' {}]
Adding resource routes to API limits: ['/limits/model' {}]
Adding resource routes to API OS-EP-FILTER: ['/endpoint_groups' {}]
Adding resource routes to API OS-EP-FILTER: ['/endpoint_groups/<string:endpoint_group_id>' {}]
Adding resource routes to API OS-EP-FILTER: ['/endpoints/<string:endpoint_id>/projects' {}]
Adding resource routes to API OS-EP-FILTER: ['/projects/<string:project_id>/endpoints/<string:endpoint_id>' {}]
Adding resource routes to API OS-EP-FILTER: ['/projects/<string:project_id>/endpoints' {}]
Adding resource routes to API OS-EP-FILTER: ['/projects/<string:project_id>/endpoint_groups' {}]
Adding resource routes to API OS-EP-FILTER: ['/endpoint_groups/<string:endpoint_group_id>/endpoints' {}]
Adding resource routes to API OS-EP-FILTER: ['/endpoint_groups/<string:endpoint_group_id>/projects' {}]
Adding resource routes to API OS-EP-FILTER: ['/endpoint_groups/<string:endpoint_group_id>/projects/<string:project_id>' {}]
Adding resource routes to API OS-FEDERATION: ['/saml2/metadata' {}]
Adding resource routes to API OS-FEDERATION: ['/identity_providers/<string:idp_id>/protocols/<string:protocol_id>/auth' {}]
Adding resource routes to API identity_providers: ['/identity_providers' {}]
Adding resource routes to API identity_providers: ['/identity_providers/<string:idp_id>' {}]
Adding resource routes to API protocols: ['/OS-FEDERATION/identity_providers/<string:idp_id>/protocols/<string:protocol_id>' {}]
Adding resource routes to API protocols: ['/OS-FEDERATION/identity_providers/<string:idp_id>/protocols' {}]
Adding standard routes to API mappings for `type` (API Prefix: /OS-FEDERATION) [/mappings, /mappings/<string:mapping_id>]
Adding resource routes to API service_providers: ['/service_providers' {}]
Adding resource routes to API service_providers: ['/service_providers/<string:service_provider_id>' {}]
Adding resource routes to API OS-INHERIT: ['/domains/<string:domai
    n_id>/groups/<string:group_id>/roles/<string:role_id>/inherited_to_projects' {}]
Adding resource routes to API OS-INHERIT: ['/domains/<string:domain_id>/groups/<string:group_id>/roles/inherited_to_projects' {}]
Adding resource routes to API OS-INHERIT: ['/domains/<string:domain_id>/users/<string:user_id>/roles/<string:role_id>/inherited_to_projects' {}]
Adding resource routes to API OS-INHERIT: ['/domains/<string:domain_id>/users/<string:user_id>/roles/inherited_to_projects' {}]
Adding resource routes to API OS-INHERIT: ['/projects/<string:project_id>/users/<string:user_id>/roles/<string:role_id>/inherited_to_projects' {}]
Adding resource routes to API OS-INHERIT: ['/projects/<string:project_id>/groups/<string:group_id>/roles/<string:role_id>/inherited_to_projects' {}]
Adding standard routes to API OS-OAUTH1 for `type` (API Prefix: /OS-OAUTH1) [/consumers, /consumers/<string:consumer_id>]
Adding resource routes to API OS-OAUTH1: ['/request_token' {}]
Adding resource routes to API OS-OAUTH1: ['/access_token' {}]
Adding resource routes to API OS-OAUTH1: ['/authorize/<string:request_token_id>' {}]
Adding resource routes to API OS-OAUTH2: ['/token' {}]
Adding resource routes to API events: ['/events' {}]
Adding resource routes to API OS-SIMPLE-CERT: ['/OS-SIMPLE-CERT/ca' {}]
Adding resource routes to API OS-SIMPLE-CERT: ['/OS-SIMPLE-CERT/certificates' {}]
Adding standard routes to API policy for `type` (API Prefix: ) [/policies, /policies/<string:policy_id>]
Adding resource routes to API policy: ['/policies/<string:policy_id>/OS-ENDPOINT-POLICY/endpoints' {}]
Adding resource routes to API policy: ['/policies/<string:policy_id>/OS-ENDPOINT-POLICY/endpoints/<string:endpoint_id>' {}]
Adding resource routes to API policy: ['/policies/<string:policy_id>/OS-ENDPOINT-POLICY/services/<string:service_id>' {}]
Adding resource routes to API policy: ['/policies/<string:policy_id>/OS-ENDPOINT-POLICY/services/<string:service_id>/regions/<string:region_id>' {}]
Adding resource routes to API projects: ['/projects' {}]
Adding resource routes to API projects: ['/projects/<string:project_id>' {}]
Adding resource routes to API projects: ['/projects/<string:project_id>/tags' {}]
Adding resource routes to API projects: ['/projects/<string:project_id>/tags/<string:value>' {}]
Adding resource routes to API projects: ['/projects/<string:project_id>/users/<string:user_id>/roles/<string:role_id>' {}]
Adding resource routes to API projects: ['/projects/<string:project_id>/users/<string:user_id>/roles' {}]
Adding resource routes to API projects: ['/projects/<string:project_id>/groups/<string:group_id>/roles/<string:role_id>' {}]
Adding resource routes to API projects: ['/projects/<string:project_id>/groups/<string:group_id>/roles' {}]
Adding standard routes to API regions for `type` (API Prefix: ) [/regions, /regions/<string:region_id>]
Adding resource routes to API registered_limits: ['/registered_limits' {}]
Adding resource routes to API registered_limits: ['/registered_limits/<string:registered_limit_id>' {}]
Adding resource routes to API role_assignments: ['/role_assignments' {}]
Adding resource routes to API role_inferences: ['/role_inferences' {}]
Adding resource routes to API roles: ['/roles' {}]
Adding resource routes to API roles: ['/roles/<string:role_id>' {}]
Adding resource routes to API roles: ['/roles/<string:prior_role_id>/implies' {}]
Adding resource routes to API roles: ['/roles/<string:prior_role_id>/implies/<string:implied_role_id>' {}]
Adding resource routes to API s3tokens: ['/s3tokens' {}]
Adding resource routes to API services: ['/services' {}]
Adding resource routes to API services: ['/services/<string:service_id>' {}]
Adding resource routes to API system: ['/system/users/<string:user_id>/roles' {}]
Adding resource routes to API system: ['/system/users/<string:user_id>/roles/<string:role_id>' {}]
Adding resource routes to API system: ['/system/groups/<string:group_id>/roles' {}]
Adding resource routes to API system: ['/system/groups/<string:group_id>/roles/<string:role_id>' {}]
Adding resource routes to API trusts: ['/trusts' {}]
    
Adding resource routes to API trusts: ['/trusts/<string:trust_id>' {}]
Adding resource routes to API trusts: ['/trusts/<string:trust_id>/roles' {}]
Adding resource routes to API trusts: ['/trusts/<string:trust_id>/roles/<string:role_id>' {}]
Adding resource routes to API users: ['/users' {}]
Adding resource routes to API users: ['/users/<string:user_id>' {}]
Adding resource routes to API users: ['/users/<string:user_id>/password' {}]
Adding resource routes to API users: ['/users/<string:user_id>/groups' {}]
Adding resource routes to API users: ['/users/<string:user_id>/projects' {}]
Adding resource routes to API users: ['/users/<string:user_id>/credentials/OS-EC2' {}]
Adding resource routes to API users: ['/users/<string:user_id>/credentials/OS-EC2/<string:credential_id>' {}]
Adding resource routes to API users: ['/users/<string:user_id>/OS-OAUTH1/access_tokens' {}]
Adding resource routes to API users: ['/users/<string:user_id>/OS-OAUTH1/access_tokens/<string:access_token_id>' {}]
Adding resource routes to API users: ['/users/<string:user_id>/OS-OAUTH1/access_tokens/<string:access_token_id>/roles' {}]
Adding resource routes to API users: ['/users/<string:user_id>/OS-OAUTH1/access_tokens/<string:access_token_id>/roles/<string:role_id>' {}]
Adding resource routes to API users: ['/users/<string:user_id>/application_credentials' {}]
Adding resource routes to API users: ['/users/<string:user_id>/application_credentials/<string:application_credential_id>' {}]
Adding resource routes to API users: ['/users/<string:user_id>/access_rules' {}]
Adding resource routes to API users: ['/users/<string:user_id>/access_rules/<string:access_rule_id>' {}]
REQUEST_METHOD: `POST`
SCRIPT_NAME: ``
PATH_INFO: `/v3/auth/tokens`
No value present for key: 'keystone.identity.core:get_user_by_name|cc13aad329254fe3a744ea9a37ed4e10 b960b811316b476bbe977381bf48e302'
NeedRegenerationException
no value, waiting for create lock
value creation lock <dogpile.cache.region.CacheRegion._LockWrapper object at 0x111ff33d0> acquired
No value present for key: 'keystone.identity.core:get_user_by_name|cc13aad329254fe3a744ea9a37ed4e10 b960b811316b476bbe977381bf48e302'
Calling creation function for not-yet-present value
Cache value generated in 0.003 seconds for key(s): 'keystone.identity.core:get_user_by_name|cc13aad329254fe3a744ea9a37ed4e10 b960b811316b476bbe977381bf48e302'
Released creation lock
No value present for key: 'keystone.identity.core:get_user|428a7ed5924d428a862222bdf6e9e445'
NeedRegenerationException
no value, waiting for create lock
value creation lock <dogpile.cache.region.CacheRegion._LockWrapper object at 0x111ff1310> acquired
No value present for key: 'keystone.identity.core:get_user|428a7ed5924d428a862222bdf6e9e445'
Calling creation function for not-yet-present value
Cache value generated in 0.003 seconds for key(s): 'keystone.identity.core:get_user|428a7ed5924d428a862222bdf6e9e445'
Released creation lock
Truncating password to algorithm specific maximum length 72 characters.
No value present for key: "keystone.identity.core:_shadow_nonlocal_user|{'email': 'fb7ca7c81c6e43fc851f752c75047906', 'id': '428a7ed5924d428a862222bdf6e9e445', 'name': 'cc13aad329254fe3a744ea9a37ed4e10', 'domain_id': 'b960b811316b476bbe977381bf48e302', 'enabled': True, 'password_expires_at': None, 'options': {}}"
NeedRegenerationException
no value, waiting for create lock
value creation lock <dogpile.cache.region.CacheRegion._LockWrapper object at 0x1121e0c50> acquired
No value present for key: "keystone.identity.core:_shadow_nonlocal_user|{'email': 'fb7ca7c81c6e43fc851f752c75047906', 'id': '428a7ed5924d428a862222bdf6e9e445', 'name': 'cc13aad329254fe3a744ea9a37ed4e10', 'domain_id': 'b960b811316b476bbe977381bf48e302', 'enabled': True, 'password_expires_at': None, 'options': {}}"
Calling creation function for not-yet-present value
Cache value generated in 0.001 seconds for key(s): "keystone.identity.core:_shadow_nonlocal_user|{'email': 'fb7ca7c81c6e43fc851f752c75047906', 'id': '428a7ed5924d428a862222bdf6e9e445', 'name': 'cc13aad329254fe3a744ea9a37ed4e10', 'domain_id': 'b960b811
    316b476bbe977381bf48e302', 'enabled': True, 'password_expires_at': None, 'options': {}}"
Released creation lock
MFA Rules not processed for user `428a7ed5924d428a862222bdf6e9e445`. Rule list: `[]` (Enabled: `True`).
Loaded 2 Fernet keys from /var/folders/42/58j27lc523g1bm85nfycfc480000gn/T/tmpcyrzy7k6/tmprynrusku, but `[fernet_tokens] max_active_keys = 3`; perhaps there have not been enough key rotations to reach `max_active_keys` yet?
No value present for key: 'keystone.catalog.core:get_v3_catalog|428a7ed5924d428a862222bdf6e9e445 None'
NeedRegenerationException
no value, waiting for create lock
value creation lock <dogpile.cache.region.CacheRegion._LockWrapper object at 0x11274b7d0> acquired
No value present for key: 'keystone.catalog.core:get_v3_catalog|428a7ed5924d428a862222bdf6e9e445 None'
Calling creation function for not-yet-present value
Cache value generated in 0.001 seconds for key(s): 'keystone.catalog.core:get_v3_catalog|428a7ed5924d428a862222bdf6e9e445 None'
Released creation lock
No value present for key: 'keystone.federation.core:get_enabled_service_providers|'
NeedRegenerationException
no value, waiting for create lock
value creation lock <dogpile.cache.region.CacheRegion._LockWrapper object at 0x1121c32d0> acquired
No value present for key: 'keystone.federation.core:get_enabled_service_providers|'
Calling creation function for not-yet-present value
Cache value generated in 0.000 seconds for key(s): 'keystone.federation.core:get_enabled_service_providers|'
Released creation lock
REQUEST_METHOD: `POST`
SCRIPT_NAME: ``
PATH_INFO: `/v3/auth/tokens`
Truncating password to algorithm specific maximum length 72 characters.
MFA Rules not processed for user `428a7ed5924d428a862222bdf6e9e445`. Rule list: `[]` (Enabled: `True`).
Loaded 2 Fernet keys from /var/folders/42/58j27lc523g1bm85nfycfc480000gn/T/tmpcyrzy7k6/tmprynrusku, but `[fernet_tokens] max_active_keys = 3`; perhaps there have not been enough key rotations to reach `max_active_keys` yet?
No value present for key: 'keystone.assignment.core:get_roles_for_user_and_project|428a7ed5924d428a862222bdf6e9e445 660f7883bf5340f1a41b4b2a5e93e9a6'
NeedRegenerationException
no value, waiting for create lock
value creation lock <dogpile.cache.region.CacheRegion._LockWrapper object at 0x111ff2d50> acquired
No value present for key: 'keystone.assignment.core:get_roles_for_user_and_project|428a7ed5924d428a862222bdf6e9e445 660f7883bf5340f1a41b4b2a5e93e9a6'
Calling creation function for not-yet-present value
No value present for key: 'keystone.assignment.core:list_role_assignments|None 428a7ed5924d428a862222bdf6e9e445 None None None 660f7883bf5340f1a41b4b2a5e93e9a6 False None True False None True'
NeedRegenerationException
no value, waiting for create lock
value creation lock <dogpile.cache.region.CacheRegion._LockWrapper object at 0x111ff3650> acquired
No value present for key: 'keystone.assignment.core:list_role_assignments|None 428a7ed5924d428a862222bdf6e9e445 None None None 660f7883bf5340f1a41b4b2a5e93e9a6 False None True False None True'
Calling creation function for not-yet-present value
Cache value generated in 0.003 seconds for key(s): 'keystone.assignment.core:list_role_assignments|None 428a7ed5924d428a862222bdf6e9e445 None None None 660f7883bf5340f1a41b4b2a5e93e9a6 False None True False None True'
Released creation lock
Cache value generated in 0.003 seconds for key(s): 'keystone.assignment.core:get_roles_for_user_and_project|428a7ed5924d428a862222bdf6e9e445 660f7883bf5340f1a41b4b2a5e93e9a6'
Released creation lock
No value present for key: 'keystone.catalog.core:get_v3_catalog|428a7ed5924d428a862222bdf6e9e445 660f7883bf5340f1a41b4b2a5e93e9a6'
NeedRegenerationException
no value, waiting for create lock
value creation lock <dogpile.cache.region.CacheRegion._LockWrapper object at 0x111ff2390> acquired
No value present for key: 'keystone.catalog.core:get_v3_catalog|428a7ed5924d428a862222bdf6e9e445 660f7883bf5340f1a41b4b2a5e93e9a6'
Calling creation function for not-yet-present value
Cache value generated in 0.001 seconds for key(s): 'keystone.catalog.core:get_v3_catalog|
    428a7ed5924d428a862222bdf6e9e445 660f7883bf5340f1a41b4b2a5e93e9a6'
Released creation lock
Authenticating user token
No value present for key: "keystone.token.provider:check_revocation_v3|{'expires_at': datetime.datetime(2026, 9, 17, 13, 19, 47), 'issued_at': datetime.datetime(2026, 9, 17, 12, 19, 47), 'audit_id': 'I6KF6i0kRYGCh6OzOmiWrA', 'audit_chain_id': None, 'user_id': '428a7ed5924d428a862222bdf6e9e445', 'identity_domain_id': 'b960b811316b476bbe977381bf48e302', 'project_id': None, 'assignment_domain_id': None, 'roles': ['79df4017c06d4311babc5b3829b8e8fd'], 'trust_id': None, 'trustor_id': None, 'trustee_id': None, 'consumer_id': None, 'access_token_id': None}"
NeedRegenerationException
no value, waiting for create lock
value creation lock <dogpile.cache.region.CacheRegion._LockWrapper object at 0x1123b97d0> acquired
No value present for key: "keystone.token.provider:check_revocation_v3|{'expires_at': datetime.datetime(2026, 9, 17, 13, 19, 47), 'issued_at': datetime.datetime(2026, 9, 17, 12, 19, 47), 'audit_id': 'I6KF6i0kRYGCh6OzOmiWrA', 'audit_chain_id': None, 'user_id': '428a7ed5924d428a862222bdf6e9e445', 'identity_domain_id': 'b960b811316b476bbe977381bf48e302', 'project_id': None, 'assignment_domain_id': None, 'roles': ['79df4017c06d4311babc5b3829b8e8fd'], 'trust_id': None, 'trustor_id': None, 'trustee_id': None, 'consumer_id': None, 'access_token_id': None}"
Calling creation function for not-yet-present value
Cache value generated in 0.001 seconds for key(s): "keystone.token.provider:check_revocation_v3|{'expires_at': datetime.datetime(2026, 9, 17, 13, 19, 47), 'issued_at': datetime.datetime(2026, 9, 17, 12 ... (229 characters truncated) ... roles': ['79df4017c06d4311babc5b3829b8e8fd'], 'trust_id': None, 'trustor_id': None, 'trustee_id': None, 'consumer_id': None, 'access_token_id': None}"
Released creation lock
Validating token access rules against request
RBAC: auth_context: {'token': <TokenModel (audit_id=I6KF6i0kRYGCh6OzOmiWrA, audit_chain_id=['I6KF6i0kRYGCh6OzOmiWrA']) at 0x1123c2d50>, 'domain_id': None, 'trust_id': None, 'trustor_id': None, 'trustee_id': None, 'domain_name': None, 'group_ids': [], 'user_id': '428a7ed5924d428a862222bdf6e9e445', 'user_domain_id': 'b960b811316b476bbe977381bf48e302', 'system_scope': 'all', 'project_id': None, 'project_domain_id': None, 'roles': ['admin'], 'is_admin_project': True, 'service_user_id': None, 'service_user_domain_id': None, 'service_project_id': None, 'service_project_domain_id': None, 'service_roles': []}
REQUEST_METHOD: `POST`
SCRIPT_NAME: ``
PATH_INFO: `/v3/users`
RBAC: Authorizing `identity:create_user()`
No default policy file present, picking the configured one: None.
The policy file None could not be found.
enforce: rule="identity:create_user" creds={"domain_id": null, "is_admin_project": true, "project_domain_id": null, "project_id": null, "roles": ["admin"], "service_project_domain_id": null, "service_project_id": null, "service_roles": [], "service_user_domain_id": null, "service_user_id": null, "system": "all", "system_scope": "all", "token": {"audit_ids": ["I6KF6i0kRYGCh6OzOmiWrA"], "catalog": [{"endpoints": [{"description": "037f65f24fd34825af4f4a855a67553d", "id": "2bde9e9579ce4f87a80b1a5cc9247847", "interface": "public", "name": "d3f6d5344d4145d7933d3a405341731d", "region": "49331cbb312e404eaf89fcb0bbd51ac6", "region_id": "49331cbb312e404eaf89fcb0bbd51ac6", "url": "https://7e4b89f511a64c7db62e54816c10cc7b.com"}], "id": "9ece47f886ce4a4486a0b8805116c4c0", "name": "45dc3d8d530046a1a4e28df9e578c21d", "type": "identity"}], "expires_at": "2026-09-17T13:19:47.000000Z", "issued_at": "2026-09-17T12:19:47.000000Z", "methods": ["password"], "roles": [{"id": "79df4017c06d4311babc5b3829b8e8fd", "name": "admin"}], "system": {"all": true}, "user": {"domain": {"id": "b960b811316b476bbe977381bf48e302", "name": "86a2cbd07d5445c3a5eb661aa6c086eb"}, "id": "428a7ed5924d428a862222bdf6e9e445", "name": "cc13aad329254fe3a744ea9a37ed4e10", "password_expires_at": "***"}}, "user_domain_id": "b960b811316b476bbe977381bf48e302", "user_id": "428a7ed5924d428a862222bdf6e9e445"} target
    ={"request_body.user.domain_id": "b960b811316b476bbe977381bf48e302", "request_body.user.email": "a6bacaa9df084e49a6e451aff8f63c67", "request_body.user.enabled": true, "request_body.user.id": "d699d5e7459e4f62a9e9c3cfdca04601", "request_body.user.name": "67f53d55aa7a4525915354e33d73371e", "request_body.user.options.password_policy_exempt": "***", "request_body.user.password": "***", "target.user.domain_id": "b960b811316b476bbe977381bf48e302", "target.user.email": "a6bacaa9df084e49a6e451aff8f63c67", "target.user.enabled": true, "target.user.id": "d699d5e7459e4f62a9e9c3cfdca04601", "target.user.name": "67f53d55aa7a4525915354e33d73371e", "target.user.options.password_policy_exempt": "***", "target.user.password": "***"}
Deprecated policy rules found. Use oslopolicy-policy-generator and oslopolicy-policy-upgrade to detect and resolve deprecated policies in your configuration.
RBAC: Authorization granted
RBAC: Authorizing `identity:manage_password_policy_exemption()`
enforce: rule="identity:manage_password_policy_exemption" creds={"domain_id": null, "is_admin_project": true, "project_domain_id": null, "project_id": null, "roles": ["admin"], "service_project_domain_id": null, "service_project_id": null, "service_roles": [], "service_user_domain_id": null, "service_user_id": null, "system": "all", "system_scope": "all", "token": {"audit_ids": ["I6KF6i0kRYGCh6OzOmiWrA"], "catalog": [{"endpoints": [{"description": "037f65f24fd34825af4f4a855a67553d", "id": "2bde9e9579ce4f87a80b1a5cc9247847", "interface": "public", "name": "d3f6d5344d4145d7933d3a405341731d", "region": "49331cbb312e404eaf89fcb0bbd51ac6", "region_id": "49331cbb312e404eaf89fcb0bbd51ac6", "url": "https://7e4b89f511a64c7db62e54816c10cc7b.com"}], "id": "9ece47f886ce4a4486a0b8805116c4c0", "name": "45dc3d8d530046a1a4e28df9e578c21d", "type": "identity"}], "expires_at": "2026-09-17T13:19:47.000000Z", "issued_at": "2026-09-17T12:19:47.000000Z", "methods": ["password"], "roles": [{"id": "79df4017c06d4311babc5b3829b8e8fd", "name": "admin"}], "system": {"all": true}, "user": {"domain": {"id": "b960b811316b476bbe977381bf48e302", "name": "86a2cbd07d5445c3a5eb661aa6c086eb"}, "id": "428a7ed5924d428a862222bdf6e9e445", "name": "cc13aad329254fe3a744ea9a37ed4e10", "password_expires_at": "***"}}, "user_domain_id": "b960b811316b476bbe977381bf48e302", "user_id": "428a7ed5924d428a862222bdf6e9e445"} target={"request_body.user.domain_id": "b960b811316b476bbe977381bf48e302", "request_body.user.email": "a6bacaa9df084e49a6e451aff8f63c67", "request_body.user.enabled": true, "request_body.user.id": "d699d5e7459e4f62a9e9c3cfdca04601", "request_body.user.name": "67f53d55aa7a4525915354e33d73371e", "request_body.user.options.password_policy_exempt": "***", "request_body.user.password": "***", "target.user.domain_id": "b960b811316b476bbe977381bf48e302", "target.user.email": "a6bacaa9df084e49a6e451aff8f63c67", "target.user.enabled": true, "target.user.id": "d699d5e7459e4f62a9e9c3cfdca04601", "target.user.name": "67f53d55aa7a4525915354e33d73371e", "target.user.options.password_policy_exempt": "***", "target.user.password": "***"}
RBAC: Authorization granted
Truncating password to algorithm specific maximum length 72 characters.
User 8d1f4b3100454bdd8f1149c84008f7e4: password_policy_exempt changed from False to True; initiator 428a7ed5924d428a862222bdf6e9e445
No value present for key: 'keystone.identity.core:get_user|8d1f4b3100454bdd8f1149c84008f7e4'
NeedRegenerationException
no value, waiting for create lock
value creation lock <dogpile.cache.region.CacheRegion._LockWrapper object at 0x11252e850> acquired
No value present for key: 'keystone.identity.core:get_user|8d1f4b3100454bdd8f1149c84008f7e4'
Calling creation function for not-yet-present value
Cache value generated in 0.001 seconds for key(s): 'keystone.identity.core:get_user|8d1f4b3100454bdd8f1149c84008f7e4'
Released creation lock
Truncating password to algorithm specific maximum length 72 characters.
REQUEST_METHOD: `POST`
SCRIPT_NAME: ``
PATH_INFO: `/v3/users/8d1f4b3100454bdd8f1149c84008f7e4/password`
Truncating password to algorithm specific maxim
    um length 72 characters.
No value present for key: "keystone.identity.core:_shadow_nonlocal_user|{'email': 'a6bacaa9df084e49a6e451aff8f63c67', 'id': '8d1f4b3100454bdd8f1149c84008f7e4', 'name': '67f53d55aa7a4525915354e33d73371e', 'domain_id': 'b960b811316b476bbe977381bf48e302', 'enabled': True, 'password_expires_at': None, 'options': {'password_policy_exempt': False}}"
NeedRegenerationException
no value, waiting for create lock
value creation lock <dogpile.cache.region.CacheRegion._LockWrapper object at 0x1123b97d0> acquired
No value present for key: "keystone.identity.core:_shadow_nonlocal_user|{'email': 'a6bacaa9df084e49a6e451aff8f63c67', 'id': '8d1f4b3100454bdd8f1149c84008f7e4', 'name': '67f53d55aa7a4525915354e33d73371e', 'domain_id': 'b960b811316b476bbe977381bf48e302', 'enabled': True, 'password_expires_at': None, 'options': {'password_policy_exempt': False}}"
Calling creation function for not-yet-present value
Cache value generated in 0.000 seconds for key(s): "keystone.identity.core:_shadow_nonlocal_user|{'email': 'a6bacaa9df084e49a6e451aff8f63c67', 'id': '8d1f4b3100454bdd8f1149c84008f7e4', 'name': '67f53d5 ... (19 characters truncated) ... 73371e', 'domain_id': 'b960b811316b476bbe977381bf48e302', 'enabled': True, 'password_expires_at': None, 'options': {'password_policy_exempt': False}}"
Released creation lock
Truncating password to algorithm specific maximum length 72 characters.


Captured pythonlogging:
~~~~~~~~~~~~~~~~~~~~~~~
    2026-09-17 15:19:46,994 INFO [keystone.common.fernet_utils] Created a new temporary key: /var/folders/42/58j27lc523g1bm85nfycfc480000gn/T/tmpcyrzy7k6/tmprynrusku/0.tmp
2026-09-17 15:19:46,994 INFO [keystone.common.fernet_utils] Become a valid new key: /var/folders/42/58j27lc523g1bm85nfycfc480000gn/T/tmpcyrzy7k6/tmprynrusku/0
2026-09-17 15:19:46,994 INFO [keystone.common.fernet_utils] Starting key rotation with 1 key files: ['/var/folders/42/58j27lc523g1bm85nfycfc480000gn/T/tmpcyrzy7k6/tmprynrusku/0']
2026-09-17 15:19:46,994 INFO [keystone.common.fernet_utils] Created a new temporary key: /var/folders/42/58j27lc523g1bm85nfycfc480000gn/T/tmpcyrzy7k6/tmprynrusku/0.tmp
2026-09-17 15:19:46,994 INFO [keystone.common.fernet_utils] Current primary key is: 0
2026-09-17 15:19:46,994 INFO [keystone.common.fernet_utils] Next primary key will be: 1
2026-09-17 15:19:46,994 INFO [keystone.common.fernet_utils] Promoted key 0 to be the primary: 1
2026-09-17 15:19:46,995 INFO [keystone.common.fernet_utils] Become a valid new key: /var/folders/42/58j27lc523g1bm85nfycfc480000gn/T/tmpcyrzy7k6/tmprynrusku/0
2026-09-17 15:19:46,995 INFO [keystone.common.fernet_utils] Created a new temporary key: /var/folders/42/58j27lc523g1bm85nfycfc480000gn/T/tmpcyrzy7k6/tmpszpi3065/0.tmp
2026-09-17 15:19:46,995 INFO [keystone.common.fernet_utils] Become a valid new key: /var/folders/42/58j27lc523g1bm85nfycfc480000gn/T/tmpcyrzy7k6/tmpszpi3065/0
2026-09-17 15:19:46,995 INFO [keystone.common.fernet_utils] Starting key rotation with 1 key files: ['/var/folders/42/58j27lc523g1bm85nfycfc480000gn/T/tmpcyrzy7k6/tmpszpi3065/0']
2026-09-17 15:19:46,995 INFO [keystone.common.fernet_utils] Created a new temporary key: /var/folders/42/58j27lc523g1bm85nfycfc480000gn/T/tmpcyrzy7k6/tmpszpi3065/0.tmp
2026-09-17 15:19:46,995 INFO [keystone.common.fernet_utils] Current primary key is: 0
2026-09-17 15:19:46,995 INFO [keystone.common.fernet_utils] Next primary key will be: 1
2026-09-17 15:19:46,995 INFO [keystone.common.fernet_utils] Promoted key 0 to be the primary: 1
2026-09-17 15:19:46,996 INFO [keystone.common.fernet_utils] Become a valid new key: /var/folders/42/58j27lc523g1bm85nfycfc480000gn/T/tmpcyrzy7k6/tmpszpi3065/0


==============================
Failed 4 tests - output below:
==============================

keystone.tests.unit.test_password_policy_exemption.PasswordPolicyExemptionTests.test_stale_cached_false_does_not_reject_service_reset
-------------------------------------------------------------------------------------------------------------------------------------

Captured traceback:
~~~~~~~~~~~~~~~~~~~
    Traceback (most recent call last):

      File "/Users/dmitry/Desktop/debug/password-policy-work/keystone/keystone/tests/unit/test_password_policy_exemption.py", line 250, in test_stale_cached_false_does_not_reject_service_reset
    self.update(user, password='x')

      File "/Users/dmitry/Desktop/debug/password-policy-work/keystone/keystone/tests/unit/test_password_policy_exemption.py", line 83, in update
    return self.patch(
           ^^^^^^^^^^^

      File "/Users/dmitry/Desktop/debug/password-policy-work/keystone/keystone/tests/unit/test_v3.py", line 508, in patch
    return self.v3_request(
           ^^^^^^^^^^^^^^^^

      File "/Users/dmitry/Desktop/debug/password-policy-work/keystone/keystone/tests/unit/test_v3.py", line 483, in v3_request
    return self.admin_request(path=path, token=token, **kwargs)
           ^^^^^^^^^^^^^^^^^^^^^^^^^^^^^^^^^^^^^^^^^^^^^^^^^^^^

      File "/Users/dmitry/Desktop/debug/password-policy-work/keystone/keystone/tests/unit/rest.py", line 232, in admin_request
    return self._request(app=self.public_app, **kwargs)
           ^^^^^^^^^^^^^^^^^^^^^^^^^^^^^^^^^^^^^^^^^^^^

      File "/Users/dmitry/Desktop/debug/password-policy-work/keystone/keystone/tests/unit/rest.py", line 221, in _request
    response = self.restful_request(**kwargs)
               ^^^^^^^^^^^^^^^^^^^^^^^^^^^^^^

      File "/Users/dmitry/Desktop/debug/password-policy-work/keystone/keystone/tests/unit/rest.py", line 202, in restful_request
    response = self.request(
               ^^^^^^^^^^^^^

      File "/Users/dmitry/Desktop/debug/password-policy-work/keystone/keystone/tests/unit/rest.py", line 96, in request
    response = app.request(
               ^^^^^^^^^^^^

      File "/Users/dmitry/Desktop/debug/password-policy-work/keystone/.venv/lib/python3.11/site-packages/webtest/app.py", line 586, in request
    return self.do_request(req,
           ^^^^^^^^^^^^^^^^^^^^

      File "/Users/dmitry/Desktop/debug/password-policy-work/keystone/.venv/lib/python3.11/site-packages/webtest/app.py", line 653, in do_request
    self._check_status(status, res)

      File "/Users/dmitry/Desktop/debug/password-policy-work/keystone/.venv/lib/python3.11/site-packages/webtest/app.py", line 687, in _check_status
    raise AppError(

    webtest.app.AppError: Bad response: 400 BAD REQUEST (not 200)
b'{"error":{"code":400,"message":"The password does not match the requirements: None.","title":"Bad Request"}}\n'


Captured pythonlogging:
~~~~~~~~~~~~~~~~~~~~~~~
    Adding cache-proxy 'oslo_cache.testing.CacheIsolatingProxy' to backend.
Adding cache-proxy 'oslo_cache.testing.CacheIsolatingProxy' to backend.
Adding cache-proxy 'oslo_cache.testing.CacheIsolatingProxy' to backend.
Adding cache-proxy 'oslo_cache.testing.CacheIsolatingProxy' to backend.
Adding cache-proxy 'oslo_cache.testing.CacheIsolatingProxy' to backend.
Adding cache-proxy 'oslo_cache.testing.CacheIsolatingProxy' to backend.
Adding cache-proxy 'oslo_cache.testing.CacheIsolatingProxy' to backend.
reading /Users/dmitry/Library/Caches/Python Entry Points/ddb9fcaee5a4264601911fe173ee53e34bb62b80650028745299e58cc2ad3a55
writing to /Users/dmitry/Library/Caches/Python Entry Points/ddb9fcaee5a4264601911fe173ee53e34bb62b80650028745299e58cc2ad3a55
No value present for key: '<<<region>>>:shared default'
NeedRegenerationException
no value, waiting for create lock
value creation lock <dogpile.cache.region.CacheRegion._LockWrapper object at 0x110f80f90> acquired
No value present for key: '<<<region>>>:shared default'
Calling creation function for not-yet-present value
Cache value generated in 0.000 seconds for key(s): '<<<region>>>:shared default'
Released creation lock
No value present for key: 'keystone.resource.core:get_domain|default'
NeedRegenerationException
no value, waiting for create lock
value creation lock <dogpile.cache.region.CacheRegion._LockWrapper object at 0x110f80f90> acquired
No value present for key: 'keystone.resource.core:get_domain|default'
Calling creation function for not-yet-present value
Released creation lock
No value present for key: 'keystone.resource.core:get_domain|ce0b650d5c8a401a875d53129a4aca6d'
NeedRegenerationException
no value, waiting for create lock
value creation lock <dogpile.cache.region.CacheRegion._LockWrapper object at 0x111b63950> acquired
No value present for key: 'keystone.resource.core:get_domain|ce0b650d5c8a401a875d53129a4aca6d'
Calling creation function for not-yet-present value
Cache value generated in 0.002 seconds for key(s): 'keystone.resource.core:get_domain|ce0b650d5c8a401a875d53129a4aca6d'
Released creation lock
Truncating password to algorithm specific maximum length 72 characters.
No value present for key: 'keystone.resource.core:get_domain|default'
NeedRegenerationException
no value, waiting for create lock
value creation lock <dogpile.cache.region.CacheRegion._LockWrapper object at 0x110f80f90> acquired
No value present for key: 'keystone.resource.core:get_domain|default'
Calling creation function for not-yet-present value
Cache value generated in 0.001 seconds for key(s): 'keystone.resource.core:get_domain|default'
Released creation lock
Truncating password to algorithm specific maximum length 72 characters.
Truncating password to algorithm specific maximum length 72 characters.
No value present for key: 'keystone.catalog.core:get_region|63660f545bde4f3c8eb8ce8b747516f3'
NeedRegenerationException
no value, waiting for create lock
value creation lock <dogpile.cache.region.CacheRegion._LockWrapper object at 0x111b84910> acquired
No value present for key: 'keystone.catalog.core:get_region|63660f545bde4f3c8eb8ce8b747516f3'
Calling creation function for not-yet-present value
Released creation lock
No value present for key: 'keystone.catalog.core:get_region|63660f545bde4f3c8eb8ce8b747516f3'
NeedRegenerationException
no value, waiting for create lock
value creation lock <dogpile.cache.region.CacheRegion._LockWrapper object at 0x111d78bd0> acquired
No value present for key: 'keystone.catalog.core:get_region|63660f545bde4f3c8eb8ce8b747516f3'
Calling creation function for not-yet-present value
Cache value generated in 0.000 seconds for key(s): 'keystone.catalog.core:get_region|63660f545bde4f3c8eb8ce8b747516f3'
Released creation lock
No value present for key: 'keystone.catalog.core:get_service|4c4f1bde5a1f4853979d53ebf9279a4a'
NeedRegenerationException
no value, waiting for create lock
value creation lock <dogpile.cache.region.CacheRegion._LockWrapper object at 0x111d78bd0> acquired
No value present for key: 'keystone.catalog.core:get_service|4c4f1bde5a1f4853979d53ebf9279a4a'
Cal
    ling creation function for not-yet-present value
Cache value generated in 0.000 seconds for key(s): 'keystone.catalog.core:get_service|4c4f1bde5a1f4853979d53ebf9279a4a'
Released creation lock
Adding resource routes to API auth: ['/auth/projects' {}]
Adding additional resource route (alternate) to API auth: ['/OS-FEDERATION/projects' {}]
Adding resource routes to API auth: ['/auth/domains' {}]
Adding additional resource route (alternate) to API auth: ['/OS-FEDERATION/domains' {}]
Adding resource routes to API auth: ['/auth/system' {}]
Adding resource routes to API auth: ['/auth/catalog' {}]
Adding resource routes to API auth: ['/auth/tokens/OS-PKI/revoked' {}]
Adding resource routes to API auth: ['/auth/tokens' {}]
Adding resource routes to API auth/OS-FEDERATION: ['/auth/OS-FEDERATION/saml2' {}]
Adding resource routes to API auth/OS-FEDERATION: ['/auth/OS-FEDERATION/saml2/ecp' {}]
Adding resource routes to API auth/OS-FEDERATION: ['/auth/OS-FEDERATION/websso/<string:protocol_id>' {}]
Adding resource routes to API auth/OS-FEDERATION: ['/auth/OS-FEDERATION/identity_providers/<string:idp_id>/protocols/<string:protocol_id>/websso' {}]
Adding resource routes to API credentials: ['/credentials' {}]
Adding resource routes to API credentials: ['/credentials/<string:credential_id>' {}]
Adding resource routes to API domains: ['/domains' {}]
Adding resource routes to API domains: ['/domains/<string:domain_id>' {}]
Adding resource routes to API domains: ['/domains/<string:domain_id>/config' {}]
Adding resource routes to API domains: ['/domains/<string:domain_id>/config/<string:group>' {}]
Adding resource routes to API domains: ['/domains/<string:domain_id>/config/<string:group>/<string:option>' {}]
Adding resource routes to API domains: ['/domains/config/default' {}]
Adding resource routes to API domains: ['/domains/config/<string:group>/default' {}]
Adding resource routes to API domains: ['/domains/config/<string:group>/<string:option>/default' {}]
Adding resource routes to API domains: ['/domains/<string:domain_id>/users/<string:user_id>/roles' {}]
Adding resource routes to API domains: ['/domains/<string:domain_id>/users/<string:user_id>/roles/<string:role_id>' {}]
Adding resource routes to API domains: ['/domains/<string:domain_id>/groups/<string:group_id>/roles' {}]
Adding resource routes to API domains: ['/domains/<string:domain_id>/groups/<string:group_id>/roles/<string:role_id>' {}]
Adding resource routes to API ec2tokens: ['/ec2tokens' {}]
Adding resource routes to API endpoints: ['/endpoints' {}]
Adding resource routes to API endpoints: ['/endpoints/<string:endpoint_id>' {}]
Adding resource routes to API endpoints: ['/endpoints/<string:endpoint_id>/OS-ENDPOINT-POLICY/policy' {}]
Adding resource routes to API groups: ['/groups' {}]
Adding resource routes to API groups: ['/groups/<string:group_id>' {}]
Adding resource routes to API groups: ['/groups/<string:group_id>/users' {}]
Adding resource routes to API groups: ['/groups/<string:group_id>/users/<string:user_id>' {}]
Adding resource routes to API limits: ['/limits' {}]
Adding resource routes to API limits: ['/limits/<string:limit_id>' {}]
Adding resource routes to API limits: ['/limits/model' {}]
Adding resource routes to API OS-EP-FILTER: ['/endpoint_groups' {}]
Adding resource routes to API OS-EP-FILTER: ['/endpoint_groups/<string:endpoint_group_id>' {}]
Adding resource routes to API OS-EP-FILTER: ['/endpoints/<string:endpoint_id>/projects' {}]
Adding resource routes to API OS-EP-FILTER: ['/projects/<string:project_id>/endpoints/<string:endpoint_id>' {}]
Adding resource routes to API OS-EP-FILTER: ['/projects/<string:project_id>/endpoints' {}]
Adding resource routes to API OS-EP-FILTER: ['/projects/<string:project_id>/endpoint_groups' {}]
Adding resource routes to API OS-EP-FILTER: ['/endpoint_groups/<string:endpoint_group_id>/endpoints' {}]
Adding resource routes to API OS-EP-FILTER: ['/endpoint_groups/<string:endpoint_group_id>/projects' {}]
Adding resource routes to API OS-EP-FILTER: ['/endpoint_groups/<string:endpoint_group_id>/projects/<string:project_id>' {}]
Addi
    ng resource routes to API OS-FEDERATION: ['/saml2/metadata' {}]
Adding resource routes to API OS-FEDERATION: ['/identity_providers/<string:idp_id>/protocols/<string:protocol_id>/auth' {}]
Adding resource routes to API identity_providers: ['/identity_providers' {}]
Adding resource routes to API identity_providers: ['/identity_providers/<string:idp_id>' {}]
Adding resource routes to API protocols: ['/OS-FEDERATION/identity_providers/<string:idp_id>/protocols/<string:protocol_id>' {}]
Adding resource routes to API protocols: ['/OS-FEDERATION/identity_providers/<string:idp_id>/protocols' {}]
Adding standard routes to API mappings for `type` (API Prefix: /OS-FEDERATION) [/mappings, /mappings/<string:mapping_id>]
Adding resource routes to API service_providers: ['/service_providers' {}]
Adding resource routes to API service_providers: ['/service_providers/<string:service_provider_id>' {}]
Adding resource routes to API OS-INHERIT: ['/domains/<string:domain_id>/groups/<string:group_id>/roles/<string:role_id>/inherited_to_projects' {}]
Adding resource routes to API OS-INHERIT: ['/domains/<string:domain_id>/groups/<string:group_id>/roles/inherited_to_projects' {}]
Adding resource routes to API OS-INHERIT: ['/domains/<string:domain_id>/users/<string:user_id>/roles/<string:role_id>/inherited_to_projects' {}]
Adding resource routes to API OS-INHERIT: ['/domains/<string:domain_id>/users/<string:user_id>/roles/inherited_to_projects' {}]
Adding resource routes to API OS-INHERIT: ['/projects/<string:project_id>/users/<string:user_id>/roles/<string:role_id>/inherited_to_projects' {}]
Adding resource routes to API OS-INHERIT: ['/projects/<string:project_id>/groups/<string:group_id>/roles/<string:role_id>/inherited_to_projects' {}]
Adding standard routes to API OS-OAUTH1 for `type` (API Prefix: /OS-OAUTH1) [/consumers, /consumers/<string:consumer_id>]
Adding resource routes to API OS-OAUTH1: ['/request_token' {}]
Adding resource routes to API OS-OAUTH1: ['/access_token' {}]
Adding resource routes to API OS-OAUTH1: ['/authorize/<string:request_token_id>' {}]
Adding resource routes to API OS-OAUTH2: ['/token' {}]
Adding resource routes to API events: ['/events' {}]
Adding resource routes to API OS-SIMPLE-CERT: ['/OS-SIMPLE-CERT/ca' {}]
Adding resource routes to API OS-SIMPLE-CERT: ['/OS-SIMPLE-CERT/certificates' {}]
Adding standard routes to API policy for `type` (API Prefix: ) [/policies, /policies/<string:policy_id>]
Adding resource routes to API policy: ['/policies/<string:policy_id>/OS-ENDPOINT-POLICY/endpoints' {}]
Adding resource routes to API policy: ['/policies/<string:policy_id>/OS-ENDPOINT-POLICY/endpoints/<string:endpoint_id>' {}]
Adding resource routes to API policy: ['/policies/<string:policy_id>/OS-ENDPOINT-POLICY/services/<string:service_id>' {}]
Adding resource routes to API policy: ['/policies/<string:policy_id>/OS-ENDPOINT-POLICY/services/<string:service_id>/regions/<string:region_id>' {}]
Adding resource routes to API projects: ['/projects' {}]
Adding resource routes to API projects: ['/projects/<string:project_id>' {}]
Adding resource routes to API projects: ['/projects/<string:project_id>/tags' {}]
Adding resource routes to API projects: ['/projects/<string:project_id>/tags/<string:value>' {}]
Adding resource routes to API projects: ['/projects/<string:project_id>/users/<string:user_id>/roles/<string:role_id>' {}]
Adding resource routes to API projects: ['/projects/<string:project_id>/users/<string:user_id>/roles' {}]
Adding resource routes to API projects: ['/projects/<string:project_id>/groups/<string:group_id>/roles/<string:role_id>' {}]
Adding resource routes to API projects: ['/projects/<string:project_id>/groups/<string:group_id>/roles' {}]
Adding standard routes to API regions for `type` (API Prefix: ) [/regions, /regions/<string:region_id>]
Adding resource routes to API registered_limits: ['/registered_limits' {}]
Adding resource routes to API registered_limits: ['/registered_limits/<string:registered_limit_id>' {}]
Adding resource routes to API role_assignments: ['/role_assignments' {}]
Adding resource routes to 
    API role_inferences: ['/role_inferences' {}]
Adding resource routes to API roles: ['/roles' {}]
Adding resource routes to API roles: ['/roles/<string:role_id>' {}]
Adding resource routes to API roles: ['/roles/<string:prior_role_id>/implies' {}]
Adding resource routes to API roles: ['/roles/<string:prior_role_id>/implies/<string:implied_role_id>' {}]
Adding resource routes to API s3tokens: ['/s3tokens' {}]
Adding resource routes to API services: ['/services' {}]
Adding resource routes to API services: ['/services/<string:service_id>' {}]
Adding resource routes to API system: ['/system/users/<string:user_id>/roles' {}]
Adding resource routes to API system: ['/system/users/<string:user_id>/roles/<string:role_id>' {}]
Adding resource routes to API system: ['/system/groups/<string:group_id>/roles' {}]
Adding resource routes to API system: ['/system/groups/<string:group_id>/roles/<string:role_id>' {}]
Adding resource routes to API trusts: ['/trusts' {}]
Adding resource routes to API trusts: ['/trusts/<string:trust_id>' {}]
Adding resource routes to API trusts: ['/trusts/<string:trust_id>/roles' {}]
Adding resource routes to API trusts: ['/trusts/<string:trust_id>/roles/<string:role_id>' {}]
Adding resource routes to API users: ['/users' {}]
Adding resource routes to API users: ['/users/<string:user_id>' {}]
Adding resource routes to API users: ['/users/<string:user_id>/password' {}]
Adding resource routes to API users: ['/users/<string:user_id>/groups' {}]
Adding resource routes to API users: ['/users/<string:user_id>/projects' {}]
Adding resource routes to API users: ['/users/<string:user_id>/credentials/OS-EC2' {}]
Adding resource routes to API users: ['/users/<string:user_id>/credentials/OS-EC2/<string:credential_id>' {}]
Adding resource routes to API users: ['/users/<string:user_id>/OS-OAUTH1/access_tokens' {}]
Adding resource routes to API users: ['/users/<string:user_id>/OS-OAUTH1/access_tokens/<string:access_token_id>' {}]
Adding resource routes to API users: ['/users/<string:user_id>/OS-OAUTH1/access_tokens/<string:access_token_id>/roles' {}]
Adding resource routes to API users: ['/users/<string:user_id>/OS-OAUTH1/access_tokens/<string:access_token_id>/roles/<string:role_id>' {}]
Adding resource routes to API users: ['/users/<string:user_id>/application_credentials' {}]
Adding resource routes to API users: ['/users/<string:user_id>/application_credentials/<string:application_credential_id>' {}]
Adding resource routes to API users: ['/users/<string:user_id>/access_rules' {}]
Adding resource routes to API users: ['/users/<string:user_id>/access_rules/<string:access_rule_id>' {}]
REQUEST_METHOD: `POST`
SCRIPT_NAME: ``
PATH_INFO: `/v3/auth/tokens`
No value present for key: 'keystone.identity.core:get_user_by_name|3cb961cf6bd644bfbc2a767a26a7380a ce0b650d5c8a401a875d53129a4aca6d'
NeedRegenerationException
no value, waiting for create lock
value creation lock <dogpile.cache.region.CacheRegion._LockWrapper object at 0x111c5e690> acquired
No value present for key: 'keystone.identity.core:get_user_by_name|3cb961cf6bd644bfbc2a767a26a7380a ce0b650d5c8a401a875d53129a4aca6d'
Calling creation function for not-yet-present value
Cache value generated in 0.003 seconds for key(s): 'keystone.identity.core:get_user_by_name|3cb961cf6bd644bfbc2a767a26a7380a ce0b650d5c8a401a875d53129a4aca6d'
Released creation lock
No value present for key: 'keystone.identity.core:get_user|171e894ec24d402fa739333c96f4d55c'
NeedRegenerationException
no value, waiting for create lock
value creation lock <dogpile.cache.region.CacheRegion._LockWrapper object at 0x110bbcad0> acquired
No value present for key: 'keystone.identity.core:get_user|171e894ec24d402fa739333c96f4d55c'
Calling creation function for not-yet-present value
Cache value generated in 0.003 seconds for key(s): 'keystone.identity.core:get_user|171e894ec24d402fa739333c96f4d55c'
Released creation lock
Truncating password to algorithm specific maximum length 72 characters.
No value present for key: "keystone.identity.core:_shadow_nonlocal_user|{'email': '072ea5684dfe4748a5a4513280dec9ea', 'id': '171e8
    94ec24d402fa739333c96f4d55c', 'name': '3cb961cf6bd644bfbc2a767a26a7380a', 'domain_id': 'ce0b650d5c8a401a875d53129a4aca6d', 'enabled': True, 'password_expires_at': None, 'options': {}}"
NeedRegenerationException
no value, waiting for create lock
value creation lock <dogpile.cache.region.CacheRegion._LockWrapper object at 0x110bbd450> acquired
No value present for key: "keystone.identity.core:_shadow_nonlocal_user|{'email': '072ea5684dfe4748a5a4513280dec9ea', 'id': '171e894ec24d402fa739333c96f4d55c', 'name': '3cb961cf6bd644bfbc2a767a26a7380a', 'domain_id': 'ce0b650d5c8a401a875d53129a4aca6d', 'enabled': True, 'password_expires_at': None, 'options': {}}"
Calling creation function for not-yet-present value
Cache value generated in 0.001 seconds for key(s): "keystone.identity.core:_shadow_nonlocal_user|{'email': '072ea5684dfe4748a5a4513280dec9ea', 'id': '171e894ec24d402fa739333c96f4d55c', 'name': '3cb961cf6bd644bfbc2a767a26a7380a', 'domain_id': 'ce0b650d5c8a401a875d53129a4aca6d', 'enabled': True, 'password_expires_at': None, 'options': {}}"
Released creation lock
MFA Rules not processed for user `171e894ec24d402fa739333c96f4d55c`. Rule list: `[]` (Enabled: `True`).
Loaded 2 Fernet keys from /var/folders/42/58j27lc523g1bm85nfycfc480000gn/T/tmp9at7lpgx/tmpvne2h6jx, but `[fernet_tokens] max_active_keys = 3`; perhaps there have not been enough key rotations to reach `max_active_keys` yet?
No value present for key: '<<<region>>>:tokens'
NeedRegenerationException
no value, waiting for create lock
value creation lock <dogpile.cache.region.CacheRegion._LockWrapper object at 0x110ad1190> acquired
No value present for key: '<<<region>>>:tokens'
Calling creation function for not-yet-present value
Cache value generated in 0.000 seconds for key(s): '<<<region>>>:tokens'
Released creation lock
No value present for key: 'keystone.catalog.core:get_v3_catalog|171e894ec24d402fa739333c96f4d55c None'
NeedRegenerationException
no value, waiting for create lock
value creation lock <dogpile.cache.region.CacheRegion._LockWrapper object at 0x110ade210> acquired
No value present for key: 'keystone.catalog.core:get_v3_catalog|171e894ec24d402fa739333c96f4d55c None'
Calling creation function for not-yet-present value
Cache value generated in 0.001 seconds for key(s): 'keystone.catalog.core:get_v3_catalog|171e894ec24d402fa739333c96f4d55c None'
Released creation lock
No value present for key: 'keystone.federation.core:get_enabled_service_providers|'
NeedRegenerationException
no value, waiting for create lock
value creation lock <dogpile.cache.region.CacheRegion._LockWrapper object at 0x110ac7250> acquired
No value present for key: 'keystone.federation.core:get_enabled_service_providers|'
Calling creation function for not-yet-present value
Cache value generated in 0.000 seconds for key(s): 'keystone.federation.core:get_enabled_service_providers|'
Released creation lock
REQUEST_METHOD: `POST`
SCRIPT_NAME: ``
PATH_INFO: `/v3/auth/tokens`
Truncating password to algorithm specific maximum length 72 characters.
MFA Rules not processed for user `171e894ec24d402fa739333c96f4d55c`. Rule list: `[]` (Enabled: `True`).
Loaded 2 Fernet keys from /var/folders/42/58j27lc523g1bm85nfycfc480000gn/T/tmp9at7lpgx/tmpvne2h6jx, but `[fernet_tokens] max_active_keys = 3`; perhaps there have not been enough key rotations to reach `max_active_keys` yet?
No value present for key: 'keystone.assignment.core:get_roles_for_user_and_project|171e894ec24d402fa739333c96f4d55c d42bd6fdd4e24b47b7b462c02b593262'
NeedRegenerationException
no value, waiting for create lock
value creation lock <dogpile.cache.region.CacheRegion._LockWrapper object at 0x111c5c210> acquired
No value present for key: 'keystone.assignment.core:get_roles_for_user_and_project|171e894ec24d402fa739333c96f4d55c d42bd6fdd4e24b47b7b462c02b593262'
Calling creation function for not-yet-present value
No value present for key: 'keystone.assignment.core:list_role_assignments|None 171e894ec24d402fa739333c96f4d55c None None None d42bd6fdd4e24b47b7b462c02b593262 False None True False None True'
NeedRegenerationException
no value, wait
    ing for create lock
value creation lock <dogpile.cache.region.CacheRegion._LockWrapper object at 0x10fe6d810> acquired
No value present for key: 'keystone.assignment.core:list_role_assignments|None 171e894ec24d402fa739333c96f4d55c None None None d42bd6fdd4e24b47b7b462c02b593262 False None True False None True'
Calling creation function for not-yet-present value
Cache value generated in 0.003 seconds for key(s): 'keystone.assignment.core:list_role_assignments|None 171e894ec24d402fa739333c96f4d55c None None None d42bd6fdd4e24b47b7b462c02b593262 False None True False None True'
Released creation lock
Cache value generated in 0.003 seconds for key(s): 'keystone.assignment.core:get_roles_for_user_and_project|171e894ec24d402fa739333c96f4d55c d42bd6fdd4e24b47b7b462c02b593262'
Released creation lock
No value present for key: 'keystone.catalog.core:get_v3_catalog|171e894ec24d402fa739333c96f4d55c d42bd6fdd4e24b47b7b462c02b593262'
NeedRegenerationException
no value, waiting for create lock
value creation lock <dogpile.cache.region.CacheRegion._LockWrapper object at 0x110c84f90> acquired
No value present for key: 'keystone.catalog.core:get_v3_catalog|171e894ec24d402fa739333c96f4d55c d42bd6fdd4e24b47b7b462c02b593262'
Calling creation function for not-yet-present value
Cache value generated in 0.001 seconds for key(s): 'keystone.catalog.core:get_v3_catalog|171e894ec24d402fa739333c96f4d55c d42bd6fdd4e24b47b7b462c02b593262'
Released creation lock
Authenticating user token
No value present for key: "keystone.token.provider:check_revocation_v3|{'expires_at': datetime.datetime(2026, 9, 17, 13, 19, 46), 'issued_at': datetime.datetime(2026, 9, 17, 12, 19, 46), 'audit_id': 'bRxUwlB9TI-FjBEBJbf-Ng', 'audit_chain_id': None, 'user_id': '171e894ec24d402fa739333c96f4d55c', 'identity_domain_id': 'ce0b650d5c8a401a875d53129a4aca6d', 'project_id': None, 'assignment_domain_id': None, 'roles': ['964087118f9843f98bfe0fb673d01c37'], 'trust_id': None, 'trustor_id': None, 'trustee_id': None, 'consumer_id': None, 'access_token_id': None}"
NeedRegenerationException
no value, waiting for create lock
value creation lock <dogpile.cache.region.CacheRegion._LockWrapper object at 0x10fe6eb10> acquired
No value present for key: "keystone.token.provider:check_revocation_v3|{'expires_at': datetime.datetime(2026, 9, 17, 13, 19, 46), 'issued_at': datetime.datetime(2026, 9, 17, 12, 19, 46), 'audit_id': 'bRxUwlB9TI-FjBEBJbf-Ng', 'audit_chain_id': None, 'user_id': '171e894ec24d402fa739333c96f4d55c', 'identity_domain_id': 'ce0b650d5c8a401a875d53129a4aca6d', 'project_id': None, 'assignment_domain_id': None, 'roles': ['964087118f9843f98bfe0fb673d01c37'], 'trust_id': None, 'trustor_id': None, 'trustee_id': None, 'consumer_id': None, 'access_token_id': None}"
Calling creation function for not-yet-present value
Cache value generated in 0.001 seconds for key(s): "keystone.token.provider:check_revocation_v3|{'expires_at': datetime.datetime(2026, 9, 17, 13, 19, 46), 'issued_at': datetime.datetime(2026, 9, 17, 12 ... (229 characters truncated) ... roles': ['964087118f9843f98bfe0fb673d01c37'], 'trust_id': None, 'trustor_id': None, 'trustee_id': None, 'consumer_id': None, 'access_token_id': None}"
Released creation lock
Validating token access rules against request
RBAC: auth_context: {'token': <TokenModel (audit_id=bRxUwlB9TI-FjBEBJbf-Ng, audit_chain_id=['bRxUwlB9TI-FjBEBJbf-Ng']) at 0x10fed3ad0>, 'domain_id': None, 'trust_id': None, 'trustor_id': None, 'trustee_id': None, 'domain_name': None, 'group_ids': [], 'user_id': '171e894ec24d402fa739333c96f4d55c', 'user_domain_id': 'ce0b650d5c8a401a875d53129a4aca6d', 'system_scope': 'all', 'project_id': None, 'project_domain_id': None, 'roles': ['admin'], 'is_admin_project': True, 'service_user_id': None, 'service_user_domain_id': None, 'service_project_id': None, 'service_project_domain_id': None, 'service_roles': []}
REQUEST_METHOD: `POST`
SCRIPT_NAME: ``
PATH_INFO: `/v3/users`
RBAC: Authorizing `identity:create_user()`
No default policy file present, picking the configured one: None.
The policy file None could not be found.
enforce: rule=
    "identity:create_user" creds={"domain_id": null, "is_admin_project": true, "project_domain_id": null, "project_id": null, "roles": ["admin"], "service_project_domain_id": null, "service_project_id": null, "service_roles": [], "service_user_domain_id": null, "service_user_id": null, "system": "all", "system_scope": "all", "token": {"audit_ids": ["bRxUwlB9TI-FjBEBJbf-Ng"], "catalog": [{"endpoints": [{"description": "303b0bfe21634f579e0effc7056814f8", "id": "562f395716bd47aeb17cf8cfed12c694", "interface": "public", "name": "b6a97ea6dae74540b86cea3249c15e29", "region": "63660f545bde4f3c8eb8ce8b747516f3", "region_id": "63660f545bde4f3c8eb8ce8b747516f3", "url": "https://224a681badec4b68a746bf642dc34bc7.com"}], "id": "4c4f1bde5a1f4853979d53ebf9279a4a", "name": "9ce0bce18a79467f81486f420a86b3c7", "type": "identity"}], "expires_at": "2026-09-17T13:19:46.000000Z", "issued_at": "2026-09-17T12:19:46.000000Z", "methods": ["password"], "roles": [{"id": "964087118f9843f98bfe0fb673d01c37", "name": "admin"}], "system": {"all": true}, "user": {"domain": {"id": "ce0b650d5c8a401a875d53129a4aca6d", "name": "fa7441dcb84e47b991e63f39de41d4d8"}, "id": "171e894ec24d402fa739333c96f4d55c", "name": "3cb961cf6bd644bfbc2a767a26a7380a", "password_expires_at": "***"}}, "user_domain_id": "ce0b650d5c8a401a875d53129a4aca6d", "user_id": "171e894ec24d402fa739333c96f4d55c"} target={"request_body.user.domain_id": "ce0b650d5c8a401a875d53129a4aca6d", "request_body.user.email": "3a711fef398845e2bdd76f7883260d3f", "request_body.user.enabled": true, "request_body.user.id": "07fbb8ab44a2496b8d149964d5feb624", "request_body.user.name": "7718bff1d5f044e69451412590321027", "request_body.user.options.password_policy_exempt": "***", "request_body.user.password": "***", "target.user.domain_id": "ce0b650d5c8a401a875d53129a4aca6d", "target.user.email": "3a711fef398845e2bdd76f7883260d3f", "target.user.enabled": true, "target.user.id": "07fbb8ab44a2496b8d149964d5feb624", "target.user.name": "7718bff1d5f044e69451412590321027", "target.user.options.password_policy_exempt": "***", "target.user.password": "***"}
Deprecated policy rules found. Use oslopolicy-policy-generator and oslopolicy-policy-upgrade to detect and resolve deprecated policies in your configuration.
RBAC: Authorization granted
RBAC: Authorizing `identity:manage_password_policy_exemption()`
enforce: rule="identity:manage_password_policy_exemption" creds={"domain_id": null, "is_admin_project": true, "project_domain_id": null, "project_id": null, "roles": ["admin"], "service_project_domain_id": null, "service_project_id": null, "service_roles": [], "service_user_domain_id": null, "service_user_id": null, "system": "all", "system_scope": "all", "token": {"audit_ids": ["bRxUwlB9TI-FjBEBJbf-Ng"], "catalog": [{"endpoints": [{"description": "303b0bfe21634f579e0effc7056814f8", "id": "562f395716bd47aeb17cf8cfed12c694", "interface": "public", "name": "b6a97ea6dae74540b86cea3249c15e29", "region": "63660f545bde4f3c8eb8ce8b747516f3", "region_id": "63660f545bde4f3c8eb8ce8b747516f3", "url": "https://224a681badec4b68a746bf642dc34bc7.com"}], "id": "4c4f1bde5a1f4853979d53ebf9279a4a", "name": "9ce0bce18a79467f81486f420a86b3c7", "type": "identity"}], "expires_at": "2026-09-17T13:19:46.000000Z", "issued_at": "2026-09-17T12:19:46.000000Z", "methods": ["password"], "roles": [{"id": "964087118f9843f98bfe0fb673d01c37", "name": "admin"}], "system": {"all": true}, "user": {"domain": {"id": "ce0b650d5c8a401a875d53129a4aca6d", "name": "fa7441dcb84e47b991e63f39de41d4d8"}, "id": "171e894ec24d402fa739333c96f4d55c", "name": "3cb961cf6bd644bfbc2a767a26a7380a", "password_expires_at": "***"}}, "user_domain_id": "ce0b650d5c8a401a875d53129a4aca6d", "user_id": "171e894ec24d402fa739333c96f4d55c"} target={"request_body.user.domain_id": "ce0b650d5c8a401a875d53129a4aca6d", "request_body.user.email": "3a711fef398845e2bdd76f7883260d3f", "request_body.user.enabled": true, "request_body.user.id": "07fbb8ab44a2496b8d149964d5feb624", "request_body.user.name": "7718bff1d5f044e69451412590321027", "request_body.user.options.password_policy_exempt": "***", "reques
    t_body.user.password": "***", "target.user.domain_id": "ce0b650d5c8a401a875d53129a4aca6d", "target.user.email": "3a711fef398845e2bdd76f7883260d3f", "target.user.enabled": true, "target.user.id": "07fbb8ab44a2496b8d149964d5feb624", "target.user.name": "7718bff1d5f044e69451412590321027", "target.user.options.password_policy_exempt": "***", "target.user.password": "***"}
RBAC: Authorization granted
Truncating password to algorithm specific maximum length 72 characters.
No value present for key: 'keystone.identity.core:get_user|895ce111c2244c1d891c278fb79a1a93'
NeedRegenerationException
no value, waiting for create lock
value creation lock <dogpile.cache.region.CacheRegion._LockWrapper object at 0x110cbdbd0> acquired
No value present for key: 'keystone.identity.core:get_user|895ce111c2244c1d891c278fb79a1a93'
Calling creation function for not-yet-present value
Cache value generated in 0.001 seconds for key(s): 'keystone.identity.core:get_user|895ce111c2244c1d891c278fb79a1a93'
Released creation lock
Truncating password to algorithm specific maximum length 72 characters.
Authenticating user token
Validating token access rules against request
RBAC: auth_context: {'token': <TokenModel (audit_id=bRxUwlB9TI-FjBEBJbf-Ng, audit_chain_id=['bRxUwlB9TI-FjBEBJbf-Ng']) at 0x112072690>, 'domain_id': None, 'trust_id': None, 'trustor_id': None, 'trustee_id': None, 'domain_name': None, 'group_ids': [], 'user_id': '171e894ec24d402fa739333c96f4d55c', 'user_domain_id': 'ce0b650d5c8a401a875d53129a4aca6d', 'system_scope': 'all', 'project_id': None, 'project_domain_id': None, 'roles': ['admin'], 'is_admin_project': True, 'service_user_id': None, 'service_user_domain_id': None, 'service_project_id': None, 'service_project_domain_id': None, 'service_roles': []}
REQUEST_METHOD: `PATCH`
SCRIPT_NAME: ``
PATH_INFO: `/v3/users/895ce111c2244c1d891c278fb79a1a93`
RBAC: Authorizing `identity:update_user(user_id=895ce111c2244c1d891c278fb79a1a93)`
enforce: rule="identity:update_user" creds={"domain_id": null, "is_admin_project": true, "project_domain_id": null, "project_id": null, "roles": ["admin"], "service_project_domain_id": null, "service_project_id": null, "service_roles": [], "service_user_domain_id": null, "service_user_id": null, "system": "all", "system_scope": "all", "token": {"audit_ids": ["bRxUwlB9TI-FjBEBJbf-Ng"], "catalog": [{"endpoints": [{"description": "303b0bfe21634f579e0effc7056814f8", "id": "562f395716bd47aeb17cf8cfed12c694", "interface": "public", "name": "b6a97ea6dae74540b86cea3249c15e29", "region": "63660f545bde4f3c8eb8ce8b747516f3", "region_id": "63660f545bde4f3c8eb8ce8b747516f3", "url": "https://224a681badec4b68a746bf642dc34bc7.com"}], "id": "4c4f1bde5a1f4853979d53ebf9279a4a", "name": "9ce0bce18a79467f81486f420a86b3c7", "type": "identity"}], "expires_at": "2026-09-17T13:19:46.000000Z", "issued_at": "2026-09-17T12:19:46.000000Z", "methods": ["password"], "roles": [{"id": "964087118f9843f98bfe0fb673d01c37", "name": "admin"}], "system": {"all": true}, "user": {"domain": {"id": "ce0b650d5c8a401a875d53129a4aca6d", "name": "fa7441dcb84e47b991e63f39de41d4d8"}, "id": "171e894ec24d402fa739333c96f4d55c", "name": "3cb961cf6bd644bfbc2a767a26a7380a", "password_expires_at": "***"}}, "user_domain_id": "ce0b650d5c8a401a875d53129a4aca6d", "user_id": "171e894ec24d402fa739333c96f4d55c"} target={"request_body.user.password": "***", "target.user.domain_id": "ce0b650d5c8a401a875d53129a4aca6d", "target.user.email": "3a711fef398845e2bdd76f7883260d3f", "target.user.enabled": true, "target.user.id": "895ce111c2244c1d891c278fb79a1a93", "target.user.name": "7718bff1d5f044e69451412590321027", "target.user.options.password_policy_exempt": "***", "target.user.password_expires_at": "***", "user_id": "895ce111c2244c1d891c278fb79a1a93"}
RBAC: Authorization granted
The password does not match the requirements: None.
Traceback (most recent call last):
  File "/Users/dmitry/Desktop/debug/password-policy-work/keystone/.venv/lib/python3.11/site-packages/flask_restful/__init__.py", line 295, in error_router
    return self.handle_error(e)
           ^^^^^^^^^^^^^^^^^^^^
  Fi
    le "/Users/dmitry/Desktop/debug/password-policy-work/keystone/.venv/lib/python3.11/site-packages/flask_restful/__init__.py", line 310, in handle_error
    _handle_flask_propagate_exceptions_config(current_app, e)
  File "/Users/dmitry/Desktop/debug/password-policy-work/keystone/.venv/lib/python3.11/site-packages/flask/app.py", line 917, in full_dispatch_request
    rv = self.dispatch_request()
         ^^^^^^^^^^^^^^^^^^^^^^^
  File "/Users/dmitry/Desktop/debug/password-policy-work/keystone/.venv/lib/python3.11/site-packages/flask/app.py", line 902, in dispatch_request
    return self.ensure_sync(self.view_functions[rule.endpoint])(**view_args)  # type: ignore[no-any-return]
           ^^^^^^^^^^^^^^^^^^^^^^^^^^^^^^^^^^^^^^^^^^^^^^^^^^^^^^^^^^^^^^^^^
  File "/Users/dmitry/Desktop/debug/password-policy-work/keystone/.venv/lib/python3.11/site-packages/flask_restful/__init__.py", line 489, in wrapper
    resp = resource(*args, **kwargs)
           ^^^^^^^^^^^^^^^^^^^^^^^^^
  File "/Users/dmitry/Desktop/debug/password-policy-work/keystone/.venv/lib/python3.11/site-packages/flask/views.py", line 110, in view
    return current_app.ensure_sync(self.dispatch_request)(**kwargs)  # type: ignore[no-any-return]
           ^^^^^^^^^^^^^^^^^^^^^^^^^^^^^^^^^^^^^^^^^^^^^^^^^^^^^^^^
  File "/Users/dmitry/Desktop/debug/password-policy-work/keystone/.venv/lib/python3.11/site-packages/flask_restful/__init__.py", line 604, in dispatch_request
    resp = meth(*args, **kwargs)
           ^^^^^^^^^^^^^^^^^^^^^
  File "/Users/dmitry/Desktop/debug/password-policy-work/keystone/keystone/api/validation/__init__.py", line 119, in wrapper
    return func(*args, **kwargs)
           ^^^^^^^^^^^^^^^^^^^^^
  File "/Users/dmitry/Desktop/debug/password-policy-work/keystone/keystone/api/validation/__init__.py", line 86, in wrapper
    return func(*args, **kwargs)
           ^^^^^^^^^^^^^^^^^^^^^
  File "/Users/dmitry/Desktop/debug/password-policy-work/keystone/keystone/api/validation/__init__.py", line 145, in wrapper
    response = func(*args, **kwargs)
               ^^^^^^^^^^^^^^^^^^^^^
  File "/Users/dmitry/Desktop/debug/password-policy-work/keystone/keystone/api/users.py", line 282, in patch
    ref = PROVIDERS.identity_api.update_user(
          ^^^^^^^^^^^^^^^^^^^^^^^^^^^^^^^^^^^
  File "/Users/dmitry/Desktop/debug/password-policy-work/keystone/keystone/common/manager.py", line 114, in wrapped
    __ret_val = __f(*args, **kwargs)
                ^^^^^^^^^^^^^^^^^^^^
  File "/Users/dmitry/Desktop/debug/password-policy-work/keystone/keystone/identity/core.py", line 530, in wrapper
    return f(self, *args, **kwargs)
           ^^^^^^^^^^^^^^^^^^^^^^^^
  File "/Users/dmitry/Desktop/debug/password-policy-work/keystone/keystone/identity/core.py", line 542, in wrapper
    return f(self, *args, **kwargs)
           ^^^^^^^^^^^^^^^^^^^^^^^^
  File "/Users/dmitry/Desktop/debug/password-policy-work/keystone/keystone/identity/core.py", line 1381, in update_user
    validators.validate_password(user['password'])
  File "/Users/dmitry/Desktop/debug/password-policy-work/keystone/keystone/common/validation/validators.py", line 41, in validate_password
    raise exception.PasswordRequirementsValidationError(
keystone.exception.PasswordRequirementsValidationError: The password does not match the requirements: None.


Captured pythonlogging:
~~~~~~~~~~~~~~~~~~~~~~~
    2026-09-17 15:19:46,615 INFO [keystone.common.fernet_utils] Created a new temporary key: /var/folders/42/58j27lc523g1bm85nfycfc480000gn/T/tmp9at7lpgx/tmpvne2h6jx/0.tmp
2026-09-17 15:19:46,615 INFO [keystone.common.fernet_utils] Become a valid new key: /var/folders/42/58j27lc523g1bm85nfycfc480000gn/T/tmp9at7lpgx/tmpvne2h6jx/0
2026-09-17 15:19:46,615 INFO [keystone.common.fernet_utils] Starting key rotation with 1 key files: ['/var/folders/42/58j27lc523g1bm85nfycfc480000gn/T/tmp9at7lpgx/tmpvne2h6jx/0']
2026-09-17 15:19:46,615 INFO [keystone.common.fernet_utils] Created a new temporary key: /var/folders/42/58j27lc523g1bm85nfycfc480000gn/T/tmp9at7lpgx/tmpvne2h6jx/0.tmp
2026-09-17 15:19:46,616 INFO [keystone.common.fernet_utils] Current primary key is: 0
2026-09-17 15:19:46,616 INFO [keystone.common.fernet_utils] Next primary key will be: 1
2026-09-17 15:19:46,616 INFO [keystone.common.fernet_utils] Promoted key 0 to be the primary: 1
2026-09-17 15:19:46,616 INFO [keystone.common.fernet_utils] Become a valid new key: /var/folders/42/58j27lc523g1bm85nfycfc480000gn/T/tmp9at7lpgx/tmpvne2h6jx/0
2026-09-17 15:19:46,616 INFO [keystone.common.fernet_utils] Created a new temporary key: /var/folders/42/58j27lc523g1bm85nfycfc480000gn/T/tmp9at7lpgx/tmpwr2pt6di/0.tmp
2026-09-17 15:19:46,616 INFO [keystone.common.fernet_utils] Become a valid new key: /var/folders/42/58j27lc523g1bm85nfycfc480000gn/T/tmp9at7lpgx/tmpwr2pt6di/0
2026-09-17 15:19:46,616 INFO [keystone.common.fernet_utils] Starting key rotation with 1 key files: ['/var/folders/42/58j27lc523g1bm85nfycfc480000gn/T/tmp9at7lpgx/tmpwr2pt6di/0']
2026-09-17 15:19:46,617 INFO [keystone.common.fernet_utils] Created a new temporary key: /var/folders/42/58j27lc523g1bm85nfycfc480000gn/T/tmp9at7lpgx/tmpwr2pt6di/0.tmp
2026-09-17 15:19:46,617 INFO [keystone.common.fernet_utils] Current primary key is: 0
2026-09-17 15:19:46,617 INFO [keystone.common.fernet_utils] Next primary key will be: 1
2026-09-17 15:19:46,617 INFO [keystone.common.fernet_utils] Promoted key 0 to be the primary: 1
2026-09-17 15:19:46,617 INFO [keystone.common.fernet_utils] Become a valid new key: /var/folders/42/58j27lc523g1bm85nfycfc480000gn/T/tmp9at7lpgx/tmpwr2pt6di/0


keystone.tests.unit.test_password_policy_exemption.PasswordPolicyExemptionTests.test_stale_cached_false_does_not_reject_service_self_change
-------------------------------------------------------------------------------------------------------------------------------------------

Captured traceback:
~~~~~~~~~~~~~~~~~~~
    Traceback (most recent call last):

      File "/Users/dmitry/Desktop/debug/password-policy-work/keystone/keystone/tests/unit/test_password_policy_exemption.py", line 259, in test_stale_cached_false_does_not_reject_service_self_change
    self.change(user, 'ValidPass1!', 'x')

      File "/Users/dmitry/Desktop/debug/password-policy-work/keystone/keystone/tests/unit/test_password_policy_exemption.py", line 91, in change
    return self.post(
           ^^^^^^^^^^

      File "/Users/dmitry/Desktop/debug/password-policy-work/keystone/keystone/tests/unit/test_v3.py", line 498, in post
    return self.v3_request(
           ^^^^^^^^^^^^^^^^

      File "/Users/dmitry/Desktop/debug/password-policy-work/keystone/keystone/tests/unit/test_v3.py", line 470, in v3_request
    return self.v3_noauth_request(path, **kwargs)
           ^^^^^^^^^^^^^^^^^^^^^^^^^^^^^^^^^^^^^^

      File "/Users/dmitry/Desktop/debug/password-policy-work/keystone/keystone/tests/unit/test_v3.py", line 465, in v3_noauth_request
    return self.admin_request(path=path, **kwargs)
           ^^^^^^^^^^^^^^^^^^^^^^^^^^^^^^^^^^^^^^^

      File "/Users/dmitry/Desktop/debug/password-policy-work/keystone/keystone/tests/unit/rest.py", line 232, in admin_request
    return self._request(app=self.public_app, **kwargs)
           ^^^^^^^^^^^^^^^^^^^^^^^^^^^^^^^^^^^^^^^^^^^^

      File "/Users/dmitry/Desktop/debug/password-policy-work/keystone/keystone/tests/unit/rest.py", line 221, in _request
    response = self.restful_request(**kwargs)
               ^^^^^^^^^^^^^^^^^^^^^^^^^^^^^^

      File "/Users/dmitry/Desktop/debug/password-policy-work/keystone/keystone/tests/unit/rest.py", line 202, in restful_request
    response = self.request(
               ^^^^^^^^^^^^^

      File "/Users/dmitry/Desktop/debug/password-policy-work/keystone/keystone/tests/unit/rest.py", line 96, in request
    response = app.request(
               ^^^^^^^^^^^^

      File "/Users/dmitry/Desktop/debug/password-policy-work/keystone/.venv/lib/python3.11/site-packages/webtest/app.py", line 586, in request
    return self.do_request(req,
           ^^^^^^^^^^^^^^^^^^^^

      File "/Users/dmitry/Desktop/debug/password-policy-work/keystone/.venv/lib/python3.11/site-packages/webtest/app.py", line 653, in do_request
    self._check_status(status, res)

      File "/Users/dmitry/Desktop/debug/password-policy-work/keystone/.venv/lib/python3.11/site-packages/webtest/app.py", line 687, in _check_status
    raise AppError(

    webtest.app.AppError: Bad response: 400 BAD REQUEST (not 204)
b'{"error":{"code":400,"message":"The password does not match the requirements: None.","title":"Bad Request"}}\n'


Captured pythonlogging:
~~~~~~~~~~~~~~~~~~~~~~~
    Adding cache-proxy 'oslo_cache.testing.CacheIsolatingProxy' to backend.
Adding cache-proxy 'oslo_cache.testing.CacheIsolatingProxy' to backend.
Adding cache-proxy 'oslo_cache.testing.CacheIsolatingProxy' to backend.
No value present for key: 'keystone.resource.core:get_domain|default'
NeedRegenerationException
no value, waiting for create lock
value creation lock <dogpile.cache.region.CacheRegion._LockWrapper object at 0x112082250> acquired
No value present for key: 'keystone.resource.core:get_domain|default'
Calling creation function for not-yet-present value
Released creation lock
No value present for key: 'keystone.resource.core:get_domain|59435e58e803414b86ccff2443527397'
NeedRegenerationException
no value, waiting for create lock
value creation lock <dogpile.cache.region.CacheRegion._LockWrapper object at 0x112031410> acquired
No value present for key: 'keystone.resource.core:get_domain|59435e58e803414b86ccff2443527397'
Calling creation function for not-yet-present value
Cache value generated in 0.001 seconds for key(s): 'keystone.resource.core:get_domain|59435e58e803414b86ccff2443527397'
Released creation lock
Truncating password to algorithm specific maximum length 72 characters.
No value present for key: 'keystone.resource.core:get_domain|default'
NeedRegenerationException
no value, waiting for create lock
value creation lock <dogpile.cache.region.CacheRegion._LockWrapper object at 0x112082250> acquired
No value present for key: 'keystone.resource.core:get_domain|default'
Calling creation function for not-yet-present value
Cache value generated in 0.001 seconds for key(s): 'keystone.resource.core:get_domain|default'
Released creation lock
Truncating password to algorithm specific maximum length 72 characters.
Truncating password to algorithm specific maximum length 72 characters.
No value present for key: 'keystone.catalog.core:get_region|c927b628f9c3470a982aacfc51ae8ac3'
NeedRegenerationException
no value, waiting for create lock
value creation lock <dogpile.cache.region.CacheRegion._LockWrapper object at 0x11201ab50> acquired
No value present for key: 'keystone.catalog.core:get_region|c927b628f9c3470a982aacfc51ae8ac3'
Calling creation function for not-yet-present value
Released creation lock
No value present for key: 'keystone.catalog.core:get_region|c927b628f9c3470a982aacfc51ae8ac3'
NeedRegenerationException
no value, waiting for create lock
value creation lock <dogpile.cache.region.CacheRegion._LockWrapper object at 0x11201ab50> acquired
No value present for key: 'keystone.catalog.core:get_region|c927b628f9c3470a982aacfc51ae8ac3'
Calling creation function for not-yet-present value
Cache value generated in 0.000 seconds for key(s): 'keystone.catalog.core:get_region|c927b628f9c3470a982aacfc51ae8ac3'
Released creation lock
No value present for key: 'keystone.catalog.core:get_service|a25292818c404925b4cd255d9139950e'
NeedRegenerationException
no value, waiting for create lock
value creation lock <dogpile.cache.region.CacheRegion._LockWrapper object at 0x112000690> acquired
No value present for key: 'keystone.catalog.core:get_service|a25292818c404925b4cd255d9139950e'
Calling creation function for not-yet-present value
Cache value generated in 0.000 seconds for key(s): 'keystone.catalog.core:get_service|a25292818c404925b4cd255d9139950e'
Released creation lock
Adding resource routes to API auth: ['/auth/projects' {}]
Adding additional resource route (alternate) to API auth: ['/OS-FEDERATION/projects' {}]
Adding resource routes to API auth: ['/auth/domains' {}]
Adding additional resource route (alternate) to API auth: ['/OS-FEDERATION/domains' {}]
Adding resource routes to API auth: ['/auth/system' {}]
Adding resource routes to API auth: ['/auth/catalog' {}]
Adding resource routes to API auth: ['/auth/tokens/OS-PKI/revoked' {}]
Adding resource routes to API auth: ['/auth/tokens' {}]
Adding resource routes to API auth/OS-FEDERATION: ['/auth/OS-FEDERATION/saml2' {}]
Adding resource routes to API auth/OS-FEDERATION: ['/auth/OS-FEDERATION/saml2/ecp' {}]
Adding resource routes to API auth/OS-FEDERATION: ['/auth/OS-FEDERAT
    ION/websso/<string:protocol_id>' {}]
Adding resource routes to API auth/OS-FEDERATION: ['/auth/OS-FEDERATION/identity_providers/<string:idp_id>/protocols/<string:protocol_id>/websso' {}]
Adding resource routes to API credentials: ['/credentials' {}]
Adding resource routes to API credentials: ['/credentials/<string:credential_id>' {}]
Adding resource routes to API domains: ['/domains' {}]
Adding resource routes to API domains: ['/domains/<string:domain_id>' {}]
Adding resource routes to API domains: ['/domains/<string:domain_id>/config' {}]
Adding resource routes to API domains: ['/domains/<string:domain_id>/config/<string:group>' {}]
Adding resource routes to API domains: ['/domains/<string:domain_id>/config/<string:group>/<string:option>' {}]
Adding resource routes to API domains: ['/domains/config/default' {}]
Adding resource routes to API domains: ['/domains/config/<string:group>/default' {}]
Adding resource routes to API domains: ['/domains/config/<string:group>/<string:option>/default' {}]
Adding resource routes to API domains: ['/domains/<string:domain_id>/users/<string:user_id>/roles' {}]
Adding resource routes to API domains: ['/domains/<string:domain_id>/users/<string:user_id>/roles/<string:role_id>' {}]
Adding resource routes to API domains: ['/domains/<string:domain_id>/groups/<string:group_id>/roles' {}]
Adding resource routes to API domains: ['/domains/<string:domain_id>/groups/<string:group_id>/roles/<string:role_id>' {}]
Adding resource routes to API ec2tokens: ['/ec2tokens' {}]
Adding resource routes to API endpoints: ['/endpoints' {}]
Adding resource routes to API endpoints: ['/endpoints/<string:endpoint_id>' {}]
Adding resource routes to API endpoints: ['/endpoints/<string:endpoint_id>/OS-ENDPOINT-POLICY/policy' {}]
Adding resource routes to API groups: ['/groups' {}]
Adding resource routes to API groups: ['/groups/<string:group_id>' {}]
Adding resource routes to API groups: ['/groups/<string:group_id>/users' {}]
Adding resource routes to API groups: ['/groups/<string:group_id>/users/<string:user_id>' {}]
Adding resource routes to API limits: ['/limits' {}]
Adding resource routes to API limits: ['/limits/<string:limit_id>' {}]
Adding resource routes to API limits: ['/limits/model' {}]
Adding resource routes to API OS-EP-FILTER: ['/endpoint_groups' {}]
Adding resource routes to API OS-EP-FILTER: ['/endpoint_groups/<string:endpoint_group_id>' {}]
Adding resource routes to API OS-EP-FILTER: ['/endpoints/<string:endpoint_id>/projects' {}]
Adding resource routes to API OS-EP-FILTER: ['/projects/<string:project_id>/endpoints/<string:endpoint_id>' {}]
Adding resource routes to API OS-EP-FILTER: ['/projects/<string:project_id>/endpoints' {}]
Adding resource routes to API OS-EP-FILTER: ['/projects/<string:project_id>/endpoint_groups' {}]
Adding resource routes to API OS-EP-FILTER: ['/endpoint_groups/<string:endpoint_group_id>/endpoints' {}]
Adding resource routes to API OS-EP-FILTER: ['/endpoint_groups/<string:endpoint_group_id>/projects' {}]
Adding resource routes to API OS-EP-FILTER: ['/endpoint_groups/<string:endpoint_group_id>/projects/<string:project_id>' {}]
Adding resource routes to API OS-FEDERATION: ['/saml2/metadata' {}]
Adding resource routes to API OS-FEDERATION: ['/identity_providers/<string:idp_id>/protocols/<string:protocol_id>/auth' {}]
Adding resource routes to API identity_providers: ['/identity_providers' {}]
Adding resource routes to API identity_providers: ['/identity_providers/<string:idp_id>' {}]
Adding resource routes to API protocols: ['/OS-FEDERATION/identity_providers/<string:idp_id>/protocols/<string:protocol_id>' {}]
Adding resource routes to API protocols: ['/OS-FEDERATION/identity_providers/<string:idp_id>/protocols' {}]
Adding standard routes to API mappings for `type` (API Prefix: /OS-FEDERATION) [/mappings, /mappings/<string:mapping_id>]
Adding resource routes to API service_providers: ['/service_providers' {}]
Adding resource routes to API service_providers: ['/service_providers/<string:service_provider_id>' {}]
Adding resource routes to API OS-INHERIT: ['/domains/<string:domai
    n_id>/groups/<string:group_id>/roles/<string:role_id>/inherited_to_projects' {}]
Adding resource routes to API OS-INHERIT: ['/domains/<string:domain_id>/groups/<string:group_id>/roles/inherited_to_projects' {}]
Adding resource routes to API OS-INHERIT: ['/domains/<string:domain_id>/users/<string:user_id>/roles/<string:role_id>/inherited_to_projects' {}]
Adding resource routes to API OS-INHERIT: ['/domains/<string:domain_id>/users/<string:user_id>/roles/inherited_to_projects' {}]
Adding resource routes to API OS-INHERIT: ['/projects/<string:project_id>/users/<string:user_id>/roles/<string:role_id>/inherited_to_projects' {}]
Adding resource routes to API OS-INHERIT: ['/projects/<string:project_id>/groups/<string:group_id>/roles/<string:role_id>/inherited_to_projects' {}]
Adding standard routes to API OS-OAUTH1 for `type` (API Prefix: /OS-OAUTH1) [/consumers, /consumers/<string:consumer_id>]
Adding resource routes to API OS-OAUTH1: ['/request_token' {}]
Adding resource routes to API OS-OAUTH1: ['/access_token' {}]
Adding resource routes to API OS-OAUTH1: ['/authorize/<string:request_token_id>' {}]
Adding resource routes to API OS-OAUTH2: ['/token' {}]
Adding resource routes to API events: ['/events' {}]
Adding resource routes to API OS-SIMPLE-CERT: ['/OS-SIMPLE-CERT/ca' {}]
Adding resource routes to API OS-SIMPLE-CERT: ['/OS-SIMPLE-CERT/certificates' {}]
Adding standard routes to API policy for `type` (API Prefix: ) [/policies, /policies/<string:policy_id>]
Adding resource routes to API policy: ['/policies/<string:policy_id>/OS-ENDPOINT-POLICY/endpoints' {}]
Adding resource routes to API policy: ['/policies/<string:policy_id>/OS-ENDPOINT-POLICY/endpoints/<string:endpoint_id>' {}]
Adding resource routes to API policy: ['/policies/<string:policy_id>/OS-ENDPOINT-POLICY/services/<string:service_id>' {}]
Adding resource routes to API policy: ['/policies/<string:policy_id>/OS-ENDPOINT-POLICY/services/<string:service_id>/regions/<string:region_id>' {}]
Adding resource routes to API projects: ['/projects' {}]
Adding resource routes to API projects: ['/projects/<string:project_id>' {}]
Adding resource routes to API projects: ['/projects/<string:project_id>/tags' {}]
Adding resource routes to API projects: ['/projects/<string:project_id>/tags/<string:value>' {}]
Adding resource routes to API projects: ['/projects/<string:project_id>/users/<string:user_id>/roles/<string:role_id>' {}]
Adding resource routes to API projects: ['/projects/<string:project_id>/users/<string:user_id>/roles' {}]
Adding resource routes to API projects: ['/projects/<string:project_id>/groups/<string:group_id>/roles/<string:role_id>' {}]
Adding resource routes to API projects: ['/projects/<string:project_id>/groups/<string:group_id>/roles' {}]
Adding standard routes to API regions for `type` (API Prefix: ) [/regions, /regions/<string:region_id>]
Adding resource routes to API registered_limits: ['/registered_limits' {}]
Adding resource routes to API registered_limits: ['/registered_limits/<string:registered_limit_id>' {}]
Adding resource routes to API role_assignments: ['/role_assignments' {}]
Adding resource routes to API role_inferences: ['/role_inferences' {}]
Adding resource routes to API roles: ['/roles' {}]
Adding resource routes to API roles: ['/roles/<string:role_id>' {}]
Adding resource routes to API roles: ['/roles/<string:prior_role_id>/implies' {}]
Adding resource routes to API roles: ['/roles/<string:prior_role_id>/implies/<string:implied_role_id>' {}]
Adding resource routes to API s3tokens: ['/s3tokens' {}]
Adding resource routes to API services: ['/services' {}]
Adding resource routes to API services: ['/services/<string:service_id>' {}]
Adding resource routes to API system: ['/system/users/<string:user_id>/roles' {}]
Adding resource routes to API system: ['/system/users/<string:user_id>/roles/<string:role_id>' {}]
Adding resource routes to API system: ['/system/groups/<string:group_id>/roles' {}]
Adding resource routes to API system: ['/system/groups/<string:group_id>/roles/<string:role_id>' {}]
Adding resource routes to API trusts: ['/trusts' {}]
    
Adding resource routes to API trusts: ['/trusts/<string:trust_id>' {}]
Adding resource routes to API trusts: ['/trusts/<string:trust_id>/roles' {}]
Adding resource routes to API trusts: ['/trusts/<string:trust_id>/roles/<string:role_id>' {}]
Adding resource routes to API users: ['/users' {}]
Adding resource routes to API users: ['/users/<string:user_id>' {}]
Adding resource routes to API users: ['/users/<string:user_id>/password' {}]
Adding resource routes to API users: ['/users/<string:user_id>/groups' {}]
Adding resource routes to API users: ['/users/<string:user_id>/projects' {}]
Adding resource routes to API users: ['/users/<string:user_id>/credentials/OS-EC2' {}]
Adding resource routes to API users: ['/users/<string:user_id>/credentials/OS-EC2/<string:credential_id>' {}]
Adding resource routes to API users: ['/users/<string:user_id>/OS-OAUTH1/access_tokens' {}]
Adding resource routes to API users: ['/users/<string:user_id>/OS-OAUTH1/access_tokens/<string:access_token_id>' {}]
Adding resource routes to API users: ['/users/<string:user_id>/OS-OAUTH1/access_tokens/<string:access_token_id>/roles' {}]
Adding resource routes to API users: ['/users/<string:user_id>/OS-OAUTH1/access_tokens/<string:access_token_id>/roles/<string:role_id>' {}]
Adding resource routes to API users: ['/users/<string:user_id>/application_credentials' {}]
Adding resource routes to API users: ['/users/<string:user_id>/application_credentials/<string:application_credential_id>' {}]
Adding resource routes to API users: ['/users/<string:user_id>/access_rules' {}]
Adding resource routes to API users: ['/users/<string:user_id>/access_rules/<string:access_rule_id>' {}]
REQUEST_METHOD: `POST`
SCRIPT_NAME: ``
PATH_INFO: `/v3/auth/tokens`
No value present for key: 'keystone.identity.core:get_user_by_name|485e27ac1e4f4fdd9313342671498301 59435e58e803414b86ccff2443527397'
NeedRegenerationException
no value, waiting for create lock
value creation lock <dogpile.cache.region.CacheRegion._LockWrapper object at 0x111140c10> acquired
No value present for key: 'keystone.identity.core:get_user_by_name|485e27ac1e4f4fdd9313342671498301 59435e58e803414b86ccff2443527397'
Calling creation function for not-yet-present value
Cache value generated in 0.003 seconds for key(s): 'keystone.identity.core:get_user_by_name|485e27ac1e4f4fdd9313342671498301 59435e58e803414b86ccff2443527397'
Released creation lock
No value present for key: 'keystone.identity.core:get_user|a2ee9ce503ca4262a87fd4b43dec18fa'
NeedRegenerationException
no value, waiting for create lock
value creation lock <dogpile.cache.region.CacheRegion._LockWrapper object at 0x112319cd0> acquired
No value present for key: 'keystone.identity.core:get_user|a2ee9ce503ca4262a87fd4b43dec18fa'
Calling creation function for not-yet-present value
Cache value generated in 0.002 seconds for key(s): 'keystone.identity.core:get_user|a2ee9ce503ca4262a87fd4b43dec18fa'
Released creation lock
Truncating password to algorithm specific maximum length 72 characters.
No value present for key: "keystone.identity.core:_shadow_nonlocal_user|{'email': 'edb2883ad912403d877ac862ea7e5001', 'id': 'a2ee9ce503ca4262a87fd4b43dec18fa', 'name': '485e27ac1e4f4fdd9313342671498301', 'domain_id': '59435e58e803414b86ccff2443527397', 'enabled': True, 'password_expires_at': None, 'options': {}}"
NeedRegenerationException
no value, waiting for create lock
value creation lock <dogpile.cache.region.CacheRegion._LockWrapper object at 0x1120e6f90> acquired
No value present for key: "keystone.identity.core:_shadow_nonlocal_user|{'email': 'edb2883ad912403d877ac862ea7e5001', 'id': 'a2ee9ce503ca4262a87fd4b43dec18fa', 'name': '485e27ac1e4f4fdd9313342671498301', 'domain_id': '59435e58e803414b86ccff2443527397', 'enabled': True, 'password_expires_at': None, 'options': {}}"
Calling creation function for not-yet-present value
Cache value generated in 0.001 seconds for key(s): "keystone.identity.core:_shadow_nonlocal_user|{'email': 'edb2883ad912403d877ac862ea7e5001', 'id': 'a2ee9ce503ca4262a87fd4b43dec18fa', 'name': '485e27ac1e4f4fdd9313342671498301', 'domain_id': '59435e58
    e803414b86ccff2443527397', 'enabled': True, 'password_expires_at': None, 'options': {}}"
Released creation lock
MFA Rules not processed for user `a2ee9ce503ca4262a87fd4b43dec18fa`. Rule list: `[]` (Enabled: `True`).
Loaded 2 Fernet keys from /var/folders/42/58j27lc523g1bm85nfycfc480000gn/T/tmpdxe0y333/tmp7huds30e, but `[fernet_tokens] max_active_keys = 3`; perhaps there have not been enough key rotations to reach `max_active_keys` yet?
No value present for key: 'keystone.catalog.core:get_v3_catalog|a2ee9ce503ca4262a87fd4b43dec18fa None'
NeedRegenerationException
no value, waiting for create lock
value creation lock <dogpile.cache.region.CacheRegion._LockWrapper object at 0x1122e2310> acquired
No value present for key: 'keystone.catalog.core:get_v3_catalog|a2ee9ce503ca4262a87fd4b43dec18fa None'
Calling creation function for not-yet-present value
Cache value generated in 0.001 seconds for key(s): 'keystone.catalog.core:get_v3_catalog|a2ee9ce503ca4262a87fd4b43dec18fa None'
Released creation lock
No value present for key: 'keystone.federation.core:get_enabled_service_providers|'
NeedRegenerationException
no value, waiting for create lock
value creation lock <dogpile.cache.region.CacheRegion._LockWrapper object at 0x112361310> acquired
No value present for key: 'keystone.federation.core:get_enabled_service_providers|'
Calling creation function for not-yet-present value
Cache value generated in 0.000 seconds for key(s): 'keystone.federation.core:get_enabled_service_providers|'
Released creation lock
REQUEST_METHOD: `POST`
SCRIPT_NAME: ``
PATH_INFO: `/v3/auth/tokens`
Truncating password to algorithm specific maximum length 72 characters.
MFA Rules not processed for user `a2ee9ce503ca4262a87fd4b43dec18fa`. Rule list: `[]` (Enabled: `True`).
Loaded 2 Fernet keys from /var/folders/42/58j27lc523g1bm85nfycfc480000gn/T/tmpdxe0y333/tmp7huds30e, but `[fernet_tokens] max_active_keys = 3`; perhaps there have not been enough key rotations to reach `max_active_keys` yet?
No value present for key: 'keystone.assignment.core:get_roles_for_user_and_project|a2ee9ce503ca4262a87fd4b43dec18fa 6c9cf65b5d2044c391ac335b2c90fc48'
NeedRegenerationException
no value, waiting for create lock
value creation lock <dogpile.cache.region.CacheRegion._LockWrapper object at 0x112386fd0> acquired
No value present for key: 'keystone.assignment.core:get_roles_for_user_and_project|a2ee9ce503ca4262a87fd4b43dec18fa 6c9cf65b5d2044c391ac335b2c90fc48'
Calling creation function for not-yet-present value
No value present for key: 'keystone.assignment.core:list_role_assignments|None a2ee9ce503ca4262a87fd4b43dec18fa None None None 6c9cf65b5d2044c391ac335b2c90fc48 False None True False None True'
NeedRegenerationException
no value, waiting for create lock
value creation lock <dogpile.cache.region.CacheRegion._LockWrapper object at 0x1122da550> acquired
No value present for key: 'keystone.assignment.core:list_role_assignments|None a2ee9ce503ca4262a87fd4b43dec18fa None None None 6c9cf65b5d2044c391ac335b2c90fc48 False None True False None True'
Calling creation function for not-yet-present value
Cache value generated in 0.003 seconds for key(s): 'keystone.assignment.core:list_role_assignments|None a2ee9ce503ca4262a87fd4b43dec18fa None None None 6c9cf65b5d2044c391ac335b2c90fc48 False None True False None True'
Released creation lock
Cache value generated in 0.003 seconds for key(s): 'keystone.assignment.core:get_roles_for_user_and_project|a2ee9ce503ca4262a87fd4b43dec18fa 6c9cf65b5d2044c391ac335b2c90fc48'
Released creation lock
No value present for key: 'keystone.catalog.core:get_v3_catalog|a2ee9ce503ca4262a87fd4b43dec18fa 6c9cf65b5d2044c391ac335b2c90fc48'
NeedRegenerationException
no value, waiting for create lock
value creation lock <dogpile.cache.region.CacheRegion._LockWrapper object at 0x1123873d0> acquired
No value present for key: 'keystone.catalog.core:get_v3_catalog|a2ee9ce503ca4262a87fd4b43dec18fa 6c9cf65b5d2044c391ac335b2c90fc48'
Calling creation function for not-yet-present value
Cache value generated in 0.001 seconds for key(s): 'keystone.catalog.core:get_v3_catalog|
    a2ee9ce503ca4262a87fd4b43dec18fa 6c9cf65b5d2044c391ac335b2c90fc48'
Released creation lock
Authenticating user token
No value present for key: "keystone.token.provider:check_revocation_v3|{'expires_at': datetime.datetime(2026, 9, 17, 13, 19, 46), 'issued_at': datetime.datetime(2026, 9, 17, 12, 19, 46), 'audit_id': 'CnUVBxmVRai7qqjDcIENlg', 'audit_chain_id': None, 'user_id': 'a2ee9ce503ca4262a87fd4b43dec18fa', 'identity_domain_id': '59435e58e803414b86ccff2443527397', 'project_id': None, 'assignment_domain_id': None, 'roles': ['b2176e787cb347f39ec556954e654fe6'], 'trust_id': None, 'trustor_id': None, 'trustee_id': None, 'consumer_id': None, 'access_token_id': None}"
NeedRegenerationException
no value, waiting for create lock
value creation lock <dogpile.cache.region.CacheRegion._LockWrapper object at 0x112337cd0> acquired
No value present for key: "keystone.token.provider:check_revocation_v3|{'expires_at': datetime.datetime(2026, 9, 17, 13, 19, 46), 'issued_at': datetime.datetime(2026, 9, 17, 12, 19, 46), 'audit_id': 'CnUVBxmVRai7qqjDcIENlg', 'audit_chain_id': None, 'user_id': 'a2ee9ce503ca4262a87fd4b43dec18fa', 'identity_domain_id': '59435e58e803414b86ccff2443527397', 'project_id': None, 'assignment_domain_id': None, 'roles': ['b2176e787cb347f39ec556954e654fe6'], 'trust_id': None, 'trustor_id': None, 'trustee_id': None, 'consumer_id': None, 'access_token_id': None}"
Calling creation function for not-yet-present value
Cache value generated in 0.001 seconds for key(s): "keystone.token.provider:check_revocation_v3|{'expires_at': datetime.datetime(2026, 9, 17, 13, 19, 46), 'issued_at': datetime.datetime(2026, 9, 17, 12 ... (229 characters truncated) ... roles': ['b2176e787cb347f39ec556954e654fe6'], 'trust_id': None, 'trustor_id': None, 'trustee_id': None, 'consumer_id': None, 'access_token_id': None}"
Released creation lock
Validating token access rules against request
RBAC: auth_context: {'token': <TokenModel (audit_id=CnUVBxmVRai7qqjDcIENlg, audit_chain_id=['CnUVBxmVRai7qqjDcIENlg']) at 0x112386b90>, 'domain_id': None, 'trust_id': None, 'trustor_id': None, 'trustee_id': None, 'domain_name': None, 'group_ids': [], 'user_id': 'a2ee9ce503ca4262a87fd4b43dec18fa', 'user_domain_id': '59435e58e803414b86ccff2443527397', 'system_scope': 'all', 'project_id': None, 'project_domain_id': None, 'roles': ['admin'], 'is_admin_project': True, 'service_user_id': None, 'service_user_domain_id': None, 'service_project_id': None, 'service_project_domain_id': None, 'service_roles': []}
REQUEST_METHOD: `POST`
SCRIPT_NAME: ``
PATH_INFO: `/v3/users`
RBAC: Authorizing `identity:create_user()`
No default policy file present, picking the configured one: None.
The policy file None could not be found.
enforce: rule="identity:create_user" creds={"domain_id": null, "is_admin_project": true, "project_domain_id": null, "project_id": null, "roles": ["admin"], "service_project_domain_id": null, "service_project_id": null, "service_roles": [], "service_user_domain_id": null, "service_user_id": null, "system": "all", "system_scope": "all", "token": {"audit_ids": ["CnUVBxmVRai7qqjDcIENlg"], "catalog": [{"endpoints": [{"description": "0d1826a5b29044619c04c8b1c54f0cec", "id": "b2acd3e62db44da4bed6109852631047", "interface": "public", "name": "265e041d76cc46f9baa9f5dc49c6068c", "region": "c927b628f9c3470a982aacfc51ae8ac3", "region_id": "c927b628f9c3470a982aacfc51ae8ac3", "url": "https://107fa7e50955483ea47dbbd2c8d1819e.com"}], "id": "a25292818c404925b4cd255d9139950e", "name": "7b7e2e8a48104b6bba50bb9ce273ff9e", "type": "identity"}], "expires_at": "2026-09-17T13:19:46.000000Z", "issued_at": "2026-09-17T12:19:46.000000Z", "methods": ["password"], "roles": [{"id": "b2176e787cb347f39ec556954e654fe6", "name": "admin"}], "system": {"all": true}, "user": {"domain": {"id": "59435e58e803414b86ccff2443527397", "name": "45cb3708de3b424d994c715d30f63113"}, "id": "a2ee9ce503ca4262a87fd4b43dec18fa", "name": "485e27ac1e4f4fdd9313342671498301", "password_expires_at": "***"}}, "user_domain_id": "59435e58e803414b86ccff2443527397", "user_id": "a2ee9ce503ca4262a87fd4b43dec18fa"} target
    ={"request_body.user.domain_id": "59435e58e803414b86ccff2443527397", "request_body.user.email": "f0f85ec0ee424b29b3c903220257a375", "request_body.user.enabled": true, "request_body.user.id": "35d6bc9066424cfab8d0a5edc02a04c1", "request_body.user.name": "b6882a190cb34379aaa510a0de6b2148", "request_body.user.options.password_policy_exempt": "***", "request_body.user.password": "***", "target.user.domain_id": "59435e58e803414b86ccff2443527397", "target.user.email": "f0f85ec0ee424b29b3c903220257a375", "target.user.enabled": true, "target.user.id": "35d6bc9066424cfab8d0a5edc02a04c1", "target.user.name": "b6882a190cb34379aaa510a0de6b2148", "target.user.options.password_policy_exempt": "***", "target.user.password": "***"}
Deprecated policy rules found. Use oslopolicy-policy-generator and oslopolicy-policy-upgrade to detect and resolve deprecated policies in your configuration.
RBAC: Authorization granted
RBAC: Authorizing `identity:manage_password_policy_exemption()`
enforce: rule="identity:manage_password_policy_exemption" creds={"domain_id": null, "is_admin_project": true, "project_domain_id": null, "project_id": null, "roles": ["admin"], "service_project_domain_id": null, "service_project_id": null, "service_roles": [], "service_user_domain_id": null, "service_user_id": null, "system": "all", "system_scope": "all", "token": {"audit_ids": ["CnUVBxmVRai7qqjDcIENlg"], "catalog": [{"endpoints": [{"description": "0d1826a5b29044619c04c8b1c54f0cec", "id": "b2acd3e62db44da4bed6109852631047", "interface": "public", "name": "265e041d76cc46f9baa9f5dc49c6068c", "region": "c927b628f9c3470a982aacfc51ae8ac3", "region_id": "c927b628f9c3470a982aacfc51ae8ac3", "url": "https://107fa7e50955483ea47dbbd2c8d1819e.com"}], "id": "a25292818c404925b4cd255d9139950e", "name": "7b7e2e8a48104b6bba50bb9ce273ff9e", "type": "identity"}], "expires_at": "2026-09-17T13:19:46.000000Z", "issued_at": "2026-09-17T12:19:46.000000Z", "methods": ["password"], "roles": [{"id": "b2176e787cb347f39ec556954e654fe6", "name": "admin"}], "system": {"all": true}, "user": {"domain": {"id": "59435e58e803414b86ccff2443527397", "name": "45cb3708de3b424d994c715d30f63113"}, "id": "a2ee9ce503ca4262a87fd4b43dec18fa", "name": "485e27ac1e4f4fdd9313342671498301", "password_expires_at": "***"}}, "user_domain_id": "59435e58e803414b86ccff2443527397", "user_id": "a2ee9ce503ca4262a87fd4b43dec18fa"} target={"request_body.user.domain_id": "59435e58e803414b86ccff2443527397", "request_body.user.email": "f0f85ec0ee424b29b3c903220257a375", "request_body.user.enabled": true, "request_body.user.id": "35d6bc9066424cfab8d0a5edc02a04c1", "request_body.user.name": "b6882a190cb34379aaa510a0de6b2148", "request_body.user.options.password_policy_exempt": "***", "request_body.user.password": "***", "target.user.domain_id": "59435e58e803414b86ccff2443527397", "target.user.email": "f0f85ec0ee424b29b3c903220257a375", "target.user.enabled": true, "target.user.id": "35d6bc9066424cfab8d0a5edc02a04c1", "target.user.name": "b6882a190cb34379aaa510a0de6b2148", "target.user.options.password_policy_exempt": "***", "target.user.password": "***"}
RBAC: Authorization granted
Truncating password to algorithm specific maximum length 72 characters.
No value present for key: 'keystone.identity.core:get_user|b9fcca04e44a48429d2a95db6a0e6483'
NeedRegenerationException
no value, waiting for create lock
value creation lock <dogpile.cache.region.CacheRegion._LockWrapper object at 0x1123c8690> acquired
No value present for key: 'keystone.identity.core:get_user|b9fcca04e44a48429d2a95db6a0e6483'
Calling creation function for not-yet-present value
Cache value generated in 0.001 seconds for key(s): 'keystone.identity.core:get_user|b9fcca04e44a48429d2a95db6a0e6483'
Released creation lock
Truncating password to algorithm specific maximum length 72 characters.
REQUEST_METHOD: `POST`
SCRIPT_NAME: ``
PATH_INFO: `/v3/users/b9fcca04e44a48429d2a95db6a0e6483/password`
Truncating password to algorithm specific maximum length 72 characters.
No value present for key: "keystone.identity.core:_shadow_nonlocal_user|{'email': 'f0f85ec0ee424b29b3c903220
    257a375', 'id': 'b9fcca04e44a48429d2a95db6a0e6483', 'name': 'b6882a190cb34379aaa510a0de6b2148', 'domain_id': '59435e58e803414b86ccff2443527397', 'enabled': True, 'password_expires_at': None, 'options': {'password_policy_exempt': True}}"
NeedRegenerationException
no value, waiting for create lock
value creation lock <dogpile.cache.region.CacheRegion._LockWrapper object at 0x1123b8550> acquired
No value present for key: "keystone.identity.core:_shadow_nonlocal_user|{'email': 'f0f85ec0ee424b29b3c903220257a375', 'id': 'b9fcca04e44a48429d2a95db6a0e6483', 'name': 'b6882a190cb34379aaa510a0de6b2148', 'domain_id': '59435e58e803414b86ccff2443527397', 'enabled': True, 'password_expires_at': None, 'options': {'password_policy_exempt': True}}"
Calling creation function for not-yet-present value
Cache value generated in 0.000 seconds for key(s): "keystone.identity.core:_shadow_nonlocal_user|{'email': 'f0f85ec0ee424b29b3c903220257a375', 'id': 'b9fcca04e44a48429d2a95db6a0e6483', 'name': 'b6882a1 ... (18 characters truncated) ... e6b2148', 'domain_id': '59435e58e803414b86ccff2443527397', 'enabled': True, 'password_expires_at': None, 'options': {'password_policy_exempt': True}}"
Released creation lock
The password does not match the requirements: None.
Traceback (most recent call last):
  File "/Users/dmitry/Desktop/debug/password-policy-work/keystone/.venv/lib/python3.11/site-packages/flask_restful/__init__.py", line 295, in error_router
    return self.handle_error(e)
           ^^^^^^^^^^^^^^^^^^^^
  File "/Users/dmitry/Desktop/debug/password-policy-work/keystone/.venv/lib/python3.11/site-packages/flask_restful/__init__.py", line 310, in handle_error
    _handle_flask_propagate_exceptions_config(current_app, e)
  File "/Users/dmitry/Desktop/debug/password-policy-work/keystone/.venv/lib/python3.11/site-packages/flask/app.py", line 917, in full_dispatch_request
    rv = self.dispatch_request()
         ^^^^^^^^^^^^^^^^^^^^^^^
  File "/Users/dmitry/Desktop/debug/password-policy-work/keystone/.venv/lib/python3.11/site-packages/flask/app.py", line 902, in dispatch_request
    return self.ensure_sync(self.view_functions[rule.endpoint])(**view_args)  # type: ignore[no-any-return]
           ^^^^^^^^^^^^^^^^^^^^^^^^^^^^^^^^^^^^^^^^^^^^^^^^^^^^^^^^^^^^^^^^^
  File "/Users/dmitry/Desktop/debug/password-policy-work/keystone/.venv/lib/python3.11/site-packages/flask_restful/__init__.py", line 489, in wrapper
    resp = resource(*args, **kwargs)
           ^^^^^^^^^^^^^^^^^^^^^^^^^
  File "/Users/dmitry/Desktop/debug/password-policy-work/keystone/.venv/lib/python3.11/site-packages/flask/views.py", line 110, in view
    return current_app.ensure_sync(self.dispatch_request)(**kwargs)  # type: ignore[no-any-return]
           ^^^^^^^^^^^^^^^^^^^^^^^^^^^^^^^^^^^^^^^^^^^^^^^^^^^^^^^^
  File "/Users/dmitry/Desktop/debug/password-policy-work/keystone/.venv/lib/python3.11/site-packages/flask_restful/__init__.py", line 604, in dispatch_request
    resp = meth(*args, **kwargs)
           ^^^^^^^^^^^^^^^^^^^^^
  File "/Users/dmitry/Desktop/debug/password-policy-work/keystone/keystone/server/flask/common.py", line 1159, in wrapper
    return f(*args, **kwargs)
           ^^^^^^^^^^^^^^^^^^
  File "/Users/dmitry/Desktop/debug/password-policy-work/keystone/keystone/api/users.py", line 395, in post
    PROVIDERS.identity_api.change_password(
  File "/Users/dmitry/Desktop/debug/password-policy-work/keystone/keystone/common/manager.py", line 114, in wrapped
    __ret_val = __f(*args, **kwargs)
                ^^^^^^^^^^^^^^^^^^^^
  File "/Users/dmitry/Desktop/debug/password-policy-work/keystone/keystone/identity/core.py", line 530, in wrapper
    return f(self, *args, **kwargs)
           ^^^^^^^^^^^^^^^^^^^^^^^^
  File "/Users/dmitry/Desktop/debug/password-policy-work/keystone/keystone/identity/core.py", line 1739, in change_password
    validators.validate_password(new_password)
  File "/Users/dmitry/Desktop/debug/password-policy-work/keystone/keystone/common/validation/validators.py", line 41, in validate_password
    raise exception.PasswordRequirementsValidatio
    nError(
keystone.exception.PasswordRequirementsValidationError: The password does not match the requirements: None.


Captured pythonlogging:
~~~~~~~~~~~~~~~~~~~~~~~
    2026-09-17 15:19:46,800 INFO [keystone.common.fernet_utils] Created a new temporary key: /var/folders/42/58j27lc523g1bm85nfycfc480000gn/T/tmpdxe0y333/tmp7huds30e/0.tmp
2026-09-17 15:19:46,800 INFO [keystone.common.fernet_utils] Become a valid new key: /var/folders/42/58j27lc523g1bm85nfycfc480000gn/T/tmpdxe0y333/tmp7huds30e/0
2026-09-17 15:19:46,800 INFO [keystone.common.fernet_utils] Starting key rotation with 1 key files: ['/var/folders/42/58j27lc523g1bm85nfycfc480000gn/T/tmpdxe0y333/tmp7huds30e/0']
2026-09-17 15:19:46,800 INFO [keystone.common.fernet_utils] Created a new temporary key: /var/folders/42/58j27lc523g1bm85nfycfc480000gn/T/tmpdxe0y333/tmp7huds30e/0.tmp
2026-09-17 15:19:46,800 INFO [keystone.common.fernet_utils] Current primary key is: 0
2026-09-17 15:19:46,800 INFO [keystone.common.fernet_utils] Next primary key will be: 1
2026-09-17 15:19:46,801 INFO [keystone.common.fernet_utils] Promoted key 0 to be the primary: 1
2026-09-17 15:19:46,801 INFO [keystone.common.fernet_utils] Become a valid new key: /var/folders/42/58j27lc523g1bm85nfycfc480000gn/T/tmpdxe0y333/tmp7huds30e/0
2026-09-17 15:19:46,801 INFO [keystone.common.fernet_utils] Created a new temporary key: /var/folders/42/58j27lc523g1bm85nfycfc480000gn/T/tmpdxe0y333/tmplw6jhb1q/0.tmp
2026-09-17 15:19:46,801 INFO [keystone.common.fernet_utils] Become a valid new key: /var/folders/42/58j27lc523g1bm85nfycfc480000gn/T/tmpdxe0y333/tmplw6jhb1q/0
2026-09-17 15:19:46,801 INFO [keystone.common.fernet_utils] Starting key rotation with 1 key files: ['/var/folders/42/58j27lc523g1bm85nfycfc480000gn/T/tmpdxe0y333/tmplw6jhb1q/0']
2026-09-17 15:19:46,801 INFO [keystone.common.fernet_utils] Created a new temporary key: /var/folders/42/58j27lc523g1bm85nfycfc480000gn/T/tmpdxe0y333/tmplw6jhb1q/0.tmp
2026-09-17 15:19:46,801 INFO [keystone.common.fernet_utils] Current primary key is: 0
2026-09-17 15:19:46,802 INFO [keystone.common.fernet_utils] Next primary key will be: 1
2026-09-17 15:19:46,802 INFO [keystone.common.fernet_utils] Promoted key 0 to be the primary: 1
2026-09-17 15:19:46,802 INFO [keystone.common.fernet_utils] Become a valid new key: /var/folders/42/58j27lc523g1bm85nfycfc480000gn/T/tmpdxe0y333/tmplw6jhb1q/0


keystone.tests.unit.test_password_policy_exemption.PasswordPolicyExemptionTests.test_stale_cached_true_cannot_bypass_reset
--------------------------------------------------------------------------------------------------------------------------

Captured traceback:
~~~~~~~~~~~~~~~~~~~
    Traceback (most recent call last):

      File "/Users/dmitry/Desktop/debug/password-policy-work/keystone/keystone/tests/unit/test_password_policy_exemption.py", line 232, in test_stale_cached_true_cannot_bypass_reset
    self.update(user, password='x', status=400)

      File "/Users/dmitry/Desktop/debug/password-policy-work/keystone/keystone/tests/unit/test_password_policy_exemption.py", line 83, in update
    return self.patch(
           ^^^^^^^^^^^

      File "/Users/dmitry/Desktop/debug/password-policy-work/keystone/keystone/tests/unit/test_v3.py", line 508, in patch
    return self.v3_request(
           ^^^^^^^^^^^^^^^^

      File "/Users/dmitry/Desktop/debug/password-policy-work/keystone/keystone/tests/unit/test_v3.py", line 483, in v3_request
    return self.admin_request(path=path, token=token, **kwargs)
           ^^^^^^^^^^^^^^^^^^^^^^^^^^^^^^^^^^^^^^^^^^^^^^^^^^^^

      File "/Users/dmitry/Desktop/debug/password-policy-work/keystone/keystone/tests/unit/rest.py", line 232, in admin_request
    return self._request(app=self.public_app, **kwargs)
           ^^^^^^^^^^^^^^^^^^^^^^^^^^^^^^^^^^^^^^^^^^^^

      File "/Users/dmitry/Desktop/debug/password-policy-work/keystone/keystone/tests/unit/rest.py", line 221, in _request
    response = self.restful_request(**kwargs)
               ^^^^^^^^^^^^^^^^^^^^^^^^^^^^^^

      File "/Users/dmitry/Desktop/debug/password-policy-work/keystone/keystone/tests/unit/rest.py", line 202, in restful_request
    response = self.request(
               ^^^^^^^^^^^^^

      File "/Users/dmitry/Desktop/debug/password-policy-work/keystone/keystone/tests/unit/rest.py", line 96, in request
    response = app.request(
               ^^^^^^^^^^^^

      File "/Users/dmitry/Desktop/debug/password-policy-work/keystone/.venv/lib/python3.11/site-packages/webtest/app.py", line 586, in request
    return self.do_request(req,
           ^^^^^^^^^^^^^^^^^^^^

      File "/Users/dmitry/Desktop/debug/password-policy-work/keystone/.venv/lib/python3.11/site-packages/webtest/app.py", line 653, in do_request
    self._check_status(status, res)

      File "/Users/dmitry/Desktop/debug/password-policy-work/keystone/.venv/lib/python3.11/site-packages/webtest/app.py", line 687, in _check_status
    raise AppError(

    webtest.app.AppError: Bad response: 200 OK (not 400)
b'{"user": {"email": "46cfc6f7945f47ee8c5d3f37f46f2a86", "id": "7997c128079e40a196093f3f7d0919e2", "name": "ab8a75c5d02e44538f9e8dd5fcfa5243", "domain_id": "1af167620d6e4180b395773d574a2f5c", "enabled": true, "password_expires_at": null, "extra": {"email": "46cfc6f7945f47ee8c5d3f37f46f2a86"}, "options": {"password_policy_exempt": false}, "links": {"self": "http://localhost/v3/users/7997c128079e40a196093f3f7d0919e2"}}}\n'


Captured pythonlogging:
~~~~~~~~~~~~~~~~~~~~~~~
    Adding cache-proxy 'oslo_cache.testing.CacheIsolatingProxy' to backend.
Adding cache-proxy 'oslo_cache.testing.CacheIsolatingProxy' to backend.
Adding cache-proxy 'oslo_cache.testing.CacheIsolatingProxy' to backend.
No value present for key: 'keystone.resource.core:get_domain|default'
NeedRegenerationException
no value, waiting for create lock
value creation lock <dogpile.cache.region.CacheRegion._LockWrapper object at 0x11243fe50> acquired
No value present for key: 'keystone.resource.core:get_domain|default'
Calling creation function for not-yet-present value
Released creation lock
No value present for key: 'keystone.resource.core:get_domain|1af167620d6e4180b395773d574a2f5c'
NeedRegenerationException
no value, waiting for create lock
value creation lock <dogpile.cache.region.CacheRegion._LockWrapper object at 0x112303550> acquired
No value present for key: 'keystone.resource.core:get_domain|1af167620d6e4180b395773d574a2f5c'
Calling creation function for not-yet-present value
Cache value generated in 0.001 seconds for key(s): 'keystone.resource.core:get_domain|1af167620d6e4180b395773d574a2f5c'
Released creation lock
Truncating password to algorithm specific maximum length 72 characters.
No value present for key: 'keystone.resource.core:get_domain|default'
NeedRegenerationException
no value, waiting for create lock
value creation lock <dogpile.cache.region.CacheRegion._LockWrapper object at 0x10fe81110> acquired
No value present for key: 'keystone.resource.core:get_domain|default'
Calling creation function for not-yet-present value
Cache value generated in 0.001 seconds for key(s): 'keystone.resource.core:get_domain|default'
Released creation lock
Truncating password to algorithm specific maximum length 72 characters.
Truncating password to algorithm specific maximum length 72 characters.
No value present for key: 'keystone.catalog.core:get_region|ed4366deebd6463b9385121357de272d'
NeedRegenerationException
no value, waiting for create lock
value creation lock <dogpile.cache.region.CacheRegion._LockWrapper object at 0x1122c5050> acquired
No value present for key: 'keystone.catalog.core:get_region|ed4366deebd6463b9385121357de272d'
Calling creation function for not-yet-present value
Released creation lock
No value present for key: 'keystone.catalog.core:get_region|ed4366deebd6463b9385121357de272d'
NeedRegenerationException
no value, waiting for create lock
value creation lock <dogpile.cache.region.CacheRegion._LockWrapper object at 0x1122c5050> acquired
No value present for key: 'keystone.catalog.core:get_region|ed4366deebd6463b9385121357de272d'
Calling creation function for not-yet-present value
Cache value generated in 0.000 seconds for key(s): 'keystone.catalog.core:get_region|ed4366deebd6463b9385121357de272d'
Released creation lock
No value present for key: 'keystone.catalog.core:get_service|feea136b31b84a77978ccd5d07f8ab0f'
NeedRegenerationException
no value, waiting for create lock
value creation lock <dogpile.cache.region.CacheRegion._LockWrapper object at 0x112046d50> acquired
No value present for key: 'keystone.catalog.core:get_service|feea136b31b84a77978ccd5d07f8ab0f'
Calling creation function for not-yet-present value
Cache value generated in 0.000 seconds for key(s): 'keystone.catalog.core:get_service|feea136b31b84a77978ccd5d07f8ab0f'
Released creation lock
Adding resource routes to API auth: ['/auth/projects' {}]
Adding additional resource route (alternate) to API auth: ['/OS-FEDERATION/projects' {}]
Adding resource routes to API auth: ['/auth/domains' {}]
Adding additional resource route (alternate) to API auth: ['/OS-FEDERATION/domains' {}]
Adding resource routes to API auth: ['/auth/system' {}]
Adding resource routes to API auth: ['/auth/catalog' {}]
Adding resource routes to API auth: ['/auth/tokens/OS-PKI/revoked' {}]
Adding resource routes to API auth: ['/auth/tokens' {}]
Adding resource routes to API auth/OS-FEDERATION: ['/auth/OS-FEDERATION/saml2' {}]
Adding resource routes to API auth/OS-FEDERATION: ['/auth/OS-FEDERATION/saml2/ecp' {}]
Adding resource routes to API auth/OS-FEDERATION: ['/auth/OS-FEDERAT
    ION/websso/<string:protocol_id>' {}]
Adding resource routes to API auth/OS-FEDERATION: ['/auth/OS-FEDERATION/identity_providers/<string:idp_id>/protocols/<string:protocol_id>/websso' {}]
Adding resource routes to API credentials: ['/credentials' {}]
Adding resource routes to API credentials: ['/credentials/<string:credential_id>' {}]
Adding resource routes to API domains: ['/domains' {}]
Adding resource routes to API domains: ['/domains/<string:domain_id>' {}]
Adding resource routes to API domains: ['/domains/<string:domain_id>/config' {}]
Adding resource routes to API domains: ['/domains/<string:domain_id>/config/<string:group>' {}]
Adding resource routes to API domains: ['/domains/<string:domain_id>/config/<string:group>/<string:option>' {}]
Adding resource routes to API domains: ['/domains/config/default' {}]
Adding resource routes to API domains: ['/domains/config/<string:group>/default' {}]
Adding resource routes to API domains: ['/domains/config/<string:group>/<string:option>/default' {}]
Adding resource routes to API domains: ['/domains/<string:domain_id>/users/<string:user_id>/roles' {}]
Adding resource routes to API domains: ['/domains/<string:domain_id>/users/<string:user_id>/roles/<string:role_id>' {}]
Adding resource routes to API domains: ['/domains/<string:domain_id>/groups/<string:group_id>/roles' {}]
Adding resource routes to API domains: ['/domains/<string:domain_id>/groups/<string:group_id>/roles/<string:role_id>' {}]
Adding resource routes to API ec2tokens: ['/ec2tokens' {}]
Adding resource routes to API endpoints: ['/endpoints' {}]
Adding resource routes to API endpoints: ['/endpoints/<string:endpoint_id>' {}]
Adding resource routes to API endpoints: ['/endpoints/<string:endpoint_id>/OS-ENDPOINT-POLICY/policy' {}]
Adding resource routes to API groups: ['/groups' {}]
Adding resource routes to API groups: ['/groups/<string:group_id>' {}]
Adding resource routes to API groups: ['/groups/<string:group_id>/users' {}]
Adding resource routes to API groups: ['/groups/<string:group_id>/users/<string:user_id>' {}]
Adding resource routes to API limits: ['/limits' {}]
Adding resource routes to API limits: ['/limits/<string:limit_id>' {}]
Adding resource routes to API limits: ['/limits/model' {}]
Adding resource routes to API OS-EP-FILTER: ['/endpoint_groups' {}]
Adding resource routes to API OS-EP-FILTER: ['/endpoint_groups/<string:endpoint_group_id>' {}]
Adding resource routes to API OS-EP-FILTER: ['/endpoints/<string:endpoint_id>/projects' {}]
Adding resource routes to API OS-EP-FILTER: ['/projects/<string:project_id>/endpoints/<string:endpoint_id>' {}]
Adding resource routes to API OS-EP-FILTER: ['/projects/<string:project_id>/endpoints' {}]
Adding resource routes to API OS-EP-FILTER: ['/projects/<string:project_id>/endpoint_groups' {}]
Adding resource routes to API OS-EP-FILTER: ['/endpoint_groups/<string:endpoint_group_id>/endpoints' {}]
Adding resource routes to API OS-EP-FILTER: ['/endpoint_groups/<string:endpoint_group_id>/projects' {}]
Adding resource routes to API OS-EP-FILTER: ['/endpoint_groups/<string:endpoint_group_id>/projects/<string:project_id>' {}]
Adding resource routes to API OS-FEDERATION: ['/saml2/metadata' {}]
Adding resource routes to API OS-FEDERATION: ['/identity_providers/<string:idp_id>/protocols/<string:protocol_id>/auth' {}]
Adding resource routes to API identity_providers: ['/identity_providers' {}]
Adding resource routes to API identity_providers: ['/identity_providers/<string:idp_id>' {}]
Adding resource routes to API protocols: ['/OS-FEDERATION/identity_providers/<string:idp_id>/protocols/<string:protocol_id>' {}]
Adding resource routes to API protocols: ['/OS-FEDERATION/identity_providers/<string:idp_id>/protocols' {}]
Adding standard routes to API mappings for `type` (API Prefix: /OS-FEDERATION) [/mappings, /mappings/<string:mapping_id>]
Adding resource routes to API service_providers: ['/service_providers' {}]
Adding resource routes to API service_providers: ['/service_providers/<string:service_provider_id>' {}]
Adding resource routes to API OS-INHERIT: ['/domains/<string:domai
    n_id>/groups/<string:group_id>/roles/<string:role_id>/inherited_to_projects' {}]
Adding resource routes to API OS-INHERIT: ['/domains/<string:domain_id>/groups/<string:group_id>/roles/inherited_to_projects' {}]
Adding resource routes to API OS-INHERIT: ['/domains/<string:domain_id>/users/<string:user_id>/roles/<string:role_id>/inherited_to_projects' {}]
Adding resource routes to API OS-INHERIT: ['/domains/<string:domain_id>/users/<string:user_id>/roles/inherited_to_projects' {}]
Adding resource routes to API OS-INHERIT: ['/projects/<string:project_id>/users/<string:user_id>/roles/<string:role_id>/inherited_to_projects' {}]
Adding resource routes to API OS-INHERIT: ['/projects/<string:project_id>/groups/<string:group_id>/roles/<string:role_id>/inherited_to_projects' {}]
Adding standard routes to API OS-OAUTH1 for `type` (API Prefix: /OS-OAUTH1) [/consumers, /consumers/<string:consumer_id>]
Adding resource routes to API OS-OAUTH1: ['/request_token' {}]
Adding resource routes to API OS-OAUTH1: ['/access_token' {}]
Adding resource routes to API OS-OAUTH1: ['/authorize/<string:request_token_id>' {}]
Adding resource routes to API OS-OAUTH2: ['/token' {}]
Adding resource routes to API events: ['/events' {}]
Adding resource routes to API OS-SIMPLE-CERT: ['/OS-SIMPLE-CERT/ca' {}]
Adding resource routes to API OS-SIMPLE-CERT: ['/OS-SIMPLE-CERT/certificates' {}]
Adding standard routes to API policy for `type` (API Prefix: ) [/policies, /policies/<string:policy_id>]
Adding resource routes to API policy: ['/policies/<string:policy_id>/OS-ENDPOINT-POLICY/endpoints' {}]
Adding resource routes to API policy: ['/policies/<string:policy_id>/OS-ENDPOINT-POLICY/endpoints/<string:endpoint_id>' {}]
Adding resource routes to API policy: ['/policies/<string:policy_id>/OS-ENDPOINT-POLICY/services/<string:service_id>' {}]
Adding resource routes to API policy: ['/policies/<string:policy_id>/OS-ENDPOINT-POLICY/services/<string:service_id>/regions/<string:region_id>' {}]
Adding resource routes to API projects: ['/projects' {}]
Adding resource routes to API projects: ['/projects/<string:project_id>' {}]
Adding resource routes to API projects: ['/projects/<string:project_id>/tags' {}]
Adding resource routes to API projects: ['/projects/<string:project_id>/tags/<string:value>' {}]
Adding resource routes to API projects: ['/projects/<string:project_id>/users/<string:user_id>/roles/<string:role_id>' {}]
Adding resource routes to API projects: ['/projects/<string:project_id>/users/<string:user_id>/roles' {}]
Adding resource routes to API projects: ['/projects/<string:project_id>/groups/<string:group_id>/roles/<string:role_id>' {}]
Adding resource routes to API projects: ['/projects/<string:project_id>/groups/<string:group_id>/roles' {}]
Adding standard routes to API regions for `type` (API Prefix: ) [/regions, /regions/<string:region_id>]
Adding resource routes to API registered_limits: ['/registered_limits' {}]
Adding resource routes to API registered_limits: ['/registered_limits/<string:registered_limit_id>' {}]
Adding resource routes to API role_assignments: ['/role_assignments' {}]
Adding resource routes to API role_inferences: ['/role_inferences' {}]
Adding resource routes to API roles: ['/roles' {}]
Adding resource routes to API roles: ['/roles/<string:role_id>' {}]
Adding resource routes to API roles: ['/roles/<string:prior_role_id>/implies' {}]
Adding resource routes to API roles: ['/roles/<string:prior_role_id>/implies/<string:implied_role_id>' {}]
Adding resource routes to API s3tokens: ['/s3tokens' {}]
Adding resource routes to API services: ['/services' {}]
Adding resource routes to API services: ['/services/<string:service_id>' {}]
Adding resource routes to API system: ['/system/users/<string:user_id>/roles' {}]
Adding resource routes to API system: ['/system/users/<string:user_id>/roles/<string:role_id>' {}]
Adding resource routes to API system: ['/system/groups/<string:group_id>/roles' {}]
Adding resource routes to API system: ['/system/groups/<string:group_id>/roles/<string:role_id>' {}]
Adding resource routes to API trusts: ['/trusts' {}]
    
Adding resource routes to API trusts: ['/trusts/<string:trust_id>' {}]
Adding resource routes to API trusts: ['/trusts/<string:trust_id>/roles' {}]
Adding resource routes to API trusts: ['/trusts/<string:trust_id>/roles/<string:role_id>' {}]
Adding resource routes to API users: ['/users' {}]
Adding resource routes to API users: ['/users/<string:user_id>' {}]
Adding resource routes to API users: ['/users/<string:user_id>/password' {}]
Adding resource routes to API users: ['/users/<string:user_id>/groups' {}]
Adding resource routes to API users: ['/users/<string:user_id>/projects' {}]
Adding resource routes to API users: ['/users/<string:user_id>/credentials/OS-EC2' {}]
Adding resource routes to API users: ['/users/<string:user_id>/credentials/OS-EC2/<string:credential_id>' {}]
Adding resource routes to API users: ['/users/<string:user_id>/OS-OAUTH1/access_tokens' {}]
Adding resource routes to API users: ['/users/<string:user_id>/OS-OAUTH1/access_tokens/<string:access_token_id>' {}]
Adding resource routes to API users: ['/users/<string:user_id>/OS-OAUTH1/access_tokens/<string:access_token_id>/roles' {}]
Adding resource routes to API users: ['/users/<string:user_id>/OS-OAUTH1/access_tokens/<string:access_token_id>/roles/<string:role_id>' {}]
Adding resource routes to API users: ['/users/<string:user_id>/application_credentials' {}]
Adding resource routes to API users: ['/users/<string:user_id>/application_credentials/<string:application_credential_id>' {}]
Adding resource routes to API users: ['/users/<string:user_id>/access_rules' {}]
Adding resource routes to API users: ['/users/<string:user_id>/access_rules/<string:access_rule_id>' {}]
REQUEST_METHOD: `POST`
SCRIPT_NAME: ``
PATH_INFO: `/v3/auth/tokens`
No value present for key: 'keystone.identity.core:get_user_by_name|01a96f120f934e76972c9c5fe47750e8 1af167620d6e4180b395773d574a2f5c'
NeedRegenerationException
no value, waiting for create lock
value creation lock <dogpile.cache.region.CacheRegion._LockWrapper object at 0x112588c90> acquired
No value present for key: 'keystone.identity.core:get_user_by_name|01a96f120f934e76972c9c5fe47750e8 1af167620d6e4180b395773d574a2f5c'
Calling creation function for not-yet-present value
Cache value generated in 0.003 seconds for key(s): 'keystone.identity.core:get_user_by_name|01a96f120f934e76972c9c5fe47750e8 1af167620d6e4180b395773d574a2f5c'
Released creation lock
No value present for key: 'keystone.identity.core:get_user|ed015b0d7bec4bf8b23ceb8682c8947c'
NeedRegenerationException
no value, waiting for create lock
value creation lock <dogpile.cache.region.CacheRegion._LockWrapper object at 0x112589350> acquired
No value present for key: 'keystone.identity.core:get_user|ed015b0d7bec4bf8b23ceb8682c8947c'
Calling creation function for not-yet-present value
Cache value generated in 0.002 seconds for key(s): 'keystone.identity.core:get_user|ed015b0d7bec4bf8b23ceb8682c8947c'
Released creation lock
Truncating password to algorithm specific maximum length 72 characters.
No value present for key: "keystone.identity.core:_shadow_nonlocal_user|{'email': 'a6a67dd155a1427cb92ce1ae4f0ecfe1', 'id': 'ed015b0d7bec4bf8b23ceb8682c8947c', 'name': '01a96f120f934e76972c9c5fe47750e8', 'domain_id': '1af167620d6e4180b395773d574a2f5c', 'enabled': True, 'password_expires_at': None, 'options': {}}"
NeedRegenerationException
no value, waiting for create lock
value creation lock <dogpile.cache.region.CacheRegion._LockWrapper object at 0x11257da90> acquired
No value present for key: "keystone.identity.core:_shadow_nonlocal_user|{'email': 'a6a67dd155a1427cb92ce1ae4f0ecfe1', 'id': 'ed015b0d7bec4bf8b23ceb8682c8947c', 'name': '01a96f120f934e76972c9c5fe47750e8', 'domain_id': '1af167620d6e4180b395773d574a2f5c', 'enabled': True, 'password_expires_at': None, 'options': {}}"
Calling creation function for not-yet-present value
Cache value generated in 0.001 seconds for key(s): "keystone.identity.core:_shadow_nonlocal_user|{'email': 'a6a67dd155a1427cb92ce1ae4f0ecfe1', 'id': 'ed015b0d7bec4bf8b23ceb8682c8947c', 'name': '01a96f120f934e76972c9c5fe47750e8', 'domain_id': '1af16762
    0d6e4180b395773d574a2f5c', 'enabled': True, 'password_expires_at': None, 'options': {}}"
Released creation lock
MFA Rules not processed for user `ed015b0d7bec4bf8b23ceb8682c8947c`. Rule list: `[]` (Enabled: `True`).
Loaded 2 Fernet keys from /var/folders/42/58j27lc523g1bm85nfycfc480000gn/T/tmpakm_2deq/tmp7oedbpjm, but `[fernet_tokens] max_active_keys = 3`; perhaps there have not been enough key rotations to reach `max_active_keys` yet?
No value present for key: 'keystone.catalog.core:get_v3_catalog|ed015b0d7bec4bf8b23ceb8682c8947c None'
NeedRegenerationException
no value, waiting for create lock
value creation lock <dogpile.cache.region.CacheRegion._LockWrapper object at 0x112615dd0> acquired
No value present for key: 'keystone.catalog.core:get_v3_catalog|ed015b0d7bec4bf8b23ceb8682c8947c None'
Calling creation function for not-yet-present value
Cache value generated in 0.001 seconds for key(s): 'keystone.catalog.core:get_v3_catalog|ed015b0d7bec4bf8b23ceb8682c8947c None'
Released creation lock
No value present for key: 'keystone.federation.core:get_enabled_service_providers|'
NeedRegenerationException
no value, waiting for create lock
value creation lock <dogpile.cache.region.CacheRegion._LockWrapper object at 0x112616150> acquired
No value present for key: 'keystone.federation.core:get_enabled_service_providers|'
Calling creation function for not-yet-present value
Cache value generated in 0.000 seconds for key(s): 'keystone.federation.core:get_enabled_service_providers|'
Released creation lock
REQUEST_METHOD: `POST`
SCRIPT_NAME: ``
PATH_INFO: `/v3/auth/tokens`
Truncating password to algorithm specific maximum length 72 characters.
MFA Rules not processed for user `ed015b0d7bec4bf8b23ceb8682c8947c`. Rule list: `[]` (Enabled: `True`).
Loaded 2 Fernet keys from /var/folders/42/58j27lc523g1bm85nfycfc480000gn/T/tmpakm_2deq/tmp7oedbpjm, but `[fernet_tokens] max_active_keys = 3`; perhaps there have not been enough key rotations to reach `max_active_keys` yet?
No value present for key: 'keystone.assignment.core:get_roles_for_user_and_project|ed015b0d7bec4bf8b23ceb8682c8947c 84022e31a6934de4834a9c0531d6d939'
NeedRegenerationException
no value, waiting for create lock
value creation lock <dogpile.cache.region.CacheRegion._LockWrapper object at 0x112638f50> acquired
No value present for key: 'keystone.assignment.core:get_roles_for_user_and_project|ed015b0d7bec4bf8b23ceb8682c8947c 84022e31a6934de4834a9c0531d6d939'
Calling creation function for not-yet-present value
No value present for key: 'keystone.assignment.core:list_role_assignments|None ed015b0d7bec4bf8b23ceb8682c8947c None None None 84022e31a6934de4834a9c0531d6d939 False None True False None True'
NeedRegenerationException
no value, waiting for create lock
value creation lock <dogpile.cache.region.CacheRegion._LockWrapper object at 0x112588510> acquired
No value present for key: 'keystone.assignment.core:list_role_assignments|None ed015b0d7bec4bf8b23ceb8682c8947c None None None 84022e31a6934de4834a9c0531d6d939 False None True False None True'
Calling creation function for not-yet-present value
Cache value generated in 0.003 seconds for key(s): 'keystone.assignment.core:list_role_assignments|None ed015b0d7bec4bf8b23ceb8682c8947c None None None 84022e31a6934de4834a9c0531d6d939 False None True False None True'
Released creation lock
Cache value generated in 0.003 seconds for key(s): 'keystone.assignment.core:get_roles_for_user_and_project|ed015b0d7bec4bf8b23ceb8682c8947c 84022e31a6934de4834a9c0531d6d939'
Released creation lock
No value present for key: 'keystone.catalog.core:get_v3_catalog|ed015b0d7bec4bf8b23ceb8682c8947c 84022e31a6934de4834a9c0531d6d939'
NeedRegenerationException
no value, waiting for create lock
value creation lock <dogpile.cache.region.CacheRegion._LockWrapper object at 0x11257f610> acquired
No value present for key: 'keystone.catalog.core:get_v3_catalog|ed015b0d7bec4bf8b23ceb8682c8947c 84022e31a6934de4834a9c0531d6d939'
Calling creation function for not-yet-present value
Cache value generated in 0.001 seconds for key(s): 'keystone.catalog.core:get_v3_catalog|
    ed015b0d7bec4bf8b23ceb8682c8947c 84022e31a6934de4834a9c0531d6d939'
Released creation lock
Authenticating user token
No value present for key: "keystone.token.provider:check_revocation_v3|{'expires_at': datetime.datetime(2026, 9, 17, 13, 19, 46), 'issued_at': datetime.datetime(2026, 9, 17, 12, 19, 46), 'audit_id': 'R1wyxBHBRziA2ynb5qfytQ', 'audit_chain_id': None, 'user_id': 'ed015b0d7bec4bf8b23ceb8682c8947c', 'identity_domain_id': '1af167620d6e4180b395773d574a2f5c', 'project_id': None, 'assignment_domain_id': None, 'roles': ['df314176bd944513879bbfcd0b9b5515'], 'trust_id': None, 'trustor_id': None, 'trustee_id': None, 'consumer_id': None, 'access_token_id': None}"
NeedRegenerationException
no value, waiting for create lock
value creation lock <dogpile.cache.region.CacheRegion._LockWrapper object at 0x11263b690> acquired
No value present for key: "keystone.token.provider:check_revocation_v3|{'expires_at': datetime.datetime(2026, 9, 17, 13, 19, 46), 'issued_at': datetime.datetime(2026, 9, 17, 12, 19, 46), 'audit_id': 'R1wyxBHBRziA2ynb5qfytQ', 'audit_chain_id': None, 'user_id': 'ed015b0d7bec4bf8b23ceb8682c8947c', 'identity_domain_id': '1af167620d6e4180b395773d574a2f5c', 'project_id': None, 'assignment_domain_id': None, 'roles': ['df314176bd944513879bbfcd0b9b5515'], 'trust_id': None, 'trustor_id': None, 'trustee_id': None, 'consumer_id': None, 'access_token_id': None}"
Calling creation function for not-yet-present value
Cache value generated in 0.001 seconds for key(s): "keystone.token.provider:check_revocation_v3|{'expires_at': datetime.datetime(2026, 9, 17, 13, 19, 46), 'issued_at': datetime.datetime(2026, 9, 17, 12 ... (229 characters truncated) ... roles': ['df314176bd944513879bbfcd0b9b5515'], 'trust_id': None, 'trustor_id': None, 'trustee_id': None, 'consumer_id': None, 'access_token_id': None}"
Released creation lock
Validating token access rules against request
RBAC: auth_context: {'token': <TokenModel (audit_id=R1wyxBHBRziA2ynb5qfytQ, audit_chain_id=['R1wyxBHBRziA2ynb5qfytQ']) at 0x11255d290>, 'domain_id': None, 'trust_id': None, 'trustor_id': None, 'trustee_id': None, 'domain_name': None, 'group_ids': [], 'user_id': 'ed015b0d7bec4bf8b23ceb8682c8947c', 'user_domain_id': '1af167620d6e4180b395773d574a2f5c', 'system_scope': 'all', 'project_id': None, 'project_domain_id': None, 'roles': ['admin'], 'is_admin_project': True, 'service_user_id': None, 'service_user_domain_id': None, 'service_project_id': None, 'service_project_domain_id': None, 'service_roles': []}
REQUEST_METHOD: `POST`
SCRIPT_NAME: ``
PATH_INFO: `/v3/users`
RBAC: Authorizing `identity:create_user()`
No default policy file present, picking the configured one: None.
The policy file None could not be found.
enforce: rule="identity:create_user" creds={"domain_id": null, "is_admin_project": true, "project_domain_id": null, "project_id": null, "roles": ["admin"], "service_project_domain_id": null, "service_project_id": null, "service_roles": [], "service_user_domain_id": null, "service_user_id": null, "system": "all", "system_scope": "all", "token": {"audit_ids": ["R1wyxBHBRziA2ynb5qfytQ"], "catalog": [{"endpoints": [{"description": "660e1d65308549e49216550546e413b4", "id": "94bef7df3e2e42a08a5ba6bada167b34", "interface": "public", "name": "25df8948d3774384834f361a6a661ddd", "region": "ed4366deebd6463b9385121357de272d", "region_id": "ed4366deebd6463b9385121357de272d", "url": "https://b3a023bd374e42e2b0fdcc490c234bd2.com"}], "id": "feea136b31b84a77978ccd5d07f8ab0f", "name": "f55a8f84c13d40789d22572b384be4b1", "type": "identity"}], "expires_at": "2026-09-17T13:19:46.000000Z", "issued_at": "2026-09-17T12:19:46.000000Z", "methods": ["password"], "roles": [{"id": "df314176bd944513879bbfcd0b9b5515", "name": "admin"}], "system": {"all": true}, "user": {"domain": {"id": "1af167620d6e4180b395773d574a2f5c", "name": "b04d71c2b37b435c80152da5d391bed4"}, "id": "ed015b0d7bec4bf8b23ceb8682c8947c", "name": "01a96f120f934e76972c9c5fe47750e8", "password_expires_at": "***"}}, "user_domain_id": "1af167620d6e4180b395773d574a2f5c", "user_id": "ed015b0d7bec4bf8b23ceb8682c8947c"} target
    ={"request_body.user.domain_id": "1af167620d6e4180b395773d574a2f5c", "request_body.user.email": "46cfc6f7945f47ee8c5d3f37f46f2a86", "request_body.user.enabled": true, "request_body.user.id": "1213f5ac7a6f431cb9b1f1f0324d563b", "request_body.user.name": "ab8a75c5d02e44538f9e8dd5fcfa5243", "request_body.user.options.password_policy_exempt": "***", "request_body.user.password": "***", "target.user.domain_id": "1af167620d6e4180b395773d574a2f5c", "target.user.email": "46cfc6f7945f47ee8c5d3f37f46f2a86", "target.user.enabled": true, "target.user.id": "1213f5ac7a6f431cb9b1f1f0324d563b", "target.user.name": "ab8a75c5d02e44538f9e8dd5fcfa5243", "target.user.options.password_policy_exempt": "***", "target.user.password": "***"}
Deprecated policy rules found. Use oslopolicy-policy-generator and oslopolicy-policy-upgrade to detect and resolve deprecated policies in your configuration.
RBAC: Authorization granted
RBAC: Authorizing `identity:manage_password_policy_exemption()`
enforce: rule="identity:manage_password_policy_exemption" creds={"domain_id": null, "is_admin_project": true, "project_domain_id": null, "project_id": null, "roles": ["admin"], "service_project_domain_id": null, "service_project_id": null, "service_roles": [], "service_user_domain_id": null, "service_user_id": null, "system": "all", "system_scope": "all", "token": {"audit_ids": ["R1wyxBHBRziA2ynb5qfytQ"], "catalog": [{"endpoints": [{"description": "660e1d65308549e49216550546e413b4", "id": "94bef7df3e2e42a08a5ba6bada167b34", "interface": "public", "name": "25df8948d3774384834f361a6a661ddd", "region": "ed4366deebd6463b9385121357de272d", "region_id": "ed4366deebd6463b9385121357de272d", "url": "https://b3a023bd374e42e2b0fdcc490c234bd2.com"}], "id": "feea136b31b84a77978ccd5d07f8ab0f", "name": "f55a8f84c13d40789d22572b384be4b1", "type": "identity"}], "expires_at": "2026-09-17T13:19:46.000000Z", "issued_at": "2026-09-17T12:19:46.000000Z", "methods": ["password"], "roles": [{"id": "df314176bd944513879bbfcd0b9b5515", "name": "admin"}], "system": {"all": true}, "user": {"domain": {"id": "1af167620d6e4180b395773d574a2f5c", "name": "b04d71c2b37b435c80152da5d391bed4"}, "id": "ed015b0d7bec4bf8b23ceb8682c8947c", "name": "01a96f120f934e76972c9c5fe47750e8", "password_expires_at": "***"}}, "user_domain_id": "1af167620d6e4180b395773d574a2f5c", "user_id": "ed015b0d7bec4bf8b23ceb8682c8947c"} target={"request_body.user.domain_id": "1af167620d6e4180b395773d574a2f5c", "request_body.user.email": "46cfc6f7945f47ee8c5d3f37f46f2a86", "request_body.user.enabled": true, "request_body.user.id": "1213f5ac7a6f431cb9b1f1f0324d563b", "request_body.user.name": "ab8a75c5d02e44538f9e8dd5fcfa5243", "request_body.user.options.password_policy_exempt": "***", "request_body.user.password": "***", "target.user.domain_id": "1af167620d6e4180b395773d574a2f5c", "target.user.email": "46cfc6f7945f47ee8c5d3f37f46f2a86", "target.user.enabled": true, "target.user.id": "1213f5ac7a6f431cb9b1f1f0324d563b", "target.user.name": "ab8a75c5d02e44538f9e8dd5fcfa5243", "target.user.options.password_policy_exempt": "***", "target.user.password": "***"}
RBAC: Authorization granted
Truncating password to algorithm specific maximum length 72 characters.
User 7997c128079e40a196093f3f7d0919e2: password_policy_exempt changed from False to True; initiator ed015b0d7bec4bf8b23ceb8682c8947c
No value present for key: 'keystone.identity.core:get_user|7997c128079e40a196093f3f7d0919e2'
NeedRegenerationException
no value, waiting for create lock
value creation lock <dogpile.cache.region.CacheRegion._LockWrapper object at 0x112050910> acquired
No value present for key: 'keystone.identity.core:get_user|7997c128079e40a196093f3f7d0919e2'
Calling creation function for not-yet-present value
Cache value generated in 0.001 seconds for key(s): 'keystone.identity.core:get_user|7997c128079e40a196093f3f7d0919e2'
Released creation lock
Truncating password to algorithm specific maximum length 72 characters.
Authenticating user token
Validating token access rules against request
RBAC: auth_context: {'token': <TokenModel (audit_id=R1wyxBHBRziA2ynb5qfytQ, aud
    it_chain_id=['R1wyxBHBRziA2ynb5qfytQ']) at 0x1126629d0>, 'domain_id': None, 'trust_id': None, 'trustor_id': None, 'trustee_id': None, 'domain_name': None, 'group_ids': [], 'user_id': 'ed015b0d7bec4bf8b23ceb8682c8947c', 'user_domain_id': '1af167620d6e4180b395773d574a2f5c', 'system_scope': 'all', 'project_id': None, 'project_domain_id': None, 'roles': ['admin'], 'is_admin_project': True, 'service_user_id': None, 'service_user_domain_id': None, 'service_project_id': None, 'service_project_domain_id': None, 'service_roles': []}
REQUEST_METHOD: `PATCH`
SCRIPT_NAME: ``
PATH_INFO: `/v3/users/7997c128079e40a196093f3f7d0919e2`
RBAC: Authorizing `identity:update_user(user_id=7997c128079e40a196093f3f7d0919e2)`
enforce: rule="identity:update_user" creds={"domain_id": null, "is_admin_project": true, "project_domain_id": null, "project_id": null, "roles": ["admin"], "service_project_domain_id": null, "service_project_id": null, "service_roles": [], "service_user_domain_id": null, "service_user_id": null, "system": "all", "system_scope": "all", "token": {"audit_ids": ["R1wyxBHBRziA2ynb5qfytQ"], "catalog": [{"endpoints": [{"description": "660e1d65308549e49216550546e413b4", "id": "94bef7df3e2e42a08a5ba6bada167b34", "interface": "public", "name": "25df8948d3774384834f361a6a661ddd", "region": "ed4366deebd6463b9385121357de272d", "region_id": "ed4366deebd6463b9385121357de272d", "url": "https://b3a023bd374e42e2b0fdcc490c234bd2.com"}], "id": "feea136b31b84a77978ccd5d07f8ab0f", "name": "f55a8f84c13d40789d22572b384be4b1", "type": "identity"}], "expires_at": "2026-09-17T13:19:46.000000Z", "issued_at": "2026-09-17T12:19:46.000000Z", "methods": ["password"], "roles": [{"id": "df314176bd944513879bbfcd0b9b5515", "name": "admin"}], "system": {"all": true}, "user": {"domain": {"id": "1af167620d6e4180b395773d574a2f5c", "name": "b04d71c2b37b435c80152da5d391bed4"}, "id": "ed015b0d7bec4bf8b23ceb8682c8947c", "name": "01a96f120f934e76972c9c5fe47750e8", "password_expires_at": "***"}}, "user_domain_id": "1af167620d6e4180b395773d574a2f5c", "user_id": "ed015b0d7bec4bf8b23ceb8682c8947c"} target={"request_body.user.password": "***", "target.user.domain_id": "1af167620d6e4180b395773d574a2f5c", "target.user.email": "46cfc6f7945f47ee8c5d3f37f46f2a86", "target.user.enabled": true, "target.user.id": "7997c128079e40a196093f3f7d0919e2", "target.user.name": "ab8a75c5d02e44538f9e8dd5fcfa5243", "target.user.options.password_policy_exempt": "***", "target.user.password_expires_at": "***", "user_id": "7997c128079e40a196093f3f7d0919e2"}
RBAC: Authorization granted
Truncating password to algorithm specific maximum length 72 characters.
Truncating password to algorithm specific maximum length 72 characters.
User 7997c128079e40a196093f3f7d0919e2: password_policy_exempt changed from True to False; initiator ed015b0d7bec4bf8b23ceb8682c8947c


Captured pythonlogging:
~~~~~~~~~~~~~~~~~~~~~~~
    2026-09-17 15:19:46,894 INFO [keystone.common.fernet_utils] Created a new temporary key: /var/folders/42/58j27lc523g1bm85nfycfc480000gn/T/tmpakm_2deq/tmp7oedbpjm/0.tmp
2026-09-17 15:19:46,895 INFO [keystone.common.fernet_utils] Become a valid new key: /var/folders/42/58j27lc523g1bm85nfycfc480000gn/T/tmpakm_2deq/tmp7oedbpjm/0
2026-09-17 15:19:46,895 INFO [keystone.common.fernet_utils] Starting key rotation with 1 key files: ['/var/folders/42/58j27lc523g1bm85nfycfc480000gn/T/tmpakm_2deq/tmp7oedbpjm/0']
2026-09-17 15:19:46,895 INFO [keystone.common.fernet_utils] Created a new temporary key: /var/folders/42/58j27lc523g1bm85nfycfc480000gn/T/tmpakm_2deq/tmp7oedbpjm/0.tmp
2026-09-17 15:19:46,895 INFO [keystone.common.fernet_utils] Current primary key is: 0
2026-09-17 15:19:46,895 INFO [keystone.common.fernet_utils] Next primary key will be: 1
2026-09-17 15:19:46,895 INFO [keystone.common.fernet_utils] Promoted key 0 to be the primary: 1
2026-09-17 15:19:46,895 INFO [keystone.common.fernet_utils] Become a valid new key: /var/folders/42/58j27lc523g1bm85nfycfc480000gn/T/tmpakm_2deq/tmp7oedbpjm/0
2026-09-17 15:19:46,895 INFO [keystone.common.fernet_utils] Created a new temporary key: /var/folders/42/58j27lc523g1bm85nfycfc480000gn/T/tmpakm_2deq/tmpg2brlklb/0.tmp
2026-09-17 15:19:46,896 INFO [keystone.common.fernet_utils] Become a valid new key: /var/folders/42/58j27lc523g1bm85nfycfc480000gn/T/tmpakm_2deq/tmpg2brlklb/0
2026-09-17 15:19:46,896 INFO [keystone.common.fernet_utils] Starting key rotation with 1 key files: ['/var/folders/42/58j27lc523g1bm85nfycfc480000gn/T/tmpakm_2deq/tmpg2brlklb/0']
2026-09-17 15:19:46,896 INFO [keystone.common.fernet_utils] Created a new temporary key: /var/folders/42/58j27lc523g1bm85nfycfc480000gn/T/tmpakm_2deq/tmpg2brlklb/0.tmp
2026-09-17 15:19:46,896 INFO [keystone.common.fernet_utils] Current primary key is: 0
2026-09-17 15:19:46,896 INFO [keystone.common.fernet_utils] Next primary key will be: 1
2026-09-17 15:19:46,896 INFO [keystone.common.fernet_utils] Promoted key 0 to be the primary: 1
2026-09-17 15:19:46,896 INFO [keystone.common.fernet_utils] Become a valid new key: /var/folders/42/58j27lc523g1bm85nfycfc480000gn/T/tmpakm_2deq/tmpg2brlklb/0


keystone.tests.unit.test_password_policy_exemption.PasswordPolicyExemptionTests.test_stale_cached_true_cannot_bypass_self_change
--------------------------------------------------------------------------------------------------------------------------------

Captured traceback:
~~~~~~~~~~~~~~~~~~~
    Traceback (most recent call last):

      File "/Users/dmitry/Desktop/debug/password-policy-work/keystone/keystone/tests/unit/test_password_policy_exemption.py", line 241, in test_stale_cached_true_cannot_bypass_self_change
    self.change(user, 'ValidPass1!', 'x', status=400)

      File "/Users/dmitry/Desktop/debug/password-policy-work/keystone/keystone/tests/unit/test_password_policy_exemption.py", line 91, in change
    return self.post(
           ^^^^^^^^^^

      File "/Users/dmitry/Desktop/debug/password-policy-work/keystone/keystone/tests/unit/test_v3.py", line 498, in post
    return self.v3_request(
           ^^^^^^^^^^^^^^^^

      File "/Users/dmitry/Desktop/debug/password-policy-work/keystone/keystone/tests/unit/test_v3.py", line 470, in v3_request
    return self.v3_noauth_request(path, **kwargs)
           ^^^^^^^^^^^^^^^^^^^^^^^^^^^^^^^^^^^^^^

      File "/Users/dmitry/Desktop/debug/password-policy-work/keystone/keystone/tests/unit/test_v3.py", line 465, in v3_noauth_request
    return self.admin_request(path=path, **kwargs)
           ^^^^^^^^^^^^^^^^^^^^^^^^^^^^^^^^^^^^^^^

      File "/Users/dmitry/Desktop/debug/password-policy-work/keystone/keystone/tests/unit/rest.py", line 232, in admin_request
    return self._request(app=self.public_app, **kwargs)
           ^^^^^^^^^^^^^^^^^^^^^^^^^^^^^^^^^^^^^^^^^^^^

      File "/Users/dmitry/Desktop/debug/password-policy-work/keystone/keystone/tests/unit/rest.py", line 221, in _request
    response = self.restful_request(**kwargs)
               ^^^^^^^^^^^^^^^^^^^^^^^^^^^^^^

      File "/Users/dmitry/Desktop/debug/password-policy-work/keystone/keystone/tests/unit/rest.py", line 202, in restful_request
    response = self.request(
               ^^^^^^^^^^^^^

      File "/Users/dmitry/Desktop/debug/password-policy-work/keystone/keystone/tests/unit/rest.py", line 96, in request
    response = app.request(
               ^^^^^^^^^^^^

      File "/Users/dmitry/Desktop/debug/password-policy-work/keystone/.venv/lib/python3.11/site-packages/webtest/app.py", line 586, in request
    return self.do_request(req,
           ^^^^^^^^^^^^^^^^^^^^

      File "/Users/dmitry/Desktop/debug/password-policy-work/keystone/.venv/lib/python3.11/site-packages/webtest/app.py", line 653, in do_request
    self._check_status(status, res)

      File "/Users/dmitry/Desktop/debug/password-policy-work/keystone/.venv/lib/python3.11/site-packages/webtest/app.py", line 687, in _check_status
    raise AppError(

    webtest.app.AppError: Bad response: 204 NO CONTENT (not 400)
b''


Captured pythonlogging:
~~~~~~~~~~~~~~~~~~~~~~~
    Adding cache-proxy 'oslo_cache.testing.CacheIsolatingProxy' to backend.
Adding cache-proxy 'oslo_cache.testing.CacheIsolatingProxy' to backend.
Adding cache-proxy 'oslo_cache.testing.CacheIsolatingProxy' to backend.
No value present for key: 'keystone.resource.core:get_domain|default'
NeedRegenerationException
no value, waiting for create lock
value creation lock <dogpile.cache.region.CacheRegion._LockWrapper object at 0x111c7be50> acquired
No value present for key: 'keystone.resource.core:get_domain|default'
Calling creation function for not-yet-present value
Released creation lock
No value present for key: 'keystone.resource.core:get_domain|b960b811316b476bbe977381bf48e302'
NeedRegenerationException
no value, waiting for create lock
value creation lock <dogpile.cache.region.CacheRegion._LockWrapper object at 0x112443e50> acquired
No value present for key: 'keystone.resource.core:get_domain|b960b811316b476bbe977381bf48e302'
Calling creation function for not-yet-present value
Cache value generated in 0.001 seconds for key(s): 'keystone.resource.core:get_domain|b960b811316b476bbe977381bf48e302'
Released creation lock
Truncating password to algorithm specific maximum length 72 characters.
No value present for key: 'keystone.resource.core:get_domain|default'
NeedRegenerationException
no value, waiting for create lock
value creation lock <dogpile.cache.region.CacheRegion._LockWrapper object at 0x11252f290> acquired
No value present for key: 'keystone.resource.core:get_domain|default'
Calling creation function for not-yet-present value
Cache value generated in 0.001 seconds for key(s): 'keystone.resource.core:get_domain|default'
Released creation lock
Truncating password to algorithm specific maximum length 72 characters.
Truncating password to algorithm specific maximum length 72 characters.
No value present for key: 'keystone.catalog.core:get_region|49331cbb312e404eaf89fcb0bbd51ac6'
NeedRegenerationException
no value, waiting for create lock
value creation lock <dogpile.cache.region.CacheRegion._LockWrapper object at 0x1123c2210> acquired
No value present for key: 'keystone.catalog.core:get_region|49331cbb312e404eaf89fcb0bbd51ac6'
Calling creation function for not-yet-present value
Released creation lock
No value present for key: 'keystone.catalog.core:get_region|49331cbb312e404eaf89fcb0bbd51ac6'
NeedRegenerationException
no value, waiting for create lock
value creation lock <dogpile.cache.region.CacheRegion._LockWrapper object at 0x1123c2210> acquired
No value present for key: 'keystone.catalog.core:get_region|49331cbb312e404eaf89fcb0bbd51ac6'
Calling creation function for not-yet-present value
Cache value generated in 0.000 seconds for key(s): 'keystone.catalog.core:get_region|49331cbb312e404eaf89fcb0bbd51ac6'
Released creation lock
No value present for key: 'keystone.catalog.core:get_service|9ece47f886ce4a4486a0b8805116c4c0'
NeedRegenerationException
no value, waiting for create lock
value creation lock <dogpile.cache.region.CacheRegion._LockWrapper object at 0x11243d650> acquired
No value present for key: 'keystone.catalog.core:get_service|9ece47f886ce4a4486a0b8805116c4c0'
Calling creation function for not-yet-present value
Cache value generated in 0.000 seconds for key(s): 'keystone.catalog.core:get_service|9ece47f886ce4a4486a0b8805116c4c0'
Released creation lock
Adding resource routes to API auth: ['/auth/projects' {}]
Adding additional resource route (alternate) to API auth: ['/OS-FEDERATION/projects' {}]
Adding resource routes to API auth: ['/auth/domains' {}]
Adding additional resource route (alternate) to API auth: ['/OS-FEDERATION/domains' {}]
Adding resource routes to API auth: ['/auth/system' {}]
Adding resource routes to API auth: ['/auth/catalog' {}]
Adding resource routes to API auth: ['/auth/tokens/OS-PKI/revoked' {}]
Adding resource routes to API auth: ['/auth/tokens' {}]
Adding resource routes to API auth/OS-FEDERATION: ['/auth/OS-FEDERATION/saml2' {}]
Adding resource routes to API auth/OS-FEDERATION: ['/auth/OS-FEDERATION/saml2/ecp' {}]
Adding resource routes to API auth/OS-FEDERATION: ['/auth/OS-FEDERAT
    ION/websso/<string:protocol_id>' {}]
Adding resource routes to API auth/OS-FEDERATION: ['/auth/OS-FEDERATION/identity_providers/<string:idp_id>/protocols/<string:protocol_id>/websso' {}]
Adding resource routes to API credentials: ['/credentials' {}]
Adding resource routes to API credentials: ['/credentials/<string:credential_id>' {}]
Adding resource routes to API domains: ['/domains' {}]
Adding resource routes to API domains: ['/domains/<string:domain_id>' {}]
Adding resource routes to API domains: ['/domains/<string:domain_id>/config' {}]
Adding resource routes to API domains: ['/domains/<string:domain_id>/config/<string:group>' {}]
Adding resource routes to API domains: ['/domains/<string:domain_id>/config/<string:group>/<string:option>' {}]
Adding resource routes to API domains: ['/domains/config/default' {}]
Adding resource routes to API domains: ['/domains/config/<string:group>/default' {}]
Adding resource routes to API domains: ['/domains/config/<string:group>/<string:option>/default' {}]
Adding resource routes to API domains: ['/domains/<string:domain_id>/users/<string:user_id>/roles' {}]
Adding resource routes to API domains: ['/domains/<string:domain_id>/users/<string:user_id>/roles/<string:role_id>' {}]
Adding resource routes to API domains: ['/domains/<string:domain_id>/groups/<string:group_id>/roles' {}]
Adding resource routes to API domains: ['/domains/<string:domain_id>/groups/<string:group_id>/roles/<string:role_id>' {}]
Adding resource routes to API ec2tokens: ['/ec2tokens' {}]
Adding resource routes to API endpoints: ['/endpoints' {}]
Adding resource routes to API endpoints: ['/endpoints/<string:endpoint_id>' {}]
Adding resource routes to API endpoints: ['/endpoints/<string:endpoint_id>/OS-ENDPOINT-POLICY/policy' {}]
Adding resource routes to API groups: ['/groups' {}]
Adding resource routes to API groups: ['/groups/<string:group_id>' {}]
Adding resource routes to API groups: ['/groups/<string:group_id>/users' {}]
Adding resource routes to API groups: ['/groups/<string:group_id>/users/<string:user_id>' {}]
Adding resource routes to API limits: ['/limits' {}]
Adding resource routes to API limits: ['/limits/<string:limit_id>' {}]
Adding resource routes to API limits: ['/limits/model' {}]
Adding resource routes to API OS-EP-FILTER: ['/endpoint_groups' {}]
Adding resource routes to API OS-EP-FILTER: ['/endpoint_groups/<string:endpoint_group_id>' {}]
Adding resource routes to API OS-EP-FILTER: ['/endpoints/<string:endpoint_id>/projects' {}]
Adding resource routes to API OS-EP-FILTER: ['/projects/<string:project_id>/endpoints/<string:endpoint_id>' {}]
Adding resource routes to API OS-EP-FILTER: ['/projects/<string:project_id>/endpoints' {}]
Adding resource routes to API OS-EP-FILTER: ['/projects/<string:project_id>/endpoint_groups' {}]
Adding resource routes to API OS-EP-FILTER: ['/endpoint_groups/<string:endpoint_group_id>/endpoints' {}]
Adding resource routes to API OS-EP-FILTER: ['/endpoint_groups/<string:endpoint_group_id>/projects' {}]
Adding resource routes to API OS-EP-FILTER: ['/endpoint_groups/<string:endpoint_group_id>/projects/<string:project_id>' {}]
Adding resource routes to API OS-FEDERATION: ['/saml2/metadata' {}]
Adding resource routes to API OS-FEDERATION: ['/identity_providers/<string:idp_id>/protocols/<string:protocol_id>/auth' {}]
Adding resource routes to API identity_providers: ['/identity_providers' {}]
Adding resource routes to API identity_providers: ['/identity_providers/<string:idp_id>' {}]
Adding resource routes to API protocols: ['/OS-FEDERATION/identity_providers/<string:idp_id>/protocols/<string:protocol_id>' {}]
Adding resource routes to API protocols: ['/OS-FEDERATION/identity_providers/<string:idp_id>/protocols' {}]
Adding standard routes to API mappings for `type` (API Prefix: /OS-FEDERATION) [/mappings, /mappings/<string:mapping_id>]
Adding resource routes to API service_providers: ['/service_providers' {}]
Adding resource routes to API service_providers: ['/service_providers/<string:service_provider_id>' {}]
Adding resource routes to API OS-INHERIT: ['/domains/<string:domai
    n_id>/groups/<string:group_id>/roles/<string:role_id>/inherited_to_projects' {}]
Adding resource routes to API OS-INHERIT: ['/domains/<string:domain_id>/groups/<string:group_id>/roles/inherited_to_projects' {}]
Adding resource routes to API OS-INHERIT: ['/domains/<string:domain_id>/users/<string:user_id>/roles/<string:role_id>/inherited_to_projects' {}]
Adding resource routes to API OS-INHERIT: ['/domains/<string:domain_id>/users/<string:user_id>/roles/inherited_to_projects' {}]
Adding resource routes to API OS-INHERIT: ['/projects/<string:project_id>/users/<string:user_id>/roles/<string:role_id>/inherited_to_projects' {}]
Adding resource routes to API OS-INHERIT: ['/projects/<string:project_id>/groups/<string:group_id>/roles/<string:role_id>/inherited_to_projects' {}]
Adding standard routes to API OS-OAUTH1 for `type` (API Prefix: /OS-OAUTH1) [/consumers, /consumers/<string:consumer_id>]
Adding resource routes to API OS-OAUTH1: ['/request_token' {}]
Adding resource routes to API OS-OAUTH1: ['/access_token' {}]
Adding resource routes to API OS-OAUTH1: ['/authorize/<string:request_token_id>' {}]
Adding resource routes to API OS-OAUTH2: ['/token' {}]
Adding resource routes to API events: ['/events' {}]
Adding resource routes to API OS-SIMPLE-CERT: ['/OS-SIMPLE-CERT/ca' {}]
Adding resource routes to API OS-SIMPLE-CERT: ['/OS-SIMPLE-CERT/certificates' {}]
Adding standard routes to API policy for `type` (API Prefix: ) [/policies, /policies/<string:policy_id>]
Adding resource routes to API policy: ['/policies/<string:policy_id>/OS-ENDPOINT-POLICY/endpoints' {}]
Adding resource routes to API policy: ['/policies/<string:policy_id>/OS-ENDPOINT-POLICY/endpoints/<string:endpoint_id>' {}]
Adding resource routes to API policy: ['/policies/<string:policy_id>/OS-ENDPOINT-POLICY/services/<string:service_id>' {}]
Adding resource routes to API policy: ['/policies/<string:policy_id>/OS-ENDPOINT-POLICY/services/<string:service_id>/regions/<string:region_id>' {}]
Adding resource routes to API projects: ['/projects' {}]
Adding resource routes to API projects: ['/projects/<string:project_id>' {}]
Adding resource routes to API projects: ['/projects/<string:project_id>/tags' {}]
Adding resource routes to API projects: ['/projects/<string:project_id>/tags/<string:value>' {}]
Adding resource routes to API projects: ['/projects/<string:project_id>/users/<string:user_id>/roles/<string:role_id>' {}]
Adding resource routes to API projects: ['/projects/<string:project_id>/users/<string:user_id>/roles' {}]
Adding resource routes to API projects: ['/projects/<string:project_id>/groups/<string:group_id>/roles/<string:role_id>' {}]
Adding resource routes to API projects: ['/projects/<string:project_id>/groups/<string:group_id>/roles' {}]
Adding standard routes to API regions for `type` (API Prefix: ) [/regions, /regions/<string:region_id>]
Adding resource routes to API registered_limits: ['/registered_limits' {}]
Adding resource routes to API registered_limits: ['/registered_limits/<string:registered_limit_id>' {}]
Adding resource routes to API role_assignments: ['/role_assignments' {}]
Adding resource routes to API role_inferences: ['/role_inferences' {}]
Adding resource routes to API roles: ['/roles' {}]
Adding resource routes to API roles: ['/roles/<string:role_id>' {}]
Adding resource routes to API roles: ['/roles/<string:prior_role_id>/implies' {}]
Adding resource routes to API roles: ['/roles/<string:prior_role_id>/implies/<string:implied_role_id>' {}]
Adding resource routes to API s3tokens: ['/s3tokens' {}]
Adding resource routes to API services: ['/services' {}]
Adding resource routes to API services: ['/services/<string:service_id>' {}]
Adding resource routes to API system: ['/system/users/<string:user_id>/roles' {}]
Adding resource routes to API system: ['/system/users/<string:user_id>/roles/<string:role_id>' {}]
Adding resource routes to API system: ['/system/groups/<string:group_id>/roles' {}]
Adding resource routes to API system: ['/system/groups/<string:group_id>/roles/<string:role_id>' {}]
Adding resource routes to API trusts: ['/trusts' {}]
    
Adding resource routes to API trusts: ['/trusts/<string:trust_id>' {}]
Adding resource routes to API trusts: ['/trusts/<string:trust_id>/roles' {}]
Adding resource routes to API trusts: ['/trusts/<string:trust_id>/roles/<string:role_id>' {}]
Adding resource routes to API users: ['/users' {}]
Adding resource routes to API users: ['/users/<string:user_id>' {}]
Adding resource routes to API users: ['/users/<string:user_id>/password' {}]
Adding resource routes to API users: ['/users/<string:user_id>/groups' {}]
Adding resource routes to API users: ['/users/<string:user_id>/projects' {}]
Adding resource routes to API users: ['/users/<string:user_id>/credentials/OS-EC2' {}]
Adding resource routes to API users: ['/users/<string:user_id>/credentials/OS-EC2/<string:credential_id>' {}]
Adding resource routes to API users: ['/users/<string:user_id>/OS-OAUTH1/access_tokens' {}]
Adding resource routes to API users: ['/users/<string:user_id>/OS-OAUTH1/access_tokens/<string:access_token_id>' {}]
Adding resource routes to API users: ['/users/<string:user_id>/OS-OAUTH1/access_tokens/<string:access_token_id>/roles' {}]
Adding resource routes to API users: ['/users/<string:user_id>/OS-OAUTH1/access_tokens/<string:access_token_id>/roles/<string:role_id>' {}]
Adding resource routes to API users: ['/users/<string:user_id>/application_credentials' {}]
Adding resource routes to API users: ['/users/<string:user_id>/application_credentials/<string:application_credential_id>' {}]
Adding resource routes to API users: ['/users/<string:user_id>/access_rules' {}]
Adding resource routes to API users: ['/users/<string:user_id>/access_rules/<string:access_rule_id>' {}]
REQUEST_METHOD: `POST`
SCRIPT_NAME: ``
PATH_INFO: `/v3/auth/tokens`
No value present for key: 'keystone.identity.core:get_user_by_name|cc13aad329254fe3a744ea9a37ed4e10 b960b811316b476bbe977381bf48e302'
NeedRegenerationException
no value, waiting for create lock
value creation lock <dogpile.cache.region.CacheRegion._LockWrapper object at 0x111ff33d0> acquired
No value present for key: 'keystone.identity.core:get_user_by_name|cc13aad329254fe3a744ea9a37ed4e10 b960b811316b476bbe977381bf48e302'
Calling creation function for not-yet-present value
Cache value generated in 0.003 seconds for key(s): 'keystone.identity.core:get_user_by_name|cc13aad329254fe3a744ea9a37ed4e10 b960b811316b476bbe977381bf48e302'
Released creation lock
No value present for key: 'keystone.identity.core:get_user|428a7ed5924d428a862222bdf6e9e445'
NeedRegenerationException
no value, waiting for create lock
value creation lock <dogpile.cache.region.CacheRegion._LockWrapper object at 0x111ff1310> acquired
No value present for key: 'keystone.identity.core:get_user|428a7ed5924d428a862222bdf6e9e445'
Calling creation function for not-yet-present value
Cache value generated in 0.003 seconds for key(s): 'keystone.identity.core:get_user|428a7ed5924d428a862222bdf6e9e445'
Released creation lock
Truncating password to algorithm specific maximum length 72 characters.
No value present for key: "keystone.identity.core:_shadow_nonlocal_user|{'email': 'fb7ca7c81c6e43fc851f752c75047906', 'id': '428a7ed5924d428a862222bdf6e9e445', 'name': 'cc13aad329254fe3a744ea9a37ed4e10', 'domain_id': 'b960b811316b476bbe977381bf48e302', 'enabled': True, 'password_expires_at': None, 'options': {}}"
NeedRegenerationException
no value, waiting for create lock
value creation lock <dogpile.cache.region.CacheRegion._LockWrapper object at 0x1121e0c50> acquired
No value present for key: "keystone.identity.core:_shadow_nonlocal_user|{'email': 'fb7ca7c81c6e43fc851f752c75047906', 'id': '428a7ed5924d428a862222bdf6e9e445', 'name': 'cc13aad329254fe3a744ea9a37ed4e10', 'domain_id': 'b960b811316b476bbe977381bf48e302', 'enabled': True, 'password_expires_at': None, 'options': {}}"
Calling creation function for not-yet-present value
Cache value generated in 0.001 seconds for key(s): "keystone.identity.core:_shadow_nonlocal_user|{'email': 'fb7ca7c81c6e43fc851f752c75047906', 'id': '428a7ed5924d428a862222bdf6e9e445', 'name': 'cc13aad329254fe3a744ea9a37ed4e10', 'domain_id': 'b960b811
    316b476bbe977381bf48e302', 'enabled': True, 'password_expires_at': None, 'options': {}}"
Released creation lock
MFA Rules not processed for user `428a7ed5924d428a862222bdf6e9e445`. Rule list: `[]` (Enabled: `True`).
Loaded 2 Fernet keys from /var/folders/42/58j27lc523g1bm85nfycfc480000gn/T/tmpcyrzy7k6/tmprynrusku, but `[fernet_tokens] max_active_keys = 3`; perhaps there have not been enough key rotations to reach `max_active_keys` yet?
No value present for key: 'keystone.catalog.core:get_v3_catalog|428a7ed5924d428a862222bdf6e9e445 None'
NeedRegenerationException
no value, waiting for create lock
value creation lock <dogpile.cache.region.CacheRegion._LockWrapper object at 0x11274b7d0> acquired
No value present for key: 'keystone.catalog.core:get_v3_catalog|428a7ed5924d428a862222bdf6e9e445 None'
Calling creation function for not-yet-present value
Cache value generated in 0.001 seconds for key(s): 'keystone.catalog.core:get_v3_catalog|428a7ed5924d428a862222bdf6e9e445 None'
Released creation lock
No value present for key: 'keystone.federation.core:get_enabled_service_providers|'
NeedRegenerationException
no value, waiting for create lock
value creation lock <dogpile.cache.region.CacheRegion._LockWrapper object at 0x1121c32d0> acquired
No value present for key: 'keystone.federation.core:get_enabled_service_providers|'
Calling creation function for not-yet-present value
Cache value generated in 0.000 seconds for key(s): 'keystone.federation.core:get_enabled_service_providers|'
Released creation lock
REQUEST_METHOD: `POST`
SCRIPT_NAME: ``
PATH_INFO: `/v3/auth/tokens`
Truncating password to algorithm specific maximum length 72 characters.
MFA Rules not processed for user `428a7ed5924d428a862222bdf6e9e445`. Rule list: `[]` (Enabled: `True`).
Loaded 2 Fernet keys from /var/folders/42/58j27lc523g1bm85nfycfc480000gn/T/tmpcyrzy7k6/tmprynrusku, but `[fernet_tokens] max_active_keys = 3`; perhaps there have not been enough key rotations to reach `max_active_keys` yet?
No value present for key: 'keystone.assignment.core:get_roles_for_user_and_project|428a7ed5924d428a862222bdf6e9e445 660f7883bf5340f1a41b4b2a5e93e9a6'
NeedRegenerationException
no value, waiting for create lock
value creation lock <dogpile.cache.region.CacheRegion._LockWrapper object at 0x111ff2d50> acquired
No value present for key: 'keystone.assignment.core:get_roles_for_user_and_project|428a7ed5924d428a862222bdf6e9e445 660f7883bf5340f1a41b4b2a5e93e9a6'
Calling creation function for not-yet-present value
No value present for key: 'keystone.assignment.core:list_role_assignments|None 428a7ed5924d428a862222bdf6e9e445 None None None 660f7883bf5340f1a41b4b2a5e93e9a6 False None True False None True'
NeedRegenerationException
no value, waiting for create lock
value creation lock <dogpile.cache.region.CacheRegion._LockWrapper object at 0x111ff3650> acquired
No value present for key: 'keystone.assignment.core:list_role_assignments|None 428a7ed5924d428a862222bdf6e9e445 None None None 660f7883bf5340f1a41b4b2a5e93e9a6 False None True False None True'
Calling creation function for not-yet-present value
Cache value generated in 0.003 seconds for key(s): 'keystone.assignment.core:list_role_assignments|None 428a7ed5924d428a862222bdf6e9e445 None None None 660f7883bf5340f1a41b4b2a5e93e9a6 False None True False None True'
Released creation lock
Cache value generated in 0.003 seconds for key(s): 'keystone.assignment.core:get_roles_for_user_and_project|428a7ed5924d428a862222bdf6e9e445 660f7883bf5340f1a41b4b2a5e93e9a6'
Released creation lock
No value present for key: 'keystone.catalog.core:get_v3_catalog|428a7ed5924d428a862222bdf6e9e445 660f7883bf5340f1a41b4b2a5e93e9a6'
NeedRegenerationException
no value, waiting for create lock
value creation lock <dogpile.cache.region.CacheRegion._LockWrapper object at 0x111ff2390> acquired
No value present for key: 'keystone.catalog.core:get_v3_catalog|428a7ed5924d428a862222bdf6e9e445 660f7883bf5340f1a41b4b2a5e93e9a6'
Calling creation function for not-yet-present value
Cache value generated in 0.001 seconds for key(s): 'keystone.catalog.core:get_v3_catalog|
    428a7ed5924d428a862222bdf6e9e445 660f7883bf5340f1a41b4b2a5e93e9a6'
Released creation lock
Authenticating user token
No value present for key: "keystone.token.provider:check_revocation_v3|{'expires_at': datetime.datetime(2026, 9, 17, 13, 19, 47), 'issued_at': datetime.datetime(2026, 9, 17, 12, 19, 47), 'audit_id': 'I6KF6i0kRYGCh6OzOmiWrA', 'audit_chain_id': None, 'user_id': '428a7ed5924d428a862222bdf6e9e445', 'identity_domain_id': 'b960b811316b476bbe977381bf48e302', 'project_id': None, 'assignment_domain_id': None, 'roles': ['79df4017c06d4311babc5b3829b8e8fd'], 'trust_id': None, 'trustor_id': None, 'trustee_id': None, 'consumer_id': None, 'access_token_id': None}"
NeedRegenerationException
no value, waiting for create lock
value creation lock <dogpile.cache.region.CacheRegion._LockWrapper object at 0x1123b97d0> acquired
No value present for key: "keystone.token.provider:check_revocation_v3|{'expires_at': datetime.datetime(2026, 9, 17, 13, 19, 47), 'issued_at': datetime.datetime(2026, 9, 17, 12, 19, 47), 'audit_id': 'I6KF6i0kRYGCh6OzOmiWrA', 'audit_chain_id': None, 'user_id': '428a7ed5924d428a862222bdf6e9e445', 'identity_domain_id': 'b960b811316b476bbe977381bf48e302', 'project_id': None, 'assignment_domain_id': None, 'roles': ['79df4017c06d4311babc5b3829b8e8fd'], 'trust_id': None, 'trustor_id': None, 'trustee_id': None, 'consumer_id': None, 'access_token_id': None}"
Calling creation function for not-yet-present value
Cache value generated in 0.001 seconds for key(s): "keystone.token.provider:check_revocation_v3|{'expires_at': datetime.datetime(2026, 9, 17, 13, 19, 47), 'issued_at': datetime.datetime(2026, 9, 17, 12 ... (229 characters truncated) ... roles': ['79df4017c06d4311babc5b3829b8e8fd'], 'trust_id': None, 'trustor_id': None, 'trustee_id': None, 'consumer_id': None, 'access_token_id': None}"
Released creation lock
Validating token access rules against request
RBAC: auth_context: {'token': <TokenModel (audit_id=I6KF6i0kRYGCh6OzOmiWrA, audit_chain_id=['I6KF6i0kRYGCh6OzOmiWrA']) at 0x1123c2d50>, 'domain_id': None, 'trust_id': None, 'trustor_id': None, 'trustee_id': None, 'domain_name': None, 'group_ids': [], 'user_id': '428a7ed5924d428a862222bdf6e9e445', 'user_domain_id': 'b960b811316b476bbe977381bf48e302', 'system_scope': 'all', 'project_id': None, 'project_domain_id': None, 'roles': ['admin'], 'is_admin_project': True, 'service_user_id': None, 'service_user_domain_id': None, 'service_project_id': None, 'service_project_domain_id': None, 'service_roles': []}
REQUEST_METHOD: `POST`
SCRIPT_NAME: ``
PATH_INFO: `/v3/users`
RBAC: Authorizing `identity:create_user()`
No default policy file present, picking the configured one: None.
The policy file None could not be found.
enforce: rule="identity:create_user" creds={"domain_id": null, "is_admin_project": true, "project_domain_id": null, "project_id": null, "roles": ["admin"], "service_project_domain_id": null, "service_project_id": null, "service_roles": [], "service_user_domain_id": null, "service_user_id": null, "system": "all", "system_scope": "all", "token": {"audit_ids": ["I6KF6i0kRYGCh6OzOmiWrA"], "catalog": [{"endpoints": [{"description": "037f65f24fd34825af4f4a855a67553d", "id": "2bde9e9579ce4f87a80b1a5cc9247847", "interface": "public", "name": "d3f6d5344d4145d7933d3a405341731d", "region": "49331cbb312e404eaf89fcb0bbd51ac6", "region_id": "49331cbb312e404eaf89fcb0bbd51ac6", "url": "https://7e4b89f511a64c7db62e54816c10cc7b.com"}], "id": "9ece47f886ce4a4486a0b8805116c4c0", "name": "45dc3d8d530046a1a4e28df9e578c21d", "type": "identity"}], "expires_at": "2026-09-17T13:19:47.000000Z", "issued_at": "2026-09-17T12:19:47.000000Z", "methods": ["password"], "roles": [{"id": "79df4017c06d4311babc5b3829b8e8fd", "name": "admin"}], "system": {"all": true}, "user": {"domain": {"id": "b960b811316b476bbe977381bf48e302", "name": "86a2cbd07d5445c3a5eb661aa6c086eb"}, "id": "428a7ed5924d428a862222bdf6e9e445", "name": "cc13aad329254fe3a744ea9a37ed4e10", "password_expires_at": "***"}}, "user_domain_id": "b960b811316b476bbe977381bf48e302", "user_id": "428a7ed5924d428a862222bdf6e9e445"} target
    ={"request_body.user.domain_id": "b960b811316b476bbe977381bf48e302", "request_body.user.email": "a6bacaa9df084e49a6e451aff8f63c67", "request_body.user.enabled": true, "request_body.user.id": "d699d5e7459e4f62a9e9c3cfdca04601", "request_body.user.name": "67f53d55aa7a4525915354e33d73371e", "request_body.user.options.password_policy_exempt": "***", "request_body.user.password": "***", "target.user.domain_id": "b960b811316b476bbe977381bf48e302", "target.user.email": "a6bacaa9df084e49a6e451aff8f63c67", "target.user.enabled": true, "target.user.id": "d699d5e7459e4f62a9e9c3cfdca04601", "target.user.name": "67f53d55aa7a4525915354e33d73371e", "target.user.options.password_policy_exempt": "***", "target.user.password": "***"}
Deprecated policy rules found. Use oslopolicy-policy-generator and oslopolicy-policy-upgrade to detect and resolve deprecated policies in your configuration.
RBAC: Authorization granted
RBAC: Authorizing `identity:manage_password_policy_exemption()`
enforce: rule="identity:manage_password_policy_exemption" creds={"domain_id": null, "is_admin_project": true, "project_domain_id": null, "project_id": null, "roles": ["admin"], "service_project_domain_id": null, "service_project_id": null, "service_roles": [], "service_user_domain_id": null, "service_user_id": null, "system": "all", "system_scope": "all", "token": {"audit_ids": ["I6KF6i0kRYGCh6OzOmiWrA"], "catalog": [{"endpoints": [{"description": "037f65f24fd34825af4f4a855a67553d", "id": "2bde9e9579ce4f87a80b1a5cc9247847", "interface": "public", "name": "d3f6d5344d4145d7933d3a405341731d", "region": "49331cbb312e404eaf89fcb0bbd51ac6", "region_id": "49331cbb312e404eaf89fcb0bbd51ac6", "url": "https://7e4b89f511a64c7db62e54816c10cc7b.com"}], "id": "9ece47f886ce4a4486a0b8805116c4c0", "name": "45dc3d8d530046a1a4e28df9e578c21d", "type": "identity"}], "expires_at": "2026-09-17T13:19:47.000000Z", "issued_at": "2026-09-17T12:19:47.000000Z", "methods": ["password"], "roles": [{"id": "79df4017c06d4311babc5b3829b8e8fd", "name": "admin"}], "system": {"all": true}, "user": {"domain": {"id": "b960b811316b476bbe977381bf48e302", "name": "86a2cbd07d5445c3a5eb661aa6c086eb"}, "id": "428a7ed5924d428a862222bdf6e9e445", "name": "cc13aad329254fe3a744ea9a37ed4e10", "password_expires_at": "***"}}, "user_domain_id": "b960b811316b476bbe977381bf48e302", "user_id": "428a7ed5924d428a862222bdf6e9e445"} target={"request_body.user.domain_id": "b960b811316b476bbe977381bf48e302", "request_body.user.email": "a6bacaa9df084e49a6e451aff8f63c67", "request_body.user.enabled": true, "request_body.user.id": "d699d5e7459e4f62a9e9c3cfdca04601", "request_body.user.name": "67f53d55aa7a4525915354e33d73371e", "request_body.user.options.password_policy_exempt": "***", "request_body.user.password": "***", "target.user.domain_id": "b960b811316b476bbe977381bf48e302", "target.user.email": "a6bacaa9df084e49a6e451aff8f63c67", "target.user.enabled": true, "target.user.id": "d699d5e7459e4f62a9e9c3cfdca04601", "target.user.name": "67f53d55aa7a4525915354e33d73371e", "target.user.options.password_policy_exempt": "***", "target.user.password": "***"}
RBAC: Authorization granted
Truncating password to algorithm specific maximum length 72 characters.
User 8d1f4b3100454bdd8f1149c84008f7e4: password_policy_exempt changed from False to True; initiator 428a7ed5924d428a862222bdf6e9e445
No value present for key: 'keystone.identity.core:get_user|8d1f4b3100454bdd8f1149c84008f7e4'
NeedRegenerationException
no value, waiting for create lock
value creation lock <dogpile.cache.region.CacheRegion._LockWrapper object at 0x11252e850> acquired
No value present for key: 'keystone.identity.core:get_user|8d1f4b3100454bdd8f1149c84008f7e4'
Calling creation function for not-yet-present value
Cache value generated in 0.001 seconds for key(s): 'keystone.identity.core:get_user|8d1f4b3100454bdd8f1149c84008f7e4'
Released creation lock
Truncating password to algorithm specific maximum length 72 characters.
REQUEST_METHOD: `POST`
SCRIPT_NAME: ``
PATH_INFO: `/v3/users/8d1f4b3100454bdd8f1149c84008f7e4/password`
Truncating password to algorithm specific maxim

No tests were successful during the run
    um length 72 characters.
No value present for key: "keystone.identity.core:_shadow_nonlocal_user|{'email': 'a6bacaa9df084e49a6e451aff8f63c67', 'id': '8d1f4b3100454bdd8f1149c84008f7e4', 'name': '67f53d55aa7a4525915354e33d73371e', 'domain_id': 'b960b811316b476bbe977381bf48e302', 'enabled': True, 'password_expires_at': None, 'options': {'password_policy_exempt': False}}"
NeedRegenerationException
no value, waiting for create lock
value creation lock <dogpile.cache.region.CacheRegion._LockWrapper object at 0x1123b97d0> acquired
No value present for key: "keystone.identity.core:_shadow_nonlocal_user|{'email': 'a6bacaa9df084e49a6e451aff8f63c67', 'id': '8d1f4b3100454bdd8f1149c84008f7e4', 'name': '67f53d55aa7a4525915354e33d73371e', 'domain_id': 'b960b811316b476bbe977381bf48e302', 'enabled': True, 'password_expires_at': None, 'options': {'password_policy_exempt': False}}"
Calling creation function for not-yet-present value
Cache value generated in 0.000 seconds for key(s): "keystone.identity.core:_shadow_nonlocal_user|{'email': 'a6bacaa9df084e49a6e451aff8f63c67', 'id': '8d1f4b3100454bdd8f1149c84008f7e4', 'name': '67f53d5 ... (19 characters truncated) ... 73371e', 'domain_id': 'b960b811316b476bbe977381bf48e302', 'enabled': True, 'password_expires_at': None, 'options': {'password_policy_exempt': False}}"
Released creation lock
Truncating password to algorithm specific maximum length 72 characters.


Captured pythonlogging:
~~~~~~~~~~~~~~~~~~~~~~~
    2026-09-17 15:19:46,994 INFO [keystone.common.fernet_utils] Created a new temporary key: /var/folders/42/58j27lc523g1bm85nfycfc480000gn/T/tmpcyrzy7k6/tmprynrusku/0.tmp
2026-09-17 15:19:46,994 INFO [keystone.common.fernet_utils] Become a valid new key: /var/folders/42/58j27lc523g1bm85nfycfc480000gn/T/tmpcyrzy7k6/tmprynrusku/0
2026-09-17 15:19:46,994 INFO [keystone.common.fernet_utils] Starting key rotation with 1 key files: ['/var/folders/42/58j27lc523g1bm85nfycfc480000gn/T/tmpcyrzy7k6/tmprynrusku/0']
2026-09-17 15:19:46,994 INFO [keystone.common.fernet_utils] Created a new temporary key: /var/folders/42/58j27lc523g1bm85nfycfc480000gn/T/tmpcyrzy7k6/tmprynrusku/0.tmp
2026-09-17 15:19:46,994 INFO [keystone.common.fernet_utils] Current primary key is: 0
2026-09-17 15:19:46,994 INFO [keystone.common.fernet_utils] Next primary key will be: 1
2026-09-17 15:19:46,994 INFO [keystone.common.fernet_utils] Promoted key 0 to be the primary: 1
2026-09-17 15:19:46,995 INFO [keystone.common.fernet_utils] Become a valid new key: /var/folders/42/58j27lc523g1bm85nfycfc480000gn/T/tmpcyrzy7k6/tmprynrusku/0
2026-09-17 15:19:46,995 INFO [keystone.common.fernet_utils] Created a new temporary key: /var/folders/42/58j27lc523g1bm85nfycfc480000gn/T/tmpcyrzy7k6/tmpszpi3065/0.tmp
2026-09-17 15:19:46,995 INFO [keystone.common.fernet_utils] Become a valid new key: /var/folders/42/58j27lc523g1bm85nfycfc480000gn/T/tmpcyrzy7k6/tmpszpi3065/0
2026-09-17 15:19:46,995 INFO [keystone.common.fernet_utils] Starting key rotation with 1 key files: ['/var/folders/42/58j27lc523g1bm85nfycfc480000gn/T/tmpcyrzy7k6/tmpszpi3065/0']
2026-09-17 15:19:46,995 INFO [keystone.common.fernet_utils] Created a new temporary key: /var/folders/42/58j27lc523g1bm85nfycfc480000gn/T/tmpcyrzy7k6/tmpszpi3065/0.tmp
2026-09-17 15:19:46,995 INFO [keystone.common.fernet_utils] Current primary key is: 0
2026-09-17 15:19:46,995 INFO [keystone.common.fernet_utils] Next primary key will be: 1
2026-09-17 15:19:46,995 INFO [keystone.common.fernet_utils] Promoted key 0 to be the primary: 1
2026-09-17 15:19:46,996 INFO [keystone.common.fernet_utils] Become a valid new key: /var/folders/42/58j27lc523g1bm85nfycfc480000gn/T/tmpcyrzy7k6/tmpszpi3065/0



======
Totals
======
Ran: 4 tests in 0.5188 sec.
 - Passed: 0
 - Skipped: 0
 - Expected Fail: 0
 - Unexpected Success: 0
 - Failed: 4
Sum of execute time for each test: 0.5162 sec.

==============
Worker Balance
==============
 - Worker 0 (4 tests) => 0:00:00.518758
