/Users/dmitry/Desktop/debug/password-policy-work/keystone/.venv/lib/python3.11/site-packages/setuptools/dist.py:765: SetuptoolsDeprecationWarning: License classifiers are deprecated.
!!

        ********************************************************************************
        Please consider removing the following classifiers in favor of a SPDX license expression:

        License :: OSI Approved :: Apache Software License

        See https://packaging.python.org/en/latest/guides/writing-pyproject-toml/#license for details.
        ********************************************************************************

!!
  self._finalize_license_expression()
/Users/dmitry/Desktop/debug/password-policy-work/keystone/.venv/lib/python3.11/site-packages/setuptools/__init__.py:92: _DeprecatedInstaller: setuptools.installer and fetch_build_eggs are deprecated.
!!

        ********************************************************************************
        Requirements should be satisfied by a PEP 517 installer.
        If you are using pip, you can try `pip install --use-pep517`.

        This deprecation is overdue, please update your project and remove deprecated
        calls to avoid build errors in the future.
        ********************************************************************************

!!
  dist.fetch_build_eggs(dist.setup_requires)
/Users/dmitry/Desktop/debug/password-policy-work/keystone/.venv/lib/python3.11/site-packages/setuptools/_distutils/cmd.py:90: DevelopDeprecationWarning: develop command is deprecated.
!!

        ********************************************************************************
        Please avoid running ``setup.py`` and ``develop``.
        Instead, use standards-based tools like pip or uv.

        This deprecation is overdue, please update your project and remove deprecated
        calls to avoid build errors in the future.

        See https://github.com/pypa/setuptools/issues/917 for details.
        ********************************************************************************

!!
  self.initialize_options()
/Users/dmitry/Desktop/debug/password-policy-work/keystone/.venv/lib/python3.11/site-packages/setuptools/_distutils/cmd.py:90: SetuptoolsDeprecationWarning: setup.py install is deprecated.
!!

        ********************************************************************************
        Please avoid running ``setup.py`` directly.
        Instead, use pypa/build, pypa/installer or other
        standards-based tools.

        This deprecation is overdue, please update your project and remove deprecated
        calls to avoid build errors in the future.

        See https://blog.ganssle.io/articles/2021/10/setup-py-deprecated.html for details.
        ********************************************************************************

!!
  self.initialize_options()
/Users/dmitry/Desktop/debug/password-policy-work/keystone/.venv/lib/python3.11/site-packages/pbr/core.py:141: UserWarning: Unknown distribution option: 'tests_require'
  warnings.warn(msg)
running sdist
[pbr] Writing ChangeLog
[pbr] Generating ChangeLog
[pbr] ChangeLog complete (0.0s)
[pbr] Generating AUTHORS
[pbr] AUTHORS complete (0.0s)
running egg_info
writing keystone.egg-info/PKG-INFO
writing dependency_links to keystone.egg-info/dependency_links.txt
writing entry points to keystone.egg-info/entry_points.txt
writing requirements to keystone.egg-info/requires.txt
writing top-level names to keystone.egg-info/top_level.txt
writing pbr to keystone.egg-info/pbr.json
[pbr] Processing SOURCES.txt
[pbr] In git context, generating filelist from git
warning: no previously-included files matching '*.pyc' found anywhere in distribution
adding license file 'LICENSE'
adding license file 'AUTHORS'
writing manifest file 'keystone.egg-info/SOURCES.txt'
[pbr] reno was not found or is too old. Skipping release notes
running check
creating keystone-27.1.1.dev1+passwordpolicy.1
creating keystone-27.1.1.dev1+passwordpolicy.1/api-ref/source
creating keystone-27.1.1.dev1+passwordpolicy.1/api-ref/source/v2-ext
creating keystone-27.1.1.dev1+passwordpolicy.1/api-ref/source/v2-ext/samples/OS-KSEC2
creating keystone-27.1.1.dev1+passwordpolicy.1/api-ref/source/v3
creating keystone-27.1.1.dev1+passwordpolicy.1/api-ref/source/v3-ext
creating keystone-27.1.1.dev1+passwordpolicy.1/api-ref/source/v3-ext/federation/assertion
creating keystone-27.1.1.dev1+passwordpolicy.1/api-ref/source/v3-ext/federation/assertion/samples
creating keystone-27.1.1.dev1+passwordpolicy.1/api-ref/source/v3-ext/federation/auth
creating keystone-27.1.1.dev1+passwordpolicy.1/api-ref/source/v3-ext/federation/auth/samples
creating keystone-27.1.1.dev1+passwordpolicy.1/api-ref/source/v3-ext/federation/identity-provider
creating keystone-27.1.1.dev1+passwordpolicy.1/api-ref/source/v3-ext/federation/identity-provider/samples
creating keystone-27.1.1.dev1+passwordpolicy.1/api-ref/source/v3-ext/federation/mapping
creating keystone-27.1.1.dev1+passwordpolicy.1/api-ref/source/v3-ext/federation/mapping/samples
creating keystone-27.1.1.dev1+passwordpolicy.1/api-ref/source/v3-ext/federation/projects-domains
creating keystone-27.1.1.dev1+passwordpolicy.1/api-ref/source/v3-ext/federation/projects-domains/samples
creating keystone-27.1.1.dev1+passwordpolicy.1/api-ref/source/v3-ext/federation/service-provider
creating keystone-27.1.1.dev1+passwordpolicy.1/api-ref/source/v3-ext/federation/service-provider/samples
creating keystone-27.1.1.dev1+passwordpolicy.1/api-ref/source/v3-ext/samples/OS-ENDPOINT-POLICY
creating keystone-27.1.1.dev1+passwordpolicy.1/api-ref/source/v3-ext/samples/OS-EP-FILTER
creating keystone-27.1.1.dev1+passwordpolicy.1/api-ref/source/v3-ext/samples/OS-OAUTH1
creating keystone-27.1.1.dev1+passwordpolicy.1/api-ref/source/v3-ext/samples/OS-OAUTH2
creating keystone-27.1.1.dev1+passwordpolicy.1/api-ref/source/v3-ext/samples/OS-REVOKE
creating keystone-27.1.1.dev1+passwordpolicy.1/api-ref/source/v3-ext/samples/OS-SIMPLE-CERT
creating keystone-27.1.1.dev1+passwordpolicy.1/api-ref/source/v3-ext/samples/OS-TRUST
creating keystone-27.1.1.dev1+passwordpolicy.1/api-ref/source/v3/samples/admin
creating keystone-27.1.1.dev1+passwordpolicy.1/api-ref/source/v3/samples/auth/requests
creating keystone-27.1.1.dev1+passwordpolicy.1/api-ref/source/v3/samples/auth/responses
creating keystone-27.1.1.dev1+passwordpolicy.1/config-generator
creating keystone-27.1.1.dev1+passwordpolicy.1/devstack
creating keystone-27.1.1.dev1+passwordpolicy.1/devstack/files/federation
creating keystone-27.1.1.dev1+passwordpolicy.1/devstack/files/oidc
creating keystone-27.1.1.dev1+passwordpolicy.1/devstack/lib
creating keystone-27.1.1.dev1+passwordpolicy.1/devstack/tools/oidc
creating keystone-27.1.1.dev1+passwordpolicy.1/doc
creating keystone-27.1.1.dev1+passwordpolicy.1/doc/ext
creating keystone-27.1.1.dev1+passwordpolicy.1/doc/source
creating keystone-27.1.1.dev1+passwordpolicy.1/doc/source/_static
creating keystone-27.1.1.dev1+passwordpolicy.1/doc/source/admin
creating keystone-27.1.1.dev1+passwordpolicy.1/doc/source/admin/federation
creating keystone-27.1.1.dev1+passwordpolicy.1/doc/source/admin/figures
creating keystone-27.1.1.dev1+passwordpolicy.1/doc/source/cli
creating keystone-27.1.1.dev1+passwordpolicy.1/doc/source/configuration
creating keystone-27.1.1.dev1+passwordpolicy.1/doc/source/configuration/samples
creating keystone-27.1.1.dev1+passwordpolicy.1/doc/source/contributor
creating keystone-27.1.1.dev1+passwordpolicy.1/doc/source/getting-started
creating keystone-27.1.1.dev1+passwordpolicy.1/doc/source/install
creating keystone-27.1.1.dev1+passwordpolicy.1/doc/source/install/common
creating keystone-27.1.1.dev1+passwordpolicy.1/doc/source/install/shared
creating keystone-27.1.1.dev1+passwordpolicy.1/doc/source/user
creating keystone-27.1.1.dev1+passwordpolicy.1/etc
creating keystone-27.1.1.dev1+passwordpolicy.1/examples/pki/certs
creating keystone-27.1.1.dev1+passwordpolicy.1/examples/pki/private
creating keystone-27.1.1.dev1+passwordpolicy.1/httpd
creating keystone-27.1.1.dev1+passwordpolicy.1/keystone
creating keystone-27.1.1.dev1+passwordpolicy.1/keystone.egg-info
creating keystone-27.1.1.dev1+passwordpolicy.1/keystone/api
creating keystone-27.1.1.dev1+passwordpolicy.1/keystone/api/_shared
creating keystone-27.1.1.dev1+passwordpolicy.1/keystone/api/validation
creating keystone-27.1.1.dev1+passwordpolicy.1/keystone/application_credential
creating keystone-27.1.1.dev1+passwordpolicy.1/keystone/application_credential/backends
creating keystone-27.1.1.dev1+passwordpolicy.1/keystone/assignment
creating keystone-27.1.1.dev1+passwordpolicy.1/keystone/assignment/backends
creating keystone-27.1.1.dev1+passwordpolicy.1/keystone/assignment/role_backends
creating keystone-27.1.1.dev1+passwordpolicy.1/keystone/auth
creating keystone-27.1.1.dev1+passwordpolicy.1/keystone/auth/plugins
creating keystone-27.1.1.dev1+passwordpolicy.1/keystone/catalog
creating keystone-27.1.1.dev1+passwordpolicy.1/keystone/catalog/backends
creating keystone-27.1.1.dev1+passwordpolicy.1/keystone/cmd
creating keystone-27.1.1.dev1+passwordpolicy.1/keystone/cmd/doctor
creating keystone-27.1.1.dev1+passwordpolicy.1/keystone/common
creating keystone-27.1.1.dev1+passwordpolicy.1/keystone/common/cache
creating keystone-27.1.1.dev1+passwordpolicy.1/keystone/common/password_hashers
creating keystone-27.1.1.dev1+passwordpolicy.1/keystone/common/policies
creating keystone-27.1.1.dev1+passwordpolicy.1/keystone/common/rbac_enforcer
creating keystone-27.1.1.dev1+passwordpolicy.1/keystone/common/resource_options
creating keystone-27.1.1.dev1+passwordpolicy.1/keystone/common/resource_options/options
creating keystone-27.1.1.dev1+passwordpolicy.1/keystone/common/sql
creating keystone-27.1.1.dev1+passwordpolicy.1/keystone/common/sql/migrations
creating keystone-27.1.1.dev1+passwordpolicy.1/keystone/common/sql/migrations/versions
creating keystone-27.1.1.dev1+passwordpolicy.1/keystone/common/sql/migrations/versions/2024.01/expand
creating keystone-27.1.1.dev1+passwordpolicy.1/keystone/common/sql/migrations/versions/bobcat/contract
creating keystone-27.1.1.dev1+passwordpolicy.1/keystone/common/sql/migrations/versions/bobcat/expand
creating keystone-27.1.1.dev1+passwordpolicy.1/keystone/common/sql/migrations/versions/yoga/contract
creating keystone-27.1.1.dev1+passwordpolicy.1/keystone/common/sql/migrations/versions/yoga/expand
creating keystone-27.1.1.dev1+passwordpolicy.1/keystone/common/validation
creating keystone-27.1.1.dev1+passwordpolicy.1/keystone/conf
creating keystone-27.1.1.dev1+passwordpolicy.1/keystone/credential
creating keystone-27.1.1.dev1+passwordpolicy.1/keystone/credential/backends
creating keystone-27.1.1.dev1+passwordpolicy.1/keystone/credential/providers
creating keystone-27.1.1.dev1+passwordpolicy.1/keystone/credential/providers/fernet
creating keystone-27.1.1.dev1+passwordpolicy.1/keystone/endpoint_policy
creating keystone-27.1.1.dev1+passwordpolicy.1/keystone/endpoint_policy/backends
creating keystone-27.1.1.dev1+passwordpolicy.1/keystone/federation
creating keystone-27.1.1.dev1+passwordpolicy.1/keystone/federation/backends
creating keystone-27.1.1.dev1+passwordpolicy.1/keystone/identity
creating keystone-27.1.1.dev1+passwordpolicy.1/keystone/identity/backends
creating keystone-27.1.1.dev1+passwordpolicy.1/keystone/identity/backends/ldap
creating keystone-27.1.1.dev1+passwordpolicy.1/keystone/identity/id_generators
creating keystone-27.1.1.dev1+passwordpolicy.1/keystone/identity/mapping_backends
creating keystone-27.1.1.dev1+passwordpolicy.1/keystone/identity/shadow_backends
creating keystone-27.1.1.dev1+passwordpolicy.1/keystone/limit
creating keystone-27.1.1.dev1+passwordpolicy.1/keystone/limit/backends
creating keystone-27.1.1.dev1+passwordpolicy.1/keystone/limit/models
creating keystone-27.1.1.dev1+passwordpolicy.1/keystone/locale/de/LC_MESSAGES
creating keystone-27.1.1.dev1+passwordpolicy.1/keystone/locale/en_GB/LC_MESSAGES
creating keystone-27.1.1.dev1+passwordpolicy.1/keystone/locale/es/LC_MESSAGES
creating keystone-27.1.1.dev1+passwordpolicy.1/keystone/locale/fr/LC_MESSAGES
creating keystone-27.1.1.dev1+passwordpolicy.1/keystone/locale/it/LC_MESSAGES
creating keystone-27.1.1.dev1+passwordpolicy.1/keystone/locale/ja/LC_MESSAGES
creating keystone-27.1.1.dev1+passwordpolicy.1/keystone/locale/ko_KR/LC_MESSAGES
creating keystone-27.1.1.dev1+passwordpolicy.1/keystone/locale/pt_BR/LC_MESSAGES
creating keystone-27.1.1.dev1+passwordpolicy.1/keystone/locale/ru/LC_MESSAGES
creating keystone-27.1.1.dev1+passwordpolicy.1/keystone/locale/zh_CN/LC_MESSAGES
creating keystone-27.1.1.dev1+passwordpolicy.1/keystone/locale/zh_TW/LC_MESSAGES
creating keystone-27.1.1.dev1+passwordpolicy.1/keystone/models
creating keystone-27.1.1.dev1+passwordpolicy.1/keystone/oauth1
creating keystone-27.1.1.dev1+passwordpolicy.1/keystone/oauth1/backends
creating keystone-27.1.1.dev1+passwordpolicy.1/keystone/oauth2
creating keystone-27.1.1.dev1+passwordpolicy.1/keystone/policy
creating keystone-27.1.1.dev1+passwordpolicy.1/keystone/policy/backends
creating keystone-27.1.1.dev1+passwordpolicy.1/keystone/receipt
creating keystone-27.1.1.dev1+passwordpolicy.1/keystone/receipt/providers
creating keystone-27.1.1.dev1+passwordpolicy.1/keystone/receipt/providers/fernet
creating keystone-27.1.1.dev1+passwordpolicy.1/keystone/resource
creating keystone-27.1.1.dev1+passwordpolicy.1/keystone/resource/backends
creating keystone-27.1.1.dev1+passwordpolicy.1/keystone/resource/config_backends
creating keystone-27.1.1.dev1+passwordpolicy.1/keystone/revoke
creating keystone-27.1.1.dev1+passwordpolicy.1/keystone/revoke/backends
creating keystone-27.1.1.dev1+passwordpolicy.1/keystone/server
creating keystone-27.1.1.dev1+passwordpolicy.1/keystone/server/flask
creating keystone-27.1.1.dev1+passwordpolicy.1/keystone/server/flask/request_processing
creating keystone-27.1.1.dev1+passwordpolicy.1/keystone/server/flask/request_processing/middleware
creating keystone-27.1.1.dev1+passwordpolicy.1/keystone/tests
creating keystone-27.1.1.dev1+passwordpolicy.1/keystone/tests/common
creating keystone-27.1.1.dev1+passwordpolicy.1/keystone/tests/functional
creating keystone-27.1.1.dev1+passwordpolicy.1/keystone/tests/functional/shared
creating keystone-27.1.1.dev1+passwordpolicy.1/keystone/tests/hacking
creating keystone-27.1.1.dev1+passwordpolicy.1/keystone/tests/protection
creating keystone-27.1.1.dev1+passwordpolicy.1/keystone/tests/protection/v3
creating keystone-27.1.1.dev1+passwordpolicy.1/keystone/tests/unit
creating keystone-27.1.1.dev1+passwordpolicy.1/keystone/tests/unit/application_credential
creating keystone-27.1.1.dev1+passwordpolicy.1/keystone/tests/unit/application_credential/backends
creating keystone-27.1.1.dev1+passwordpolicy.1/keystone/tests/unit/assignment
creating keystone-27.1.1.dev1+passwordpolicy.1/keystone/tests/unit/assignment/role_backends
creating keystone-27.1.1.dev1+passwordpolicy.1/keystone/tests/unit/auth
creating keystone-27.1.1.dev1+passwordpolicy.1/keystone/tests/unit/auth/plugins
creating keystone-27.1.1.dev1+passwordpolicy.1/keystone/tests/unit/backend
creating keystone-27.1.1.dev1+passwordpolicy.1/keystone/tests/unit/catalog
creating keystone-27.1.1.dev1+passwordpolicy.1/keystone/tests/unit/common
creating keystone-27.1.1.dev1+passwordpolicy.1/keystone/tests/unit/common/sql
creating keystone-27.1.1.dev1+passwordpolicy.1/keystone/tests/unit/config_files
creating keystone-27.1.1.dev1+passwordpolicy.1/keystone/tests/unit/config_files/domain_configs_default_ldap_one_sql
creating keystone-27.1.1.dev1+passwordpolicy.1/keystone/tests/unit/config_files/domain_configs_multi_ldap
creating keystone-27.1.1.dev1+passwordpolicy.1/keystone/tests/unit/config_files/domain_configs_one_extra_sql
creating keystone-27.1.1.dev1+passwordpolicy.1/keystone/tests/unit/config_files/domain_configs_one_sql_one_ldap
creating keystone-27.1.1.dev1+passwordpolicy.1/keystone/tests/unit/contrib
creating keystone-27.1.1.dev1+passwordpolicy.1/keystone/tests/unit/contrib/federation
creating keystone-27.1.1.dev1+passwordpolicy.1/keystone/tests/unit/credential
creating keystone-27.1.1.dev1+passwordpolicy.1/keystone/tests/unit/endpoint_policy
creating keystone-27.1.1.dev1+passwordpolicy.1/keystone/tests/unit/endpoint_policy/backends
creating keystone-27.1.1.dev1+passwordpolicy.1/keystone/tests/unit/external
creating keystone-27.1.1.dev1+passwordpolicy.1/keystone/tests/unit/federation
creating keystone-27.1.1.dev1+passwordpolicy.1/keystone/tests/unit/identity
creating keystone-27.1.1.dev1+passwordpolicy.1/keystone/tests/unit/identity/backends
creating keystone-27.1.1.dev1+passwordpolicy.1/keystone/tests/unit/identity/shadow_users
creating keystone-27.1.1.dev1+passwordpolicy.1/keystone/tests/unit/ksfixtures
creating keystone-27.1.1.dev1+passwordpolicy.1/keystone/tests/unit/limit
creating keystone-27.1.1.dev1+passwordpolicy.1/keystone/tests/unit/policy
creating keystone-27.1.1.dev1+passwordpolicy.1/keystone/tests/unit/policy/backends
creating keystone-27.1.1.dev1+passwordpolicy.1/keystone/tests/unit/receipt
creating keystone-27.1.1.dev1+passwordpolicy.1/keystone/tests/unit/resource
creating keystone-27.1.1.dev1+passwordpolicy.1/keystone/tests/unit/resource/backends
creating keystone-27.1.1.dev1+passwordpolicy.1/keystone/tests/unit/resource/config_backends
creating keystone-27.1.1.dev1+passwordpolicy.1/keystone/tests/unit/saml2
creating keystone-27.1.1.dev1+passwordpolicy.1/keystone/tests/unit/server
creating keystone-27.1.1.dev1+passwordpolicy.1/keystone/tests/unit/tests
creating keystone-27.1.1.dev1+passwordpolicy.1/keystone/tests/unit/token
creating keystone-27.1.1.dev1+passwordpolicy.1/keystone/tests/unit/trust
creating keystone-27.1.1.dev1+passwordpolicy.1/keystone/token
creating keystone-27.1.1.dev1+passwordpolicy.1/keystone/token/providers
creating keystone-27.1.1.dev1+passwordpolicy.1/keystone/token/providers/fernet
creating keystone-27.1.1.dev1+passwordpolicy.1/keystone/token/providers/jws
creating keystone-27.1.1.dev1+passwordpolicy.1/keystone/trust
creating keystone-27.1.1.dev1+passwordpolicy.1/keystone/trust/backends
creating keystone-27.1.1.dev1+passwordpolicy.1/keystone/wsgi
creating keystone-27.1.1.dev1+passwordpolicy.1/keystone_tempest_plugin
creating keystone-27.1.1.dev1+passwordpolicy.1/playbooks
creating keystone-27.1.1.dev1+passwordpolicy.1/rally-jobs
creating keystone-27.1.1.dev1+passwordpolicy.1/releasenotes/notes
creating keystone-27.1.1.dev1+passwordpolicy.1/releasenotes/source
creating keystone-27.1.1.dev1+passwordpolicy.1/releasenotes/source/_static
creating keystone-27.1.1.dev1+passwordpolicy.1/releasenotes/source/_templates
creating keystone-27.1.1.dev1+passwordpolicy.1/releasenotes/source/locale/en_GB/LC_MESSAGES
creating keystone-27.1.1.dev1+passwordpolicy.1/releasenotes/source/locale/ja/LC_MESSAGES
creating keystone-27.1.1.dev1+passwordpolicy.1/tools
copying files to keystone-27.1.1.dev1+passwordpolicy.1...
copying .coveragerc -> keystone-27.1.1.dev1+passwordpolicy.1
copying .git-blame-ignore-revs -> keystone-27.1.1.dev1+passwordpolicy.1
copying .mailmap -> keystone-27.1.1.dev1+passwordpolicy.1
copying .pre-commit-config.yaml -> keystone-27.1.1.dev1+passwordpolicy.1
copying .stestr.conf -> keystone-27.1.1.dev1+passwordpolicy.1
copying .zuul.yaml -> keystone-27.1.1.dev1+passwordpolicy.1
copying AUTHORS -> keystone-27.1.1.dev1+passwordpolicy.1
copying CONTRIBUTING.rst -> keystone-27.1.1.dev1+passwordpolicy.1
copying ChangeLog -> keystone-27.1.1.dev1+passwordpolicy.1
copying HACKING.rst -> keystone-27.1.1.dev1+passwordpolicy.1
copying LICENSE -> keystone-27.1.1.dev1+passwordpolicy.1
copying README.rst -> keystone-27.1.1.dev1+passwordpolicy.1
copying bindep.txt -> keystone-27.1.1.dev1+passwordpolicy.1
copying reno.yaml -> keystone-27.1.1.dev1+passwordpolicy.1
copying requirements.txt -> keystone-27.1.1.dev1+passwordpolicy.1
copying ruff.toml -> keystone-27.1.1.dev1+passwordpolicy.1
copying setup.cfg -> keystone-27.1.1.dev1+passwordpolicy.1
copying setup.py -> keystone-27.1.1.dev1+passwordpolicy.1
copying test-requirements.txt -> keystone-27.1.1.dev1+passwordpolicy.1
copying tox.ini -> keystone-27.1.1.dev1+passwordpolicy.1
copying api-ref/source/conf.py -> keystone-27.1.1.dev1+passwordpolicy.1/api-ref/source
copying api-ref/source/index.rst -> keystone-27.1.1.dev1+passwordpolicy.1/api-ref/source
copying api-ref/source/v2-ext/index.rst -> keystone-27.1.1.dev1+passwordpolicy.1/api-ref/source/v2-ext
copying api-ref/source/v2-ext/ksec2-admin.inc -> keystone-27.1.1.dev1+passwordpolicy.1/api-ref/source/v2-ext
copying api-ref/source/v2-ext/parameters.yaml -> keystone-27.1.1.dev1+passwordpolicy.1/api-ref/source/v2-ext
copying api-ref/source/v2-ext/samples/OS-KSEC2/authenticate-request.json -> keystone-27.1.1.dev1+passwordpolicy.1/api-ref/source/v2-ext/samples/OS-KSEC2
copying api-ref/source/v2-ext/samples/OS-KSEC2/authenticate-response.json -> keystone-27.1.1.dev1+passwordpolicy.1/api-ref/source/v2-ext/samples/OS-KSEC2
copying api-ref/source/v2-ext/samples/OS-KSEC2/credentials-show-response.json -> keystone-27.1.1.dev1+passwordpolicy.1/api-ref/source/v2-ext/samples/OS-KSEC2
copying api-ref/source/v2-ext/samples/OS-KSEC2/credentialswithec2-list-response.json -> keystone-27.1.1.dev1+passwordpolicy.1/api-ref/source/v2-ext/samples/OS-KSEC2
copying api-ref/source/v2-ext/samples/OS-KSEC2/ec2Credentials-create-request.json -> keystone-27.1.1.dev1+passwordpolicy.1/api-ref/source/v2-ext/samples/OS-KSEC2
copying api-ref/source/v2-ext/samples/OS-KSEC2/ec2Credentials-show-response.json -> keystone-27.1.1.dev1+passwordpolicy.1/api-ref/source/v2-ext/samples/OS-KSEC2
copying api-ref/source/v3/application-credentials.inc -> keystone-27.1.1.dev1+passwordpolicy.1/api-ref/source/v3
copying api-ref/source/v3/authenticate-v3.inc -> keystone-27.1.1.dev1+passwordpolicy.1/api-ref/source/v3
copying api-ref/source/v3/credentials.inc -> keystone-27.1.1.dev1+passwordpolicy.1/api-ref/source/v3
copying api-ref/source/v3/domains-config-v3.inc -> keystone-27.1.1.dev1+passwordpolicy.1/api-ref/source/v3
copying api-ref/source/v3/domains.inc -> keystone-27.1.1.dev1+passwordpolicy.1/api-ref/source/v3
copying api-ref/source/v3/groups.inc -> keystone-27.1.1.dev1+passwordpolicy.1/api-ref/source/v3
copying api-ref/source/v3/index.rst -> keystone-27.1.1.dev1+passwordpolicy.1/api-ref/source/v3
copying api-ref/source/v3/inherit.inc -> keystone-27.1.1.dev1+passwordpolicy.1/api-ref/source/v3
copying api-ref/source/v3/os-pki.inc -> keystone-27.1.1.dev1+passwordpolicy.1/api-ref/source/v3
copying api-ref/source/v3/parameters.yaml -> keystone-27.1.1.dev1+passwordpolicy.1/api-ref/source/v3
copying api-ref/source/v3/policies.inc -> keystone-27.1.1.dev1+passwordpolicy.1/api-ref/source/v3
copying api-ref/source/v3/project-tags.inc -> keystone-27.1.1.dev1+passwordpolicy.1/api-ref/source/v3
copying api-ref/source/v3/projects.inc -> keystone-27.1.1.dev1+passwordpolicy.1/api-ref/source/v3
copying api-ref/source/v3/regions-v3.inc -> keystone-27.1.1.dev1+passwordpolicy.1/api-ref/source/v3
copying api-ref/source/v3/roles.inc -> keystone-27.1.1.dev1+passwordpolicy.1/api-ref/source/v3
copying api-ref/source/v3/service-catalog.inc -> keystone-27.1.1.dev1+passwordpolicy.1/api-ref/source/v3
copying api-ref/source/v3/status.yaml -> keystone-27.1.1.dev1+passwordpolicy.1/api-ref/source/v3
copying api-ref/source/v3/system-roles.inc -> keystone-27.1.1.dev1+passwordpolicy.1/api-ref/source/v3
copying api-ref/source/v3/unified_limits.inc -> keystone-27.1.1.dev1+passwordpolicy.1/api-ref/source/v3
copying api-ref/source/v3/users.inc -> keystone-27.1.1.dev1+passwordpolicy.1/api-ref/source/v3
copying api-ref/source/v3-ext/endpoint-policy.inc -> keystone-27.1.1.dev1+passwordpolicy.1/api-ref/source/v3-ext
copying api-ref/source/v3-ext/ep-filter.inc -> keystone-27.1.1.dev1+passwordpolicy.1/api-ref/source/v3-ext
copying api-ref/source/v3-ext/federation.inc -> keystone-27.1.1.dev1+passwordpolicy.1/api-ref/source/v3-ext
copying api-ref/source/v3-ext/index.rst -> keystone-27.1.1.dev1+passwordpolicy.1/api-ref/source/v3-ext
copying api-ref/source/v3-ext/oauth.inc -> keystone-27.1.1.dev1+passwordpolicy.1/api-ref/source/v3-ext
copying api-ref/source/v3-ext/oauth2.inc -> keystone-27.1.1.dev1+passwordpolicy.1/api-ref/source/v3-ext
copying api-ref/source/v3-ext/parameters.yaml -> keystone-27.1.1.dev1+passwordpolicy.1/api-ref/source/v3-ext
copying api-ref/source/v3-ext/revoke.inc -> keystone-27.1.1.dev1+passwordpolicy.1/api-ref/source/v3-ext
copying api-ref/source/v3-ext/simple-cert.inc -> keystone-27.1.1.dev1+passwordpolicy.1/api-ref/source/v3-ext
copying api-ref/source/v3-ext/trust.inc -> keystone-27.1.1.dev1+passwordpolicy.1/api-ref/source/v3-ext
copying api-ref/source/v3-ext/federation/assertion/assertion.inc -> keystone-27.1.1.dev1+passwordpolicy.1/api-ref/source/v3-ext/federation/assertion
copying api-ref/source/v3-ext/federation/assertion/parameters.yaml -> keystone-27.1.1.dev1+passwordpolicy.1/api-ref/source/v3-ext/federation/assertion
copying api-ref/source/v3-ext/federation/assertion/samples/ecp-saml-assertion-request.json -> keystone-27.1.1.dev1+passwordpolicy.1/api-ref/source/v3-ext/federation/assertion/samples
copying api-ref/source/v3-ext/federation/assertion/samples/ecp-saml-assertion-response.xml -> keystone-27.1.1.dev1+passwordpolicy.1/api-ref/source/v3-ext/federation/assertion/samples
copying api-ref/source/v3-ext/federation/assertion/samples/metadata-response.xml -> keystone-27.1.1.dev1+passwordpolicy.1/api-ref/source/v3-ext/federation/assertion/samples
copying api-ref/source/v3-ext/federation/assertion/samples/saml-assertion-request.json -> keystone-27.1.1.dev1+passwordpolicy.1/api-ref/source/v3-ext/federation/assertion/samples
copying api-ref/source/v3-ext/federation/assertion/samples/saml-assertion-response.xml -> keystone-27.1.1.dev1+passwordpolicy.1/api-ref/source/v3-ext/federation/assertion/samples
copying api-ref/source/v3-ext/federation/auth/auth.inc -> keystone-27.1.1.dev1+passwordpolicy.1/api-ref/source/v3-ext/federation/auth
copying api-ref/source/v3-ext/federation/auth/parameters.yaml -> keystone-27.1.1.dev1+passwordpolicy.1/api-ref/source/v3-ext/federation/auth
copying api-ref/source/v3-ext/federation/auth/samples/scoped-token-request.json -> keystone-27.1.1.dev1+passwordpolicy.1/api-ref/source/v3-ext/federation/auth/samples
copying api-ref/source/v3-ext/federation/auth/samples/scoped-token-response.json -> keystone-27.1.1.dev1+passwordpolicy.1/api-ref/source/v3-ext/federation/auth/samples
copying api-ref/source/v3-ext/federation/auth/samples/unscoped-token-response.json -> keystone-27.1.1.dev1+passwordpolicy.1/api-ref/source/v3-ext/federation/auth/samples
copying api-ref/source/v3-ext/federation/identity-provider/idp.inc -> keystone-27.1.1.dev1+passwordpolicy.1/api-ref/source/v3-ext/federation/identity-provider
copying api-ref/source/v3-ext/federation/identity-provider/parameters.yaml -> keystone-27.1.1.dev1+passwordpolicy.1/api-ref/source/v3-ext/federation/identity-provider
copying api-ref/source/v3-ext/federation/identity-provider/samples/add-protocol-request.json -> keystone-27.1.1.dev1+passwordpolicy.1/api-ref/source/v3-ext/federation/identity-provider/samples
copying api-ref/source/v3-ext/federation/identity-provider/samples/add-protocol-response.json -> keystone-27.1.1.dev1+passwordpolicy.1/api-ref/source/v3-ext/federation/identity-provider/samples
copying api-ref/source/v3-ext/federation/identity-provider/samples/get-protocol-response.json -> keystone-27.1.1.dev1+passwordpolicy.1/api-ref/source/v3-ext/federation/identity-provider/samples
copying api-ref/source/v3-ext/federation/identity-provider/samples/get-response.json -> keystone-27.1.1.dev1+passwordpolicy.1/api-ref/source/v3-ext/federation/identity-provider/samples
copying api-ref/source/v3-ext/federation/identity-provider/samples/list-protocol-response.json -> keystone-27.1.1.dev1+passwordpolicy.1/api-ref/source/v3-ext/federation/identity-provider/samples
copying api-ref/source/v3-ext/federation/identity-provider/samples/list-response.json -> keystone-27.1.1.dev1+passwordpolicy.1/api-ref/source/v3-ext/federation/identity-provider/samples
copying api-ref/source/v3-ext/federation/identity-provider/samples/register-request.json -> keystone-27.1.1.dev1+passwordpolicy.1/api-ref/source/v3-ext/federation/identity-provider/samples
copying api-ref/source/v3-ext/federation/identity-provider/samples/register-response.json -> keystone-27.1.1.dev1+passwordpolicy.1/api-ref/source/v3-ext/federation/identity-provider/samples
copying api-ref/source/v3-ext/federation/identity-provider/samples/update-protocol-request.json -> keystone-27.1.1.dev1+passwordpolicy.1/api-ref/source/v3-ext/federation/identity-provider/samples
copying api-ref/source/v3-ext/federation/identity-provider/samples/update-protocol-response.json -> keystone-27.1.1.dev1+passwordpolicy.1/api-ref/source/v3-ext/federation/identity-provider/samples
copying api-ref/source/v3-ext/federation/identity-provider/samples/update-request.json -> keystone-27.1.1.dev1+passwordpolicy.1/api-ref/source/v3-ext/federation/identity-provider/samples
copying api-ref/source/v3-ext/federation/identity-provider/samples/update-response.json -> keystone-27.1.1.dev1+passwordpolicy.1/api-ref/source/v3-ext/federation/identity-provider/samples
copying api-ref/source/v3-ext/federation/mapping/mapping.inc -> keystone-27.1.1.dev1+passwordpolicy.1/api-ref/source/v3-ext/federation/mapping
copying api-ref/source/v3-ext/federation/mapping/parameters.yaml -> keystone-27.1.1.dev1+passwordpolicy.1/api-ref/source/v3-ext/federation/mapping
copying api-ref/source/v3-ext/federation/mapping/samples/create-request.json -> keystone-27.1.1.dev1+passwordpolicy.1/api-ref/source/v3-ext/federation/mapping/samples
copying api-ref/source/v3-ext/federation/mapping/samples/create-response.json -> keystone-27.1.1.dev1+passwordpolicy.1/api-ref/source/v3-ext/federation/mapping/samples
copying api-ref/source/v3-ext/federation/mapping/samples/get-response.json -> keystone-27.1.1.dev1+passwordpolicy.1/api-ref/source/v3-ext/federation/mapping/samples
copying api-ref/source/v3-ext/federation/mapping/samples/list-response.json -> keystone-27.1.1.dev1+passwordpolicy.1/api-ref/source/v3-ext/federation/mapping/samples
copying api-ref/source/v3-ext/federation/mapping/samples/update-request.json -> keystone-27.1.1.dev1+passwordpolicy.1/api-ref/source/v3-ext/federation/mapping/samples
copying api-ref/source/v3-ext/federation/mapping/samples/update-response.json -> keystone-27.1.1.dev1+passwordpolicy.1/api-ref/source/v3-ext/federation/mapping/samples
copying api-ref/source/v3-ext/federation/projects-domains/parameters.yaml -> keystone-27.1.1.dev1+passwordpolicy.1/api-ref/source/v3-ext/federation/projects-domains
copying api-ref/source/v3-ext/federation/projects-domains/projects-domains.inc -> keystone-27.1.1.dev1+passwordpolicy.1/api-ref/source/v3-ext/federation/projects-domains
copying api-ref/source/v3-ext/federation/projects-domains/samples/domain-list-response.json -> keystone-27.1.1.dev1+passwordpolicy.1/api-ref/source/v3-ext/federation/projects-domains/samples
copying api-ref/source/v3-ext/federation/projects-domains/samples/project-list-response.json -> keystone-27.1.1.dev1+passwordpolicy.1/api-ref/source/v3-ext/federation/projects-domains/samples
copying api-ref/source/v3-ext/federation/service-provider/parameters.yaml -> keystone-27.1.1.dev1+passwordpolicy.1/api-ref/source/v3-ext/federation/service-provider
copying api-ref/source/v3-ext/federation/service-provider/sp.inc -> keystone-27.1.1.dev1+passwordpolicy.1/api-ref/source/v3-ext/federation/service-provider
copying api-ref/source/v3-ext/federation/service-provider/samples/get-response.json -> keystone-27.1.1.dev1+passwordpolicy.1/api-ref/source/v3-ext/federation/service-provider/samples
copying api-ref/source/v3-ext/federation/service-provider/samples/list-response.json -> keystone-27.1.1.dev1+passwordpolicy.1/api-ref/source/v3-ext/federation/service-provider/samples
copying api-ref/source/v3-ext/federation/service-provider/samples/register-request.json -> keystone-27.1.1.dev1+passwordpolicy.1/api-ref/source/v3-ext/federation/service-provider/samples
copying api-ref/source/v3-ext/federation/service-provider/samples/register-response.json -> keystone-27.1.1.dev1+passwordpolicy.1/api-ref/source/v3-ext/federation/service-provider/samples
copying api-ref/source/v3-ext/federation/service-provider/samples/update-request.json -> keystone-27.1.1.dev1+passwordpolicy.1/api-ref/source/v3-ext/federation/service-provider/samples
copying api-ref/source/v3-ext/federation/service-provider/samples/update-response.json -> keystone-27.1.1.dev1+passwordpolicy.1/api-ref/source/v3-ext/federation/service-provider/samples
copying api-ref/source/v3-ext/samples/OS-ENDPOINT-POLICY/policy-endpoint-associations-list-response.json -> keystone-27.1.1.dev1+passwordpolicy.1/api-ref/source/v3-ext/samples/OS-ENDPOINT-POLICY
copying api-ref/source/v3-ext/samples/OS-ENDPOINT-POLICY/policy-show-response.json -> keystone-27.1.1.dev1+passwordpolicy.1/api-ref/source/v3-ext/samples/OS-ENDPOINT-POLICY
copying api-ref/source/v3-ext/samples/OS-EP-FILTER/create-endpoint-group-request.json -> keystone-27.1.1.dev1+passwordpolicy.1/api-ref/source/v3-ext/samples/OS-EP-FILTER
copying api-ref/source/v3-ext/samples/OS-EP-FILTER/endpoint-group-response.json -> keystone-27.1.1.dev1+passwordpolicy.1/api-ref/source/v3-ext/samples/OS-EP-FILTER
copying api-ref/source/v3-ext/samples/OS-EP-FILTER/endpoint-groups-response.json -> keystone-27.1.1.dev1+passwordpolicy.1/api-ref/source/v3-ext/samples/OS-EP-FILTER
copying api-ref/source/v3-ext/samples/OS-EP-FILTER/endpoint-project-response.json -> keystone-27.1.1.dev1+passwordpolicy.1/api-ref/source/v3-ext/samples/OS-EP-FILTER
copying api-ref/source/v3-ext/samples/OS-EP-FILTER/list-associations-by-endpoint-response.json -> keystone-27.1.1.dev1+passwordpolicy.1/api-ref/source/v3-ext/samples/OS-EP-FILTER
copying api-ref/source/v3-ext/samples/OS-EP-FILTER/list-associations-by-project-response.json -> keystone-27.1.1.dev1+passwordpolicy.1/api-ref/source/v3-ext/samples/OS-EP-FILTER
copying api-ref/source/v3-ext/samples/OS-EP-FILTER/list-service-endpoints.json -> keystone-27.1.1.dev1+passwordpolicy.1/api-ref/source/v3-ext/samples/OS-EP-FILTER
copying api-ref/source/v3-ext/samples/OS-EP-FILTER/update-endpoint-group-request.json -> keystone-27.1.1.dev1+passwordpolicy.1/api-ref/source/v3-ext/samples/OS-EP-FILTER
copying api-ref/source/v3-ext/samples/OS-EP-FILTER/update-endpoint-group-response.json -> keystone-27.1.1.dev1+passwordpolicy.1/api-ref/source/v3-ext/samples/OS-EP-FILTER
copying api-ref/source/v3-ext/samples/OS-OAUTH1/access-token-create-response.txt -> keystone-27.1.1.dev1+passwordpolicy.1/api-ref/source/v3-ext/samples/OS-OAUTH1
copying api-ref/source/v3-ext/samples/OS-OAUTH1/access-token-role-show-response.json -> keystone-27.1.1.dev1+passwordpolicy.1/api-ref/source/v3-ext/samples/OS-OAUTH1
copying api-ref/source/v3-ext/samples/OS-OAUTH1/access-token-roles-list-response.json -> keystone-27.1.1.dev1+passwordpolicy.1/api-ref/source/v3-ext/samples/OS-OAUTH1
copying api-ref/source/v3-ext/samples/OS-OAUTH1/access-token-show-response.json -> keystone-27.1.1.dev1+passwordpolicy.1/api-ref/source/v3-ext/samples/OS-OAUTH1
copying api-ref/source/v3-ext/samples/OS-OAUTH1/access-tokens-list-response.json -> keystone-27.1.1.dev1+passwordpolicy.1/api-ref/source/v3-ext/samples/OS-OAUTH1
copying api-ref/source/v3-ext/samples/OS-OAUTH1/authorize-request-token-request.json -> keystone-27.1.1.dev1+passwordpolicy.1/api-ref/source/v3-ext/samples/OS-OAUTH1
copying api-ref/source/v3-ext/samples/OS-OAUTH1/authorize-request-token-response.json -> keystone-27.1.1.dev1+passwordpolicy.1/api-ref/source/v3-ext/samples/OS-OAUTH1
copying api-ref/source/v3-ext/samples/OS-OAUTH1/consumer-create-request.json -> keystone-27.1.1.dev1+passwordpolicy.1/api-ref/source/v3-ext/samples/OS-OAUTH1
copying api-ref/source/v3-ext/samples/OS-OAUTH1/consumer-create-response.json -> keystone-27.1.1.dev1+passwordpolicy.1/api-ref/source/v3-ext/samples/OS-OAUTH1
copying api-ref/source/v3-ext/samples/OS-OAUTH1/consumer-show-response.json -> keystone-27.1.1.dev1+passwordpolicy.1/api-ref/source/v3-ext/samples/OS-OAUTH1
copying api-ref/source/v3-ext/samples/OS-OAUTH1/consumer-update-request.json -> keystone-27.1.1.dev1+passwordpolicy.1/api-ref/source/v3-ext/samples/OS-OAUTH1
copying api-ref/source/v3-ext/samples/OS-OAUTH1/consumer-update-response.json -> keystone-27.1.1.dev1+passwordpolicy.1/api-ref/source/v3-ext/samples/OS-OAUTH1
copying api-ref/source/v3-ext/samples/OS-OAUTH1/consumers-list-response.json -> keystone-27.1.1.dev1+passwordpolicy.1/api-ref/source/v3-ext/samples/OS-OAUTH1
copying api-ref/source/v3-ext/samples/OS-OAUTH1/request-token-create-response.txt -> keystone-27.1.1.dev1+passwordpolicy.1/api-ref/source/v3-ext/samples/OS-OAUTH1
copying api-ref/source/v3-ext/samples/OS-OAUTH2/token-create-request.txt -> keystone-27.1.1.dev1+passwordpolicy.1/api-ref/source/v3-ext/samples/OS-OAUTH2
copying api-ref/source/v3-ext/samples/OS-OAUTH2/token-create-response.json -> keystone-27.1.1.dev1+passwordpolicy.1/api-ref/source/v3-ext/samples/OS-OAUTH2
copying api-ref/source/v3-ext/samples/OS-REVOKE/list-revoke-response.json -> keystone-27.1.1.dev1+passwordpolicy.1/api-ref/source/v3-ext/samples/OS-REVOKE
copying api-ref/source/v3-ext/samples/OS-SIMPLE-CERT/show-ca-certificate-response.txt -> keystone-27.1.1.dev1+passwordpolicy.1/api-ref/source/v3-ext/samples/OS-SIMPLE-CERT
copying api-ref/source/v3-ext/samples/OS-SIMPLE-CERT/show-signing-certificate-response.txt -> keystone-27.1.1.dev1+passwordpolicy.1/api-ref/source/v3-ext/samples/OS-SIMPLE-CERT
copying api-ref/source/v3-ext/samples/OS-TRUST/trust-auth-redelegated-response.json -> keystone-27.1.1.dev1+passwordpolicy.1/api-ref/source/v3-ext/samples/OS-TRUST
copying api-ref/source/v3-ext/samples/OS-TRUST/trust-auth-request.json -> keystone-27.1.1.dev1+passwordpolicy.1/api-ref/source/v3-ext/samples/OS-TRUST
copying api-ref/source/v3-ext/samples/OS-TRUST/trust-auth-trust-response.json -> keystone-27.1.1.dev1+passwordpolicy.1/api-ref/source/v3-ext/samples/OS-TRUST
copying api-ref/source/v3-ext/samples/OS-TRUST/trust-create-request.json -> keystone-27.1.1.dev1+passwordpolicy.1/api-ref/source/v3-ext/samples/OS-TRUST
copying api-ref/source/v3-ext/samples/OS-TRUST/trust-create-response.json -> keystone-27.1.1.dev1+passwordpolicy.1/api-ref/source/v3-ext/samples/OS-TRUST
copying api-ref/source/v3-ext/samples/OS-TRUST/trust-get-response.json -> keystone-27.1.1.dev1+passwordpolicy.1/api-ref/source/v3-ext/samples/OS-TRUST
copying api-ref/source/v3-ext/samples/OS-TRUST/trust-get-role-delegated-response.json -> keystone-27.1.1.dev1+passwordpolicy.1/api-ref/source/v3-ext/samples/OS-TRUST
copying api-ref/source/v3-ext/samples/OS-TRUST/trust-list-response.json -> keystone-27.1.1.dev1+passwordpolicy.1/api-ref/source/v3-ext/samples/OS-TRUST
copying api-ref/source/v3-ext/samples/OS-TRUST/trust-list-roles-delegated-response.json -> keystone-27.1.1.dev1+passwordpolicy.1/api-ref/source/v3-ext/samples/OS-TRUST
copying api-ref/source/v3/samples/admin/access-rule-get-response.json -> keystone-27.1.1.dev1+passwordpolicy.1/api-ref/source/v3/samples/admin
copying api-ref/source/v3/samples/admin/access-rules-list-response.json -> keystone-27.1.1.dev1+passwordpolicy.1/api-ref/source/v3/samples/admin
copying api-ref/source/v3/samples/admin/application-credential-create-request.json -> keystone-27.1.1.dev1+passwordpolicy.1/api-ref/source/v3/samples/admin
copying api-ref/source/v3/samples/admin/application-credential-create-response.json -> keystone-27.1.1.dev1+passwordpolicy.1/api-ref/source/v3/samples/admin
copying api-ref/source/v3/samples/admin/application-credential-get-response.json -> keystone-27.1.1.dev1+passwordpolicy.1/api-ref/source/v3/samples/admin
copying api-ref/source/v3/samples/admin/application-credential-list-response.json -> keystone-27.1.1.dev1+passwordpolicy.1/api-ref/source/v3/samples/admin
copying api-ref/source/v3/samples/admin/auth-application-credential-id-request.json -> keystone-27.1.1.dev1+passwordpolicy.1/api-ref/source/v3/samples/admin
copying api-ref/source/v3/samples/admin/auth-application-credential-name-request.json -> keystone-27.1.1.dev1+passwordpolicy.1/api-ref/source/v3/samples/admin
copying api-ref/source/v3/samples/admin/auth-application-credential-response.json -> keystone-27.1.1.dev1+passwordpolicy.1/api-ref/source/v3/samples/admin
copying api-ref/source/v3/samples/admin/auth-password-explicit-unscoped-request.json -> keystone-27.1.1.dev1+passwordpolicy.1/api-ref/source/v3/samples/admin
copying api-ref/source/v3/samples/admin/auth-password-explicit-unscoped-response.json -> keystone-27.1.1.dev1+passwordpolicy.1/api-ref/source/v3/samples/admin
copying api-ref/source/v3/samples/admin/auth-password-project-scoped-response.json -> keystone-27.1.1.dev1+passwordpolicy.1/api-ref/source/v3/samples/admin
copying api-ref/source/v3/samples/admin/auth-password-system-scoped-request-with-domain.json -> keystone-27.1.1.dev1+passwordpolicy.1/api-ref/source/v3/samples/admin
copying api-ref/source/v3/samples/admin/auth-password-unscoped-request-with-domain.json -> keystone-27.1.1.dev1+passwordpolicy.1/api-ref/source/v3/samples/admin
copying api-ref/source/v3/samples/admin/auth-password-unscoped-request.json -> keystone-27.1.1.dev1+passwordpolicy.1/api-ref/source/v3/samples/admin
copying api-ref/source/v3/samples/admin/auth-password-unscoped-response.json -> keystone-27.1.1.dev1+passwordpolicy.1/api-ref/source/v3/samples/admin
copying api-ref/source/v3/samples/admin/auth-password-user-name-unscoped-response-HTTP.txt -> keystone-27.1.1.dev1+passwordpolicy.1/api-ref/source/v3/samples/admin
copying api-ref/source/v3/samples/admin/auth-token-explicit-unscoped-request.json -> keystone-27.1.1.dev1+passwordpolicy.1/api-ref/source/v3/samples/admin
copying api-ref/source/v3/samples/admin/auth-token-scoped-request.json -> keystone-27.1.1.dev1+passwordpolicy.1/api-ref/source/v3/samples/admin
copying api-ref/source/v3/samples/admin/auth-token-scoped-response.json -> keystone-27.1.1.dev1+passwordpolicy.1/api-ref/source/v3/samples/admin
copying api-ref/source/v3/samples/admin/auth-token-unscoped-request.json -> keystone-27.1.1.dev1+passwordpolicy.1/api-ref/source/v3/samples/admin
copying api-ref/source/v3/samples/admin/auth-token-unscoped-response.json -> keystone-27.1.1.dev1+passwordpolicy.1/api-ref/source/v3/samples/admin
copying api-ref/source/v3/samples/admin/create-role-inferences-response.json -> keystone-27.1.1.dev1+passwordpolicy.1/api-ref/source/v3/samples/admin
copying api-ref/source/v3/samples/admin/credential-create-request.json -> keystone-27.1.1.dev1+passwordpolicy.1/api-ref/source/v3/samples/admin
copying api-ref/source/v3/samples/admin/credential-create-response.json -> keystone-27.1.1.dev1+passwordpolicy.1/api-ref/source/v3/samples/admin
copying api-ref/source/v3/samples/admin/credential-show-response.json -> keystone-27.1.1.dev1+passwordpolicy.1/api-ref/source/v3/samples/admin
copying api-ref/source/v3/samples/admin/credential-update-request.json -> keystone-27.1.1.dev1+passwordpolicy.1/api-ref/source/v3/samples/admin
copying api-ref/source/v3/samples/admin/credential-update-response.json -> keystone-27.1.1.dev1+passwordpolicy.1/api-ref/source/v3/samples/admin
copying api-ref/source/v3/samples/admin/credentials-list-response.json -> keystone-27.1.1.dev1+passwordpolicy.1/api-ref/source/v3/samples/admin
copying api-ref/source/v3/samples/admin/domain-config-create-request.json -> keystone-27.1.1.dev1+passwordpolicy.1/api-ref/source/v3/samples/admin
copying api-ref/source/v3/samples/admin/domain-config-create-response.json -> keystone-27.1.1.dev1+passwordpolicy.1/api-ref/source/v3/samples/admin
copying api-ref/source/v3/samples/admin/domain-config-default-response.json -> keystone-27.1.1.dev1+passwordpolicy.1/api-ref/source/v3/samples/admin
copying api-ref/source/v3/samples/admin/domain-config-group-default-response.json -> keystone-27.1.1.dev1+passwordpolicy.1/api-ref/source/v3/samples/admin
copying api-ref/source/v3/samples/admin/domain-config-group-option-default-response.json -> keystone-27.1.1.dev1+passwordpolicy.1/api-ref/source/v3/samples/admin
copying api-ref/source/v3/samples/admin/domain-config-group-option-show-response.json -> keystone-27.1.1.dev1+passwordpolicy.1/api-ref/source/v3/samples/admin
copying api-ref/source/v3/samples/admin/domain-config-group-option-update-request.json -> keystone-27.1.1.dev1+passwordpolicy.1/api-ref/source/v3/samples/admin
copying api-ref/source/v3/samples/admin/domain-config-group-option-update-response.json -> keystone-27.1.1.dev1+passwordpolicy.1/api-ref/source/v3/samples/admin
copying api-ref/source/v3/samples/admin/domain-config-group-show-response.json -> keystone-27.1.1.dev1+passwordpolicy.1/api-ref/source/v3/samples/admin
copying api-ref/source/v3/samples/admin/domain-config-group-update-request.json -> keystone-27.1.1.dev1+passwordpolicy.1/api-ref/source/v3/samples/admin
copying api-ref/source/v3/samples/admin/domain-config-group-update-response.json -> keystone-27.1.1.dev1+passwordpolicy.1/api-ref/source/v3/samples/admin
copying api-ref/source/v3/samples/admin/domain-config-show-response.json -> keystone-27.1.1.dev1+passwordpolicy.1/api-ref/source/v3/samples/admin
copying api-ref/source/v3/samples/admin/domain-config-update-request.json -> keystone-27.1.1.dev1+passwordpolicy.1/api-ref/source/v3/samples/admin
copying api-ref/source/v3/samples/admin/domain-config-update-response.json -> keystone-27.1.1.dev1+passwordpolicy.1/api-ref/source/v3/samples/admin
copying api-ref/source/v3/samples/admin/domain-create-request.json -> keystone-27.1.1.dev1+passwordpolicy.1/api-ref/source/v3/samples/admin
copying api-ref/source/v3/samples/admin/domain-create-response.json -> keystone-27.1.1.dev1+passwordpolicy.1/api-ref/source/v3/samples/admin
copying api-ref/source/v3/samples/admin/domain-group-roles-list-response.json -> keystone-27.1.1.dev1+passwordpolicy.1/api-ref/source/v3/samples/admin
copying api-ref/source/v3/samples/admin/domain-group-update-request.json -> keystone-27.1.1.dev1+passwordpolicy.1/api-ref/source/v3/samples/admin
copying api-ref/source/v3/samples/admin/domain-show-response.json -> keystone-27.1.1.dev1+passwordpolicy.1/api-ref/source/v3/samples/admin
copying api-ref/source/v3/samples/admin/domain-specific-role-create-request.json -> keystone-27.1.1.dev1+passwordpolicy.1/api-ref/source/v3/samples/admin
copying api-ref/source/v3/samples/admin/domain-update-request.json -> keystone-27.1.1.dev1+passwordpolicy.1/api-ref/source/v3/samples/admin
copying api-ref/source/v3/samples/admin/domain-update-response.json -> keystone-27.1.1.dev1+passwordpolicy.1/api-ref/source/v3/samples/admin
copying api-ref/source/v3/samples/admin/domain-user-roles-list-response.json -> keystone-27.1.1.dev1+passwordpolicy.1/api-ref/source/v3/samples/admin
copying api-ref/source/v3/samples/admin/domains-list-response.json -> keystone-27.1.1.dev1+passwordpolicy.1/api-ref/source/v3/samples/admin
copying api-ref/source/v3/samples/admin/endpoint-create-request.json -> keystone-27.1.1.dev1+passwordpolicy.1/api-ref/source/v3/samples/admin
copying api-ref/source/v3/samples/admin/endpoint-create-response.json -> keystone-27.1.1.dev1+passwordpolicy.1/api-ref/source/v3/samples/admin
copying api-ref/source/v3/samples/admin/endpoint-show-response.json -> keystone-27.1.1.dev1+passwordpolicy.1/api-ref/source/v3/samples/admin
copying api-ref/source/v3/samples/admin/endpoint-update-request.json -> keystone-27.1.1.dev1+passwordpolicy.1/api-ref/source/v3/samples/admin
copying api-ref/source/v3/samples/admin/endpoint-update-response.json -> keystone-27.1.1.dev1+passwordpolicy.1/api-ref/source/v3/samples/admin
copying api-ref/source/v3/samples/admin/endpoints-list-response.json -> keystone-27.1.1.dev1+passwordpolicy.1/api-ref/source/v3/samples/admin
copying api-ref/source/v3/samples/admin/get-available-domain-scopes-response.json -> keystone-27.1.1.dev1+passwordpolicy.1/api-ref/source/v3/samples/admin
copying api-ref/source/v3/samples/admin/get-available-project-scopes-response.json -> keystone-27.1.1.dev1+passwordpolicy.1/api-ref/source/v3/samples/admin
copying api-ref/source/v3/samples/admin/get-available-system-scopes-response.json -> keystone-27.1.1.dev1+passwordpolicy.1/api-ref/source/v3/samples/admin
copying api-ref/source/v3/samples/admin/get-role-inferences-response.json -> keystone-27.1.1.dev1+passwordpolicy.1/api-ref/source/v3/samples/admin
copying api-ref/source/v3/samples/admin/get-service-catalog-response.json -> keystone-27.1.1.dev1+passwordpolicy.1/api-ref/source/v3/samples/admin
copying api-ref/source/v3/samples/admin/group-create-request.json -> keystone-27.1.1.dev1+passwordpolicy.1/api-ref/source/v3/samples/admin
copying api-ref/source/v3/samples/admin/group-create-response.json -> keystone-27.1.1.dev1+passwordpolicy.1/api-ref/source/v3/samples/admin
copying api-ref/source/v3/samples/admin/group-roles-domain-list-response.json -> keystone-27.1.1.dev1+passwordpolicy.1/api-ref/source/v3/samples/admin
copying api-ref/source/v3/samples/admin/group-show-response.json -> keystone-27.1.1.dev1+passwordpolicy.1/api-ref/source/v3/samples/admin
copying api-ref/source/v3/samples/admin/group-update-request.json -> keystone-27.1.1.dev1+passwordpolicy.1/api-ref/source/v3/samples/admin
copying api-ref/source/v3/samples/admin/group-update-response.json -> keystone-27.1.1.dev1+passwordpolicy.1/api-ref/source/v3/samples/admin
copying api-ref/source/v3/samples/admin/group-users-list-response.json -> keystone-27.1.1.dev1+passwordpolicy.1/api-ref/source/v3/samples/admin
copying api-ref/source/v3/samples/admin/groups-list-response.json -> keystone-27.1.1.dev1+passwordpolicy.1/api-ref/source/v3/samples/admin
copying api-ref/source/v3/samples/admin/identity-version-response.json -> keystone-27.1.1.dev1+passwordpolicy.1/api-ref/source/v3/samples/admin
copying api-ref/source/v3/samples/admin/identity-versions-response.json -> keystone-27.1.1.dev1+passwordpolicy.1/api-ref/source/v3/samples/admin
copying api-ref/source/v3/samples/admin/limit-flat-model-response.json -> keystone-27.1.1.dev1+passwordpolicy.1/api-ref/source/v3/samples/admin
copying api-ref/source/v3/samples/admin/limit-show-response.json -> keystone-27.1.1.dev1+passwordpolicy.1/api-ref/source/v3/samples/admin
copying api-ref/source/v3/samples/admin/limits-create-request.json -> keystone-27.1.1.dev1+passwordpolicy.1/api-ref/source/v3/samples/admin
copying api-ref/source/v3/samples/admin/limits-create-response.json -> keystone-27.1.1.dev1+passwordpolicy.1/api-ref/source/v3/samples/admin
copying api-ref/source/v3/samples/admin/limits-list-response.json -> keystone-27.1.1.dev1+passwordpolicy.1/api-ref/source/v3/samples/admin
copying api-ref/source/v3/samples/admin/limits-update-request.json -> keystone-27.1.1.dev1+passwordpolicy.1/api-ref/source/v3/samples/admin
copying api-ref/source/v3/samples/admin/limits-update-response.json -> keystone-27.1.1.dev1+passwordpolicy.1/api-ref/source/v3/samples/admin
copying api-ref/source/v3/samples/admin/list-implied-roles-for-role-response.json -> keystone-27.1.1.dev1+passwordpolicy.1/api-ref/source/v3/samples/admin
copying api-ref/source/v3/samples/admin/list-system-roles-for-group-response.json -> keystone-27.1.1.dev1+passwordpolicy.1/api-ref/source/v3/samples/admin
copying api-ref/source/v3/samples/admin/list-system-roles-for-user-response.json -> keystone-27.1.1.dev1+passwordpolicy.1/api-ref/source/v3/samples/admin
copying api-ref/source/v3/samples/admin/policies-list-response.json -> keystone-27.1.1.dev1+passwordpolicy.1/api-ref/source/v3/samples/admin
copying api-ref/source/v3/samples/admin/policy-create-request.json -> keystone-27.1.1.dev1+passwordpolicy.1/api-ref/source/v3/samples/admin
copying api-ref/source/v3/samples/admin/policy-create-response.json -> keystone-27.1.1.dev1+passwordpolicy.1/api-ref/source/v3/samples/admin
copying api-ref/source/v3/samples/admin/policy-show-response.json -> keystone-27.1.1.dev1+passwordpolicy.1/api-ref/source/v3/samples/admin
copying api-ref/source/v3/samples/admin/policy-update-request.json -> keystone-27.1.1.dev1+passwordpolicy.1/api-ref/source/v3/samples/admin
copying api-ref/source/v3/samples/admin/policy-update-response.json -> keystone-27.1.1.dev1+passwordpolicy.1/api-ref/source/v3/samples/admin
copying api-ref/source/v3/samples/admin/project-create-domain-request.json -> keystone-27.1.1.dev1+passwordpolicy.1/api-ref/source/v3/samples/admin
copying api-ref/source/v3/samples/admin/project-create-request.json -> keystone-27.1.1.dev1+passwordpolicy.1/api-ref/source/v3/samples/admin
copying api-ref/source/v3/samples/admin/project-create-response.json -> keystone-27.1.1.dev1+passwordpolicy.1/api-ref/source/v3/samples/admin
copying api-ref/source/v3/samples/admin/project-enable-request.json -> keystone-27.1.1.dev1+passwordpolicy.1/api-ref/source/v3/samples/admin
copying api-ref/source/v3/samples/admin/project-group-roles-list-response.json -> keystone-27.1.1.dev1+passwordpolicy.1/api-ref/source/v3/samples/admin
copying api-ref/source/v3/samples/admin/project-show-parents-response.json -> keystone-27.1.1.dev1+passwordpolicy.1/api-ref/source/v3/samples/admin
copying api-ref/source/v3/samples/admin/project-show-response.json -> keystone-27.1.1.dev1+passwordpolicy.1/api-ref/source/v3/samples/admin
copying api-ref/source/v3/samples/admin/project-show-subtree-response.json -> keystone-27.1.1.dev1+passwordpolicy.1/api-ref/source/v3/samples/admin
copying api-ref/source/v3/samples/admin/project-tags-list-response.json -> keystone-27.1.1.dev1+passwordpolicy.1/api-ref/source/v3/samples/admin
copying api-ref/source/v3/samples/admin/project-tags-update-request.json -> keystone-27.1.1.dev1+passwordpolicy.1/api-ref/source/v3/samples/admin
copying api-ref/source/v3/samples/admin/project-tags-update-response.json -> keystone-27.1.1.dev1+passwordpolicy.1/api-ref/source/v3/samples/admin
copying api-ref/source/v3/samples/admin/project-update-request.json -> keystone-27.1.1.dev1+passwordpolicy.1/api-ref/source/v3/samples/admin
copying api-ref/source/v3/samples/admin/project-update-response.json -> keystone-27.1.1.dev1+passwordpolicy.1/api-ref/source/v3/samples/admin
copying api-ref/source/v3/samples/admin/project-user-roles-list-response.json -> keystone-27.1.1.dev1+passwordpolicy.1/api-ref/source/v3/samples/admin
copying api-ref/source/v3/samples/admin/projects-list-response.json -> keystone-27.1.1.dev1+passwordpolicy.1/api-ref/source/v3/samples/admin
copying api-ref/source/v3/samples/admin/region-create-request.json -> keystone-27.1.1.dev1+passwordpolicy.1/api-ref/source/v3/samples/admin
copying api-ref/source/v3/samples/admin/region-create-response.json -> keystone-27.1.1.dev1+passwordpolicy.1/api-ref/source/v3/samples/admin
copying api-ref/source/v3/samples/admin/region-show-response.json -> keystone-27.1.1.dev1+passwordpolicy.1/api-ref/source/v3/samples/admin
copying api-ref/source/v3/samples/admin/region-update-request.json -> keystone-27.1.1.dev1+passwordpolicy.1/api-ref/source/v3/samples/admin
copying api-ref/source/v3/samples/admin/region-update-response.json -> keystone-27.1.1.dev1+passwordpolicy.1/api-ref/source/v3/samples/admin
copying api-ref/source/v3/samples/admin/regions-list-response.json -> keystone-27.1.1.dev1+passwordpolicy.1/api-ref/source/v3/samples/admin
copying api-ref/source/v3/samples/admin/registered-limit-show-response.json -> keystone-27.1.1.dev1+passwordpolicy.1/api-ref/source/v3/samples/admin
copying api-ref/source/v3/samples/admin/registered-limits-create-request.json -> keystone-27.1.1.dev1+passwordpolicy.1/api-ref/source/v3/samples/admin
copying api-ref/source/v3/samples/admin/registered-limits-create-response.json -> keystone-27.1.1.dev1+passwordpolicy.1/api-ref/source/v3/samples/admin
copying api-ref/source/v3/samples/admin/registered-limits-list-response.json -> keystone-27.1.1.dev1+passwordpolicy.1/api-ref/source/v3/samples/admin
copying api-ref/source/v3/samples/admin/registered-limits-update-request.json -> keystone-27.1.1.dev1+passwordpolicy.1/api-ref/source/v3/samples/admin
copying api-ref/source/v3/samples/admin/registered-limits-update-response.json -> keystone-27.1.1.dev1+passwordpolicy.1/api-ref/source/v3/samples/admin
copying api-ref/source/v3/samples/admin/role-assignments-effective-list-include-names-response.json -> keystone-27.1.1.dev1+passwordpolicy.1/api-ref/source/v3/samples/admin
copying api-ref/source/v3/samples/admin/role-assignments-effective-list-response.json -> keystone-27.1.1.dev1+passwordpolicy.1/api-ref/source/v3/samples/admin
copying api-ref/source/v3/samples/admin/role-assignments-effective-list-response.txt -> keystone-27.1.1.dev1+passwordpolicy.1/api-ref/source/v3/samples/admin
copying api-ref/source/v3/samples/admin/role-assignments-list-include-subtree-response.json -> keystone-27.1.1.dev1+passwordpolicy.1/api-ref/source/v3/samples/admin
copying api-ref/source/v3/samples/admin/role-assignments-list-response.json -> keystone-27.1.1.dev1+passwordpolicy.1/api-ref/source/v3/samples/admin
copying api-ref/source/v3/samples/admin/role-assignments-list-response.txt -> keystone-27.1.1.dev1+passwordpolicy.1/api-ref/source/v3/samples/admin
copying api-ref/source/v3/samples/admin/role-create-request.json -> keystone-27.1.1.dev1+passwordpolicy.1/api-ref/source/v3/samples/admin
copying api-ref/source/v3/samples/admin/role-create-response.json -> keystone-27.1.1.dev1+passwordpolicy.1/api-ref/source/v3/samples/admin
copying api-ref/source/v3/samples/admin/role-inferences-response.json -> keystone-27.1.1.dev1+passwordpolicy.1/api-ref/source/v3/samples/admin
copying api-ref/source/v3/samples/admin/role-show-response.json -> keystone-27.1.1.dev1+passwordpolicy.1/api-ref/source/v3/samples/admin
copying api-ref/source/v3/samples/admin/role-update-request.json -> keystone-27.1.1.dev1+passwordpolicy.1/api-ref/source/v3/samples/admin
copying api-ref/source/v3/samples/admin/role-update-response.json -> keystone-27.1.1.dev1+passwordpolicy.1/api-ref/source/v3/samples/admin
copying api-ref/source/v3/samples/admin/roles-list-response.json -> keystone-27.1.1.dev1+passwordpolicy.1/api-ref/source/v3/samples/admin
copying api-ref/source/v3/samples/admin/service-create-request.json -> keystone-27.1.1.dev1+passwordpolicy.1/api-ref/source/v3/samples/admin
copying api-ref/source/v3/samples/admin/service-create-response.json -> keystone-27.1.1.dev1+passwordpolicy.1/api-ref/source/v3/samples/admin
copying api-ref/source/v3/samples/admin/service-show-response.json -> keystone-27.1.1.dev1+passwordpolicy.1/api-ref/source/v3/samples/admin
copying api-ref/source/v3/samples/admin/service-update-request.json -> keystone-27.1.1.dev1+passwordpolicy.1/api-ref/source/v3/samples/admin
copying api-ref/source/v3/samples/admin/service-update-response.json -> keystone-27.1.1.dev1+passwordpolicy.1/api-ref/source/v3/samples/admin
copying api-ref/source/v3/samples/admin/services-list-response.json -> keystone-27.1.1.dev1+passwordpolicy.1/api-ref/source/v3/samples/admin
copying api-ref/source/v3/samples/admin/token-validate-request.txt -> keystone-27.1.1.dev1+passwordpolicy.1/api-ref/source/v3/samples/admin
copying api-ref/source/v3/samples/admin/user-create-request.json -> keystone-27.1.1.dev1+passwordpolicy.1/api-ref/source/v3/samples/admin
copying api-ref/source/v3/samples/admin/user-create-response.json -> keystone-27.1.1.dev1+passwordpolicy.1/api-ref/source/v3/samples/admin
copying api-ref/source/v3/samples/admin/user-groups-list-response.json -> keystone-27.1.1.dev1+passwordpolicy.1/api-ref/source/v3/samples/admin
copying api-ref/source/v3/samples/admin/user-password-update-request.json -> keystone-27.1.1.dev1+passwordpolicy.1/api-ref/source/v3/samples/admin
copying api-ref/source/v3/samples/admin/user-projects-list-response.json -> keystone-27.1.1.dev1+passwordpolicy.1/api-ref/source/v3/samples/admin
copying api-ref/source/v3/samples/admin/user-roles-domain-list-response.json -> keystone-27.1.1.dev1+passwordpolicy.1/api-ref/source/v3/samples/admin
copying api-ref/source/v3/samples/admin/user-show-response.json -> keystone-27.1.1.dev1+passwordpolicy.1/api-ref/source/v3/samples/admin
copying api-ref/source/v3/samples/admin/user-update-request.json -> keystone-27.1.1.dev1+passwordpolicy.1/api-ref/source/v3/samples/admin
copying api-ref/source/v3/samples/admin/user-update-response.json -> keystone-27.1.1.dev1+passwordpolicy.1/api-ref/source/v3/samples/admin
copying api-ref/source/v3/samples/admin/users-list-response.json -> keystone-27.1.1.dev1+passwordpolicy.1/api-ref/source/v3/samples/admin
copying api-ref/source/v3/samples/auth/requests/domain-id-password.json -> keystone-27.1.1.dev1+passwordpolicy.1/api-ref/source/v3/samples/auth/requests
copying api-ref/source/v3/samples/auth/requests/domain-id-token.json -> keystone-27.1.1.dev1+passwordpolicy.1/api-ref/source/v3/samples/auth/requests
copying api-ref/source/v3/samples/auth/requests/domain-name-password.json -> keystone-27.1.1.dev1+passwordpolicy.1/api-ref/source/v3/samples/auth/requests
copying api-ref/source/v3/samples/auth/requests/domain-name-token.json -> keystone-27.1.1.dev1+passwordpolicy.1/api-ref/source/v3/samples/auth/requests
copying api-ref/source/v3/samples/auth/requests/project-id-password.json -> keystone-27.1.1.dev1+passwordpolicy.1/api-ref/source/v3/samples/auth/requests
copying api-ref/source/v3/samples/auth/requests/project-id-token.json -> keystone-27.1.1.dev1+passwordpolicy.1/api-ref/source/v3/samples/auth/requests
copying api-ref/source/v3/samples/auth/requests/project-id-totp.json -> keystone-27.1.1.dev1+passwordpolicy.1/api-ref/source/v3/samples/auth/requests
copying api-ref/source/v3/samples/auth/requests/project-name-password.json -> keystone-27.1.1.dev1+passwordpolicy.1/api-ref/source/v3/samples/auth/requests
copying api-ref/source/v3/samples/auth/requests/project-name-token.json -> keystone-27.1.1.dev1+passwordpolicy.1/api-ref/source/v3/samples/auth/requests
copying api-ref/source/v3/samples/auth/requests/system-password.json -> keystone-27.1.1.dev1+passwordpolicy.1/api-ref/source/v3/samples/auth/requests
copying api-ref/source/v3/samples/auth/requests/system-token.json -> keystone-27.1.1.dev1+passwordpolicy.1/api-ref/source/v3/samples/auth/requests
copying api-ref/source/v3/samples/auth/responses/auth-receipt-password.json -> keystone-27.1.1.dev1+passwordpolicy.1/api-ref/source/v3/samples/auth/responses
copying api-ref/source/v3/samples/auth/responses/domain-scoped-password.json -> keystone-27.1.1.dev1+passwordpolicy.1/api-ref/source/v3/samples/auth/responses
copying api-ref/source/v3/samples/auth/responses/domain-scoped-token.json -> keystone-27.1.1.dev1+passwordpolicy.1/api-ref/source/v3/samples/auth/responses
copying api-ref/source/v3/samples/auth/responses/project-scoped-password-totp.json -> keystone-27.1.1.dev1+passwordpolicy.1/api-ref/source/v3/samples/auth/responses
copying api-ref/source/v3/samples/auth/responses/project-scoped-password.json -> keystone-27.1.1.dev1+passwordpolicy.1/api-ref/source/v3/samples/auth/responses
copying api-ref/source/v3/samples/auth/responses/project-scoped-token.json -> keystone-27.1.1.dev1+passwordpolicy.1/api-ref/source/v3/samples/auth/responses
copying api-ref/source/v3/samples/auth/responses/system-scoped-password.json -> keystone-27.1.1.dev1+passwordpolicy.1/api-ref/source/v3/samples/auth/responses
copying api-ref/source/v3/samples/auth/responses/system-scoped-token.json -> keystone-27.1.1.dev1+passwordpolicy.1/api-ref/source/v3/samples/auth/responses
copying api-ref/source/v3/samples/auth/responses/unscoped-password.json -> keystone-27.1.1.dev1+passwordpolicy.1/api-ref/source/v3/samples/auth/responses
copying config-generator/keystone-policy-generator.conf -> keystone-27.1.1.dev1+passwordpolicy.1/config-generator
copying config-generator/keystone.conf -> keystone-27.1.1.dev1+passwordpolicy.1/config-generator
copying devstack/plugin.sh -> keystone-27.1.1.dev1+passwordpolicy.1/devstack
copying devstack/files/federation/attribute-map.xml -> keystone-27.1.1.dev1+passwordpolicy.1/devstack/files/federation
copying devstack/files/federation/shib_apache_alias.txt -> keystone-27.1.1.dev1+passwordpolicy.1/devstack/files/federation
copying devstack/files/federation/shib_apache_handler.txt -> keystone-27.1.1.dev1+passwordpolicy.1/devstack/files/federation
copying devstack/files/federation/shibboleth2.xml -> keystone-27.1.1.dev1+passwordpolicy.1/devstack/files/federation
copying devstack/files/oidc/apache_oidc.conf -> keystone-27.1.1.dev1+passwordpolicy.1/devstack/files/oidc
copying devstack/lib/federation.sh -> keystone-27.1.1.dev1+passwordpolicy.1/devstack/lib
copying devstack/lib/oidc.sh -> keystone-27.1.1.dev1+passwordpolicy.1/devstack/lib
copying devstack/lib/scope.sh -> keystone-27.1.1.dev1+passwordpolicy.1/devstack/lib
copying devstack/tools/oidc/__init__.py -> keystone-27.1.1.dev1+passwordpolicy.1/devstack/tools/oidc
copying devstack/tools/oidc/docker-compose.yaml -> keystone-27.1.1.dev1+passwordpolicy.1/devstack/tools/oidc
copying devstack/tools/oidc/setup_keycloak_client.py -> keystone-27.1.1.dev1+passwordpolicy.1/devstack/tools/oidc
copying doc/Makefile -> keystone-27.1.1.dev1+passwordpolicy.1/doc
copying doc/README.rst -> keystone-27.1.1.dev1+passwordpolicy.1/doc
copying doc/requirements.txt -> keystone-27.1.1.dev1+passwordpolicy.1/doc
copying doc/ext/__init__.py -> keystone-27.1.1.dev1+passwordpolicy.1/doc/ext
copying doc/source/api_curl_examples.rst -> keystone-27.1.1.dev1+passwordpolicy.1/doc/source
copying doc/source/code_documentation.rst -> keystone-27.1.1.dev1+passwordpolicy.1/doc/source
copying doc/source/conf.py -> keystone-27.1.1.dev1+passwordpolicy.1/doc/source
copying doc/source/index.rst -> keystone-27.1.1.dev1+passwordpolicy.1/doc/source
copying doc/source/indices-tables.rst -> keystone-27.1.1.dev1+passwordpolicy.1/doc/source
copying doc/source/_static/horizon-login-idp.png -> keystone-27.1.1.dev1+passwordpolicy.1/doc/source/_static
copying doc/source/_static/horizon-login-sp.png -> keystone-27.1.1.dev1+passwordpolicy.1/doc/source/_static
copying doc/source/admin/auth-totp.rst -> keystone-27.1.1.dev1+passwordpolicy.1/doc/source/admin
copying doc/source/admin/authentication-mechanisms.rst -> keystone-27.1.1.dev1+passwordpolicy.1/doc/source/admin
copying doc/source/admin/bootstrap.rst -> keystone-27.1.1.dev1+passwordpolicy.1/doc/source/admin
copying doc/source/admin/caching-layer.inc -> keystone-27.1.1.dev1+passwordpolicy.1/doc/source/admin
copying doc/source/admin/case-insensitive.rst -> keystone-27.1.1.dev1+passwordpolicy.1/doc/source/admin
copying doc/source/admin/cli-manage-projects-users-and-roles.rst -> keystone-27.1.1.dev1+passwordpolicy.1/doc/source/admin
copying doc/source/admin/configuration.rst -> keystone-27.1.1.dev1+passwordpolicy.1/doc/source/admin
copying doc/source/admin/configure-https.rst -> keystone-27.1.1.dev1+passwordpolicy.1/doc/source/admin
copying doc/source/admin/configure_tokenless_x509.rst -> keystone-27.1.1.dev1+passwordpolicy.1/doc/source/admin
copying doc/source/admin/credential-encryption.rst -> keystone-27.1.1.dev1+passwordpolicy.1/doc/source/admin
copying doc/source/admin/domain-specific-config.inc -> keystone-27.1.1.dev1+passwordpolicy.1/doc/source/admin
copying doc/source/admin/endpoint-filtering.inc -> keystone-27.1.1.dev1+passwordpolicy.1/doc/source/admin
copying doc/source/admin/endpoint-policy.inc -> keystone-27.1.1.dev1+passwordpolicy.1/doc/source/admin
copying doc/source/admin/event_notifications.rst -> keystone-27.1.1.dev1+passwordpolicy.1/doc/source/admin
copying doc/source/admin/external-authentication.rst -> keystone-27.1.1.dev1+passwordpolicy.1/doc/source/admin
copying doc/source/admin/fernet-token-faq.rst -> keystone-27.1.1.dev1+passwordpolicy.1/doc/source/admin
copying doc/source/admin/getting-started.rst -> keystone-27.1.1.dev1+passwordpolicy.1/doc/source/admin
copying doc/source/admin/health-check-middleware.rst -> keystone-27.1.1.dev1+passwordpolicy.1/doc/source/admin
copying doc/source/admin/identity-concepts.rst -> keystone-27.1.1.dev1+passwordpolicy.1/doc/source/admin
copying doc/source/admin/identity-sources.rst -> keystone-27.1.1.dev1+passwordpolicy.1/doc/source/admin
copying doc/source/admin/identity-support-matrix.ini -> keystone-27.1.1.dev1+passwordpolicy.1/doc/source/admin
copying doc/source/admin/index.rst -> keystone-27.1.1.dev1+passwordpolicy.1/doc/source/admin
copying doc/source/admin/integrate-with-ldap.inc -> keystone-27.1.1.dev1+passwordpolicy.1/doc/source/admin
copying doc/source/admin/jws-key-rotation.rst -> keystone-27.1.1.dev1+passwordpolicy.1/doc/source/admin
copying doc/source/admin/keystone-features.rst -> keystone-27.1.1.dev1+passwordpolicy.1/doc/source/admin
copying doc/source/admin/limit-list-size.inc -> keystone-27.1.1.dev1+passwordpolicy.1/doc/source/admin
copying doc/source/admin/logging.inc -> keystone-27.1.1.dev1+passwordpolicy.1/doc/source/admin
copying doc/source/admin/manage-services.rst -> keystone-27.1.1.dev1+passwordpolicy.1/doc/source/admin
copying doc/source/admin/manage-trusts.rst -> keystone-27.1.1.dev1+passwordpolicy.1/doc/source/admin
copying doc/source/admin/multi-factor-authentication.rst -> keystone-27.1.1.dev1+passwordpolicy.1/doc/source/admin
copying doc/source/admin/oauth1.rst -> keystone-27.1.1.dev1+passwordpolicy.1/doc/source/admin
copying doc/source/admin/oauth2-mtls-usage-guide.rst -> keystone-27.1.1.dev1+passwordpolicy.1/doc/source/admin
copying doc/source/admin/oauth2-usage-guide.rst -> keystone-27.1.1.dev1+passwordpolicy.1/doc/source/admin
copying doc/source/admin/operations.rst -> keystone-27.1.1.dev1+passwordpolicy.1/doc/source/admin
copying doc/source/admin/performance.inc -> keystone-27.1.1.dev1+passwordpolicy.1/doc/source/admin
copying doc/source/admin/resource-options.rst -> keystone-27.1.1.dev1+passwordpolicy.1/doc/source/admin
copying doc/source/admin/security-compliance.inc -> keystone-27.1.1.dev1+passwordpolicy.1/doc/source/admin
copying doc/source/admin/service-api-protection.rst -> keystone-27.1.1.dev1+passwordpolicy.1/doc/source/admin
copying doc/source/admin/token-provider.rst -> keystone-27.1.1.dev1+passwordpolicy.1/doc/source/admin
copying doc/source/admin/token-support-matrix.ini -> keystone-27.1.1.dev1+passwordpolicy.1/doc/source/admin
copying doc/source/admin/tokens-overview.rst -> keystone-27.1.1.dev1+passwordpolicy.1/doc/source/admin
copying doc/source/admin/tokens.rst -> keystone-27.1.1.dev1+passwordpolicy.1/doc/source/admin
copying doc/source/admin/troubleshoot.inc -> keystone-27.1.1.dev1+passwordpolicy.1/doc/source/admin
copying doc/source/admin/unified-limits.rst -> keystone-27.1.1.dev1+passwordpolicy.1/doc/source/admin
copying doc/source/admin/upgrading.rst -> keystone-27.1.1.dev1+passwordpolicy.1/doc/source/admin
copying doc/source/admin/url-safe-naming.inc -> keystone-27.1.1.dev1+passwordpolicy.1/doc/source/admin
copying doc/source/admin/federation/configure_federation.rst -> keystone-27.1.1.dev1+passwordpolicy.1/doc/source/admin/federation
copying doc/source/admin/federation/federated_identity.rst -> keystone-27.1.1.dev1+passwordpolicy.1/doc/source/admin/federation
copying doc/source/admin/federation/introduction.rst -> keystone-27.1.1.dev1+passwordpolicy.1/doc/source/admin/federation
copying doc/source/admin/federation/mapping_combinations.rst -> keystone-27.1.1.dev1+passwordpolicy.1/doc/source/admin/federation
copying doc/source/admin/federation/mellon.inc -> keystone-27.1.1.dev1+passwordpolicy.1/doc/source/admin/federation
copying doc/source/admin/federation/openidc.inc -> keystone-27.1.1.dev1+passwordpolicy.1/doc/source/admin/federation
copying doc/source/admin/federation/shibboleth.inc -> keystone-27.1.1.dev1+passwordpolicy.1/doc/source/admin/federation
copying doc/source/admin/figures/keystone-federation.png -> keystone-27.1.1.dev1+passwordpolicy.1/doc/source/admin/figures
copying doc/source/admin/figures/keystone-federation.svg -> keystone-27.1.1.dev1+passwordpolicy.1/doc/source/admin/figures
copying doc/source/cli/commands.rst -> keystone-27.1.1.dev1+passwordpolicy.1/doc/source/cli
copying doc/source/cli/index.rst -> keystone-27.1.1.dev1+passwordpolicy.1/doc/source/cli
copying doc/source/cli/keystone-manage.rst -> keystone-27.1.1.dev1+passwordpolicy.1/doc/source/cli
copying doc/source/cli/keystone-status.rst -> keystone-27.1.1.dev1+passwordpolicy.1/doc/source/cli
copying doc/source/configuration/config-options.rst -> keystone-27.1.1.dev1+passwordpolicy.1/doc/source/configuration
copying doc/source/configuration/index.rst -> keystone-27.1.1.dev1+passwordpolicy.1/doc/source/configuration
copying doc/source/configuration/policy.rst -> keystone-27.1.1.dev1+passwordpolicy.1/doc/source/configuration
copying doc/source/configuration/samples/index.rst -> keystone-27.1.1.dev1+passwordpolicy.1/doc/source/configuration/samples
copying doc/source/configuration/samples/keystone-conf.rst -> keystone-27.1.1.dev1+passwordpolicy.1/doc/source/configuration/samples
copying doc/source/configuration/samples/logging-conf.rst -> keystone-27.1.1.dev1+passwordpolicy.1/doc/source/configuration/samples
copying doc/source/configuration/samples/policy-yaml.rst -> keystone-27.1.1.dev1+passwordpolicy.1/doc/source/configuration/samples
copying doc/source/contributor/api_change_tutorial.rst -> keystone-27.1.1.dev1+passwordpolicy.1/doc/source/contributor
copying doc/source/contributor/architecture.rst -> keystone-27.1.1.dev1+passwordpolicy.1/doc/source/contributor
copying doc/source/contributor/auth-plugins.rst -> keystone-27.1.1.dev1+passwordpolicy.1/doc/source/contributor
copying doc/source/contributor/caching-layer.rst -> keystone-27.1.1.dev1+passwordpolicy.1/doc/source/contributor
copying doc/source/contributor/contributing.rst -> keystone-27.1.1.dev1+passwordpolicy.1/doc/source/contributor
copying doc/source/contributor/database-migrations.rst -> keystone-27.1.1.dev1+passwordpolicy.1/doc/source/contributor
copying doc/source/contributor/developing-drivers.rst -> keystone-27.1.1.dev1+passwordpolicy.1/doc/source/contributor
copying doc/source/contributor/doctor-checks.rst -> keystone-27.1.1.dev1+passwordpolicy.1/doc/source/contributor
copying doc/source/contributor/filtering-responsibilities.rst -> keystone-27.1.1.dev1+passwordpolicy.1/doc/source/contributor
copying doc/source/contributor/how-can-i-help.rst -> keystone-27.1.1.dev1+passwordpolicy.1/doc/source/contributor
copying doc/source/contributor/http-api.rst -> keystone-27.1.1.dev1+passwordpolicy.1/doc/source/contributor
copying doc/source/contributor/id-manage.rst -> keystone-27.1.1.dev1+passwordpolicy.1/doc/source/contributor
copying doc/source/contributor/index.rst -> keystone-27.1.1.dev1+passwordpolicy.1/doc/source/contributor
copying doc/source/contributor/list-truncation.rst -> keystone-27.1.1.dev1+passwordpolicy.1/doc/source/contributor
copying doc/source/contributor/programming-exercises.rst -> keystone-27.1.1.dev1+passwordpolicy.1/doc/source/contributor
copying doc/source/contributor/proposing-features.rst -> keystone-27.1.1.dev1+passwordpolicy.1/doc/source/contributor
copying doc/source/contributor/release-notes.rst -> keystone-27.1.1.dev1+passwordpolicy.1/doc/source/contributor
copying doc/source/contributor/service-catalog.rst -> keystone-27.1.1.dev1+passwordpolicy.1/doc/source/contributor
copying doc/source/contributor/services.rst -> keystone-27.1.1.dev1+passwordpolicy.1/doc/source/contributor
copying doc/source/contributor/set-up-keystone.rst -> keystone-27.1.1.dev1+passwordpolicy.1/doc/source/contributor
copying doc/source/contributor/testing-keystone.rst -> keystone-27.1.1.dev1+passwordpolicy.1/doc/source/contributor
copying doc/source/contributor/vision-reflection.rst -> keystone-27.1.1.dev1+passwordpolicy.1/doc/source/contributor
copying doc/source/getting-started/architecture.rst -> keystone-27.1.1.dev1+passwordpolicy.1/doc/source/getting-started
copying doc/source/getting-started/community.rst -> keystone-27.1.1.dev1+passwordpolicy.1/doc/source/getting-started
copying doc/source/getting-started/index.rst -> keystone-27.1.1.dev1+passwordpolicy.1/doc/source/getting-started
copying doc/source/getting-started/policy_mapping.rst -> keystone-27.1.1.dev1+passwordpolicy.1/doc/source/getting-started
copying doc/source/install/get-started-obs.rst -> keystone-27.1.1.dev1+passwordpolicy.1/doc/source/install
copying doc/source/install/get-started-rdo.rst -> keystone-27.1.1.dev1+passwordpolicy.1/doc/source/install
copying doc/source/install/get-started-ubuntu.rst -> keystone-27.1.1.dev1+passwordpolicy.1/doc/source/install
copying doc/source/install/index-obs.rst -> keystone-27.1.1.dev1+passwordpolicy.1/doc/source/install
copying doc/source/install/index-rdo.rst -> keystone-27.1.1.dev1+passwordpolicy.1/doc/source/install
copying doc/source/install/index-ubuntu.rst -> keystone-27.1.1.dev1+passwordpolicy.1/doc/source/install
copying doc/source/install/index.rst -> keystone-27.1.1.dev1+passwordpolicy.1/doc/source/install
copying doc/source/install/keystone-install-obs.rst -> keystone-27.1.1.dev1+passwordpolicy.1/doc/source/install
copying doc/source/install/keystone-install-rdo.rst -> keystone-27.1.1.dev1+passwordpolicy.1/doc/source/install
copying doc/source/install/keystone-install-ubuntu.rst -> keystone-27.1.1.dev1+passwordpolicy.1/doc/source/install
copying doc/source/install/keystone-openrc-obs.rst -> keystone-27.1.1.dev1+passwordpolicy.1/doc/source/install
copying doc/source/install/keystone-openrc-rdo.rst -> keystone-27.1.1.dev1+passwordpolicy.1/doc/source/install
copying doc/source/install/keystone-openrc-ubuntu.rst -> keystone-27.1.1.dev1+passwordpolicy.1/doc/source/install
copying doc/source/install/keystone-users-obs.rst -> keystone-27.1.1.dev1+passwordpolicy.1/doc/source/install
copying doc/source/install/keystone-users-rdo.rst -> keystone-27.1.1.dev1+passwordpolicy.1/doc/source/install
copying doc/source/install/keystone-users-ubuntu.rst -> keystone-27.1.1.dev1+passwordpolicy.1/doc/source/install
copying doc/source/install/keystone-verify-obs.rst -> keystone-27.1.1.dev1+passwordpolicy.1/doc/source/install
copying doc/source/install/keystone-verify-rdo.rst -> keystone-27.1.1.dev1+passwordpolicy.1/doc/source/install
copying doc/source/install/keystone-verify-ubuntu.rst -> keystone-27.1.1.dev1+passwordpolicy.1/doc/source/install
copying doc/source/install/common/get-started-identity.inc -> keystone-27.1.1.dev1+passwordpolicy.1/doc/source/install/common
copying doc/source/install/common/keystone-users.inc -> keystone-27.1.1.dev1+passwordpolicy.1/doc/source/install/common
copying doc/source/install/common/openrc.inc -> keystone-27.1.1.dev1+passwordpolicy.1/doc/source/install/common
copying doc/source/install/shared/note_configuration_vary_by_distribution.rst -> keystone-27.1.1.dev1+passwordpolicy.1/doc/source/install/shared
copying doc/source/user/application_credentials.rst -> keystone-27.1.1.dev1+passwordpolicy.1/doc/source/user
copying doc/source/user/domain-manager-usage.rst -> keystone-27.1.1.dev1+passwordpolicy.1/doc/source/user
copying doc/source/user/index.rst -> keystone-27.1.1.dev1+passwordpolicy.1/doc/source/user
copying doc/source/user/json_home.rst -> keystone-27.1.1.dev1+passwordpolicy.1/doc/source/user
copying doc/source/user/multi-factor-authentication.rst -> keystone-27.1.1.dev1+passwordpolicy.1/doc/source/user
copying doc/source/user/supported_clients.rst -> keystone-27.1.1.dev1+passwordpolicy.1/doc/source/user
copying doc/source/user/trusts.rst -> keystone-27.1.1.dev1+passwordpolicy.1/doc/source/user
copying etc/README.txt -> keystone-27.1.1.dev1+passwordpolicy.1/etc
copying etc/logging.conf.sample -> keystone-27.1.1.dev1+passwordpolicy.1/etc
copying etc/sso_callback_template.html -> keystone-27.1.1.dev1+passwordpolicy.1/etc
copying examples/pki/certs/cacert.pem -> keystone-27.1.1.dev1+passwordpolicy.1/examples/pki/certs
copying examples/pki/certs/middleware.pem -> keystone-27.1.1.dev1+passwordpolicy.1/examples/pki/certs
copying examples/pki/certs/signing_cert.pem -> keystone-27.1.1.dev1+passwordpolicy.1/examples/pki/certs
copying examples/pki/certs/ssl_cert.pem -> keystone-27.1.1.dev1+passwordpolicy.1/examples/pki/certs
copying examples/pki/private/cakey.pem -> keystone-27.1.1.dev1+passwordpolicy.1/examples/pki/private
copying examples/pki/private/signing_key.pem -> keystone-27.1.1.dev1+passwordpolicy.1/examples/pki/private
copying examples/pki/private/ssl_key.pem -> keystone-27.1.1.dev1+passwordpolicy.1/examples/pki/private
copying httpd/README -> keystone-27.1.1.dev1+passwordpolicy.1/httpd
copying httpd/keystone-uwsgi-admin.ini -> keystone-27.1.1.dev1+passwordpolicy.1/httpd
copying httpd/keystone-uwsgi-public.ini -> keystone-27.1.1.dev1+passwordpolicy.1/httpd
copying httpd/uwsgi-keystone.conf -> keystone-27.1.1.dev1+passwordpolicy.1/httpd
copying httpd/wsgi-keystone.conf -> keystone-27.1.1.dev1+passwordpolicy.1/httpd
copying keystone/__init__.py -> keystone-27.1.1.dev1+passwordpolicy.1/keystone
copying keystone/exception.py -> keystone-27.1.1.dev1+passwordpolicy.1/keystone
copying keystone/i18n.py -> keystone-27.1.1.dev1+passwordpolicy.1/keystone
copying keystone/notifications.py -> keystone-27.1.1.dev1+passwordpolicy.1/keystone
copying keystone/version.py -> keystone-27.1.1.dev1+passwordpolicy.1/keystone
copying keystone.egg-info/PKG-INFO -> keystone-27.1.1.dev1+passwordpolicy.1/keystone.egg-info
copying keystone.egg-info/SOURCES.txt -> keystone-27.1.1.dev1+passwordpolicy.1/keystone.egg-info
copying keystone.egg-info/dependency_links.txt -> keystone-27.1.1.dev1+passwordpolicy.1/keystone.egg-info
copying keystone.egg-info/entry_points.txt -> keystone-27.1.1.dev1+passwordpolicy.1/keystone.egg-info
copying keystone.egg-info/not-zip-safe -> keystone-27.1.1.dev1+passwordpolicy.1/keystone.egg-info
copying keystone.egg-info/pbr.json -> keystone-27.1.1.dev1+passwordpolicy.1/keystone.egg-info
copying keystone.egg-info/requires.txt -> keystone-27.1.1.dev1+passwordpolicy.1/keystone.egg-info
copying keystone.egg-info/top_level.txt -> keystone-27.1.1.dev1+passwordpolicy.1/keystone.egg-info
copying keystone/api/__init__.py -> keystone-27.1.1.dev1+passwordpolicy.1/keystone/api
copying keystone/api/auth.py -> keystone-27.1.1.dev1+passwordpolicy.1/keystone/api
copying keystone/api/credentials.py -> keystone-27.1.1.dev1+passwordpolicy.1/keystone/api
copying keystone/api/discovery.py -> keystone-27.1.1.dev1+passwordpolicy.1/keystone/api
copying keystone/api/domains.py -> keystone-27.1.1.dev1+passwordpolicy.1/keystone/api
copying keystone/api/ec2tokens.py -> keystone-27.1.1.dev1+passwordpolicy.1/keystone/api
copying keystone/api/endpoints.py -> keystone-27.1.1.dev1+passwordpolicy.1/keystone/api
copying keystone/api/groups.py -> keystone-27.1.1.dev1+passwordpolicy.1/keystone/api
copying keystone/api/limits.py -> keystone-27.1.1.dev1+passwordpolicy.1/keystone/api
copying keystone/api/os_ep_filter.py -> keystone-27.1.1.dev1+passwordpolicy.1/keystone/api
copying keystone/api/os_federation.py -> keystone-27.1.1.dev1+passwordpolicy.1/keystone/api
copying keystone/api/os_inherit.py -> keystone-27.1.1.dev1+passwordpolicy.1/keystone/api
copying keystone/api/os_oauth1.py -> keystone-27.1.1.dev1+passwordpolicy.1/keystone/api
copying keystone/api/os_oauth2.py -> keystone-27.1.1.dev1+passwordpolicy.1/keystone/api
copying keystone/api/os_revoke.py -> keystone-27.1.1.dev1+passwordpolicy.1/keystone/api
copying keystone/api/os_simple_cert.py -> keystone-27.1.1.dev1+passwordpolicy.1/keystone/api
copying keystone/api/policy.py -> keystone-27.1.1.dev1+passwordpolicy.1/keystone/api
copying keystone/api/projects.py -> keystone-27.1.1.dev1+passwordpolicy.1/keystone/api
copying keystone/api/regions.py -> keystone-27.1.1.dev1+passwordpolicy.1/keystone/api
copying keystone/api/registered_limits.py -> keystone-27.1.1.dev1+passwordpolicy.1/keystone/api
copying keystone/api/role_assignments.py -> keystone-27.1.1.dev1+passwordpolicy.1/keystone/api
copying keystone/api/role_inferences.py -> keystone-27.1.1.dev1+passwordpolicy.1/keystone/api
copying keystone/api/roles.py -> keystone-27.1.1.dev1+passwordpolicy.1/keystone/api
copying keystone/api/s3tokens.py -> keystone-27.1.1.dev1+passwordpolicy.1/keystone/api
copying keystone/api/services.py -> keystone-27.1.1.dev1+passwordpolicy.1/keystone/api
copying keystone/api/system.py -> keystone-27.1.1.dev1+passwordpolicy.1/keystone/api
copying keystone/api/trusts.py -> keystone-27.1.1.dev1+passwordpolicy.1/keystone/api
copying keystone/api/users.py -> keystone-27.1.1.dev1+passwordpolicy.1/keystone/api
copying keystone/api/_shared/EC2_S3_Resource.py -> keystone-27.1.1.dev1+passwordpolicy.1/keystone/api/_shared
copying keystone/api/_shared/__init__.py -> keystone-27.1.1.dev1+passwordpolicy.1/keystone/api/_shared
copying keystone/api/_shared/authentication.py -> keystone-27.1.1.dev1+passwordpolicy.1/keystone/api/_shared
copying keystone/api/_shared/delegation.py -> keystone-27.1.1.dev1+passwordpolicy.1/keystone/api/_shared
copying keystone/api/_shared/implied_roles.py -> keystone-27.1.1.dev1+passwordpolicy.1/keystone/api/_shared
copying keystone/api/_shared/json_home_relations.py -> keystone-27.1.1.dev1+passwordpolicy.1/keystone/api/_shared
copying keystone/api/_shared/saml.py -> keystone-27.1.1.dev1+passwordpolicy.1/keystone/api/_shared
copying keystone/api/validation/__init__.py -> keystone-27.1.1.dev1+passwordpolicy.1/keystone/api/validation
copying keystone/api/validation/parameter_types.py -> keystone-27.1.1.dev1+passwordpolicy.1/keystone/api/validation
copying keystone/api/validation/response_types.py -> keystone-27.1.1.dev1+passwordpolicy.1/keystone/api/validation
copying keystone/api/validation/validators.py -> keystone-27.1.1.dev1+passwordpolicy.1/keystone/api/validation
copying keystone/application_credential/__init__.py -> keystone-27.1.1.dev1+passwordpolicy.1/keystone/application_credential
copying keystone/application_credential/core.py -> keystone-27.1.1.dev1+passwordpolicy.1/keystone/application_credential
copying keystone/application_credential/schema.py -> keystone-27.1.1.dev1+passwordpolicy.1/keystone/application_credential
copying keystone/application_credential/backends/__init__.py -> keystone-27.1.1.dev1+passwordpolicy.1/keystone/application_credential/backends
copying keystone/application_credential/backends/base.py -> keystone-27.1.1.dev1+passwordpolicy.1/keystone/application_credential/backends
copying keystone/application_credential/backends/sql.py -> keystone-27.1.1.dev1+passwordpolicy.1/keystone/application_credential/backends
copying keystone/assignment/__init__.py -> keystone-27.1.1.dev1+passwordpolicy.1/keystone/assignment
copying keystone/assignment/core.py -> keystone-27.1.1.dev1+passwordpolicy.1/keystone/assignment
copying keystone/assignment/schema.py -> keystone-27.1.1.dev1+passwordpolicy.1/keystone/assignment
copying keystone/assignment/backends/__init__.py -> keystone-27.1.1.dev1+passwordpolicy.1/keystone/assignment/backends
copying keystone/assignment/backends/base.py -> keystone-27.1.1.dev1+passwordpolicy.1/keystone/assignment/backends
copying keystone/assignment/backends/sql.py -> keystone-27.1.1.dev1+passwordpolicy.1/keystone/assignment/backends
copying keystone/assignment/role_backends/__init__.py -> keystone-27.1.1.dev1+passwordpolicy.1/keystone/assignment/role_backends
copying keystone/assignment/role_backends/base.py -> keystone-27.1.1.dev1+passwordpolicy.1/keystone/assignment/role_backends
copying keystone/assignment/role_backends/resource_options.py -> keystone-27.1.1.dev1+passwordpolicy.1/keystone/assignment/role_backends
copying keystone/assignment/role_backends/sql.py -> keystone-27.1.1.dev1+passwordpolicy.1/keystone/assignment/role_backends
copying keystone/assignment/role_backends/sql_model.py -> keystone-27.1.1.dev1+passwordpolicy.1/keystone/assignment/role_backends
copying keystone/auth/__init__.py -> keystone-27.1.1.dev1+passwordpolicy.1/keystone/auth
copying keystone/auth/core.py -> keystone-27.1.1.dev1+passwordpolicy.1/keystone/auth
copying keystone/auth/schema.py -> keystone-27.1.1.dev1+passwordpolicy.1/keystone/auth
copying keystone/auth/plugins/__init__.py -> keystone-27.1.1.dev1+passwordpolicy.1/keystone/auth/plugins
copying keystone/auth/plugins/application_credential.py -> keystone-27.1.1.dev1+passwordpolicy.1/keystone/auth/plugins
copying keystone/auth/plugins/base.py -> keystone-27.1.1.dev1+passwordpolicy.1/keystone/auth/plugins
copying keystone/auth/plugins/core.py -> keystone-27.1.1.dev1+passwordpolicy.1/keystone/auth/plugins
copying keystone/auth/plugins/external.py -> keystone-27.1.1.dev1+passwordpolicy.1/keystone/auth/plugins
copying keystone/auth/plugins/mapped.py -> keystone-27.1.1.dev1+passwordpolicy.1/keystone/auth/plugins
copying keystone/auth/plugins/oauth1.py -> keystone-27.1.1.dev1+passwordpolicy.1/keystone/auth/plugins
copying keystone/auth/plugins/password.py -> keystone-27.1.1.dev1+passwordpolicy.1/keystone/auth/plugins
copying keystone/auth/plugins/token.py -> keystone-27.1.1.dev1+passwordpolicy.1/keystone/auth/plugins
copying keystone/auth/plugins/totp.py -> keystone-27.1.1.dev1+passwordpolicy.1/keystone/auth/plugins
copying keystone/catalog/__init__.py -> keystone-27.1.1.dev1+passwordpolicy.1/keystone/catalog
copying keystone/catalog/core.py -> keystone-27.1.1.dev1+passwordpolicy.1/keystone/catalog
copying keystone/catalog/schema.py -> keystone-27.1.1.dev1+passwordpolicy.1/keystone/catalog
copying keystone/catalog/backends/__init__.py -> keystone-27.1.1.dev1+passwordpolicy.1/keystone/catalog/backends
copying keystone/catalog/backends/base.py -> keystone-27.1.1.dev1+passwordpolicy.1/keystone/catalog/backends
copying keystone/catalog/backends/sql.py -> keystone-27.1.1.dev1+passwordpolicy.1/keystone/catalog/backends
copying keystone/cmd/__init__.py -> keystone-27.1.1.dev1+passwordpolicy.1/keystone/cmd
copying keystone/cmd/bootstrap.py -> keystone-27.1.1.dev1+passwordpolicy.1/keystone/cmd
copying keystone/cmd/cli.py -> keystone-27.1.1.dev1+passwordpolicy.1/keystone/cmd
copying keystone/cmd/idutils.py -> keystone-27.1.1.dev1+passwordpolicy.1/keystone/cmd
copying keystone/cmd/manage.py -> keystone-27.1.1.dev1+passwordpolicy.1/keystone/cmd
copying keystone/cmd/status.py -> keystone-27.1.1.dev1+passwordpolicy.1/keystone/cmd
copying keystone/cmd/doctor/__init__.py -> keystone-27.1.1.dev1+passwordpolicy.1/keystone/cmd/doctor
copying keystone/cmd/doctor/caching.py -> keystone-27.1.1.dev1+passwordpolicy.1/keystone/cmd/doctor
copying keystone/cmd/doctor/credential.py -> keystone-27.1.1.dev1+passwordpolicy.1/keystone/cmd/doctor
copying keystone/cmd/doctor/database.py -> keystone-27.1.1.dev1+passwordpolicy.1/keystone/cmd/doctor
copying keystone/cmd/doctor/debug.py -> keystone-27.1.1.dev1+passwordpolicy.1/keystone/cmd/doctor
copying keystone/cmd/doctor/federation.py -> keystone-27.1.1.dev1+passwordpolicy.1/keystone/cmd/doctor
copying keystone/cmd/doctor/ldap.py -> keystone-27.1.1.dev1+passwordpolicy.1/keystone/cmd/doctor
copying keystone/cmd/doctor/security_compliance.py -> keystone-27.1.1.dev1+passwordpolicy.1/keystone/cmd/doctor
copying keystone/cmd/doctor/tokens.py -> keystone-27.1.1.dev1+passwordpolicy.1/keystone/cmd/doctor
copying keystone/cmd/doctor/tokens_fernet.py -> keystone-27.1.1.dev1+passwordpolicy.1/keystone/cmd/doctor
copying keystone/common/__init__.py -> keystone-27.1.1.dev1+passwordpolicy.1/keystone/common
copying keystone/common/authorization.py -> keystone-27.1.1.dev1+passwordpolicy.1/keystone/common
copying keystone/common/context.py -> keystone-27.1.1.dev1+passwordpolicy.1/keystone/common
copying keystone/common/driver_hints.py -> keystone-27.1.1.dev1+passwordpolicy.1/keystone/common
copying keystone/common/fernet_utils.py -> keystone-27.1.1.dev1+passwordpolicy.1/keystone/common
copying keystone/common/json_home.py -> keystone-27.1.1.dev1+passwordpolicy.1/keystone/common
copying keystone/common/jwt_utils.py -> keystone-27.1.1.dev1+passwordpolicy.1/keystone/common
copying keystone/common/manager.py -> keystone-27.1.1.dev1+passwordpolicy.1/keystone/common
copying keystone/common/password_hashing.py -> keystone-27.1.1.dev1+passwordpolicy.1/keystone/common
copying keystone/common/profiler.py -> keystone-27.1.1.dev1+passwordpolicy.1/keystone/common
copying keystone/common/provider_api.py -> keystone-27.1.1.dev1+passwordpolicy.1/keystone/common
copying keystone/common/render_token.py -> keystone-27.1.1.dev1+passwordpolicy.1/keystone/common
copying keystone/common/tokenless_auth.py -> keystone-27.1.1.dev1+passwordpolicy.1/keystone/common
copying keystone/common/utils.py -> keystone-27.1.1.dev1+passwordpolicy.1/keystone/common
copying keystone/common/cache/__init__.py -> keystone-27.1.1.dev1+passwordpolicy.1/keystone/common/cache
copying keystone/common/cache/_context_cache.py -> keystone-27.1.1.dev1+passwordpolicy.1/keystone/common/cache
copying keystone/common/cache/core.py -> keystone-27.1.1.dev1+passwordpolicy.1/keystone/common/cache
copying keystone/common/password_hashers/__init__.py -> keystone-27.1.1.dev1+passwordpolicy.1/keystone/common/password_hashers
copying keystone/common/password_hashers/bcrypt.py -> keystone-27.1.1.dev1+passwordpolicy.1/keystone/common/password_hashers
copying keystone/common/password_hashers/pbkdf2.py -> keystone-27.1.1.dev1+passwordpolicy.1/keystone/common/password_hashers
copying keystone/common/password_hashers/scrypt.py -> keystone-27.1.1.dev1+passwordpolicy.1/keystone/common/password_hashers
copying keystone/common/policies/__init__.py -> keystone-27.1.1.dev1+passwordpolicy.1/keystone/common/policies
copying keystone/common/policies/access_rule.py -> keystone-27.1.1.dev1+passwordpolicy.1/keystone/common/policies
copying keystone/common/policies/access_token.py -> keystone-27.1.1.dev1+passwordpolicy.1/keystone/common/policies
copying keystone/common/policies/application_credential.py -> keystone-27.1.1.dev1+passwordpolicy.1/keystone/common/policies
copying keystone/common/policies/auth.py -> keystone-27.1.1.dev1+passwordpolicy.1/keystone/common/policies
copying keystone/common/policies/base.py -> keystone-27.1.1.dev1+passwordpolicy.1/keystone/common/policies
copying keystone/common/policies/consumer.py -> keystone-27.1.1.dev1+passwordpolicy.1/keystone/common/policies
copying keystone/common/policies/credential.py -> keystone-27.1.1.dev1+passwordpolicy.1/keystone/common/policies
copying keystone/common/policies/domain.py -> keystone-27.1.1.dev1+passwordpolicy.1/keystone/common/policies
copying keystone/common/policies/domain_config.py -> keystone-27.1.1.dev1+passwordpolicy.1/keystone/common/policies
copying keystone/common/policies/ec2_credential.py -> keystone-27.1.1.dev1+passwordpolicy.1/keystone/common/policies
copying keystone/common/policies/ec2tokens.py -> keystone-27.1.1.dev1+passwordpolicy.1/keystone/common/policies
copying keystone/common/policies/endpoint.py -> keystone-27.1.1.dev1+passwordpolicy.1/keystone/common/policies
copying keystone/common/policies/endpoint_group.py -> keystone-27.1.1.dev1+passwordpolicy.1/keystone/common/policies
copying keystone/common/policies/grant.py -> keystone-27.1.1.dev1+passwordpolicy.1/keystone/common/policies
copying keystone/common/policies/group.py -> keystone-27.1.1.dev1+passwordpolicy.1/keystone/common/policies
copying keystone/common/policies/identity_provider.py -> keystone-27.1.1.dev1+passwordpolicy.1/keystone/common/policies
copying keystone/common/policies/implied_role.py -> keystone-27.1.1.dev1+passwordpolicy.1/keystone/common/policies
copying keystone/common/policies/limit.py -> keystone-27.1.1.dev1+passwordpolicy.1/keystone/common/policies
copying keystone/common/policies/mapping.py -> keystone-27.1.1.dev1+passwordpolicy.1/keystone/common/policies
copying keystone/common/policies/policy.py -> keystone-27.1.1.dev1+passwordpolicy.1/keystone/common/policies
copying keystone/common/policies/policy_association.py -> keystone-27.1.1.dev1+passwordpolicy.1/keystone/common/policies
copying keystone/common/policies/project.py -> keystone-27.1.1.dev1+passwordpolicy.1/keystone/common/policies
copying keystone/common/policies/project_endpoint.py -> keystone-27.1.1.dev1+passwordpolicy.1/keystone/common/policies
copying keystone/common/policies/protocol.py -> keystone-27.1.1.dev1+passwordpolicy.1/keystone/common/policies
copying keystone/common/policies/region.py -> keystone-27.1.1.dev1+passwordpolicy.1/keystone/common/policies
copying keystone/common/policies/registered_limit.py -> keystone-27.1.1.dev1+passwordpolicy.1/keystone/common/policies
copying keystone/common/policies/revoke_event.py -> keystone-27.1.1.dev1+passwordpolicy.1/keystone/common/policies
copying keystone/common/policies/role.py -> keystone-27.1.1.dev1+passwordpolicy.1/keystone/common/policies
copying keystone/common/policies/role_assignment.py -> keystone-27.1.1.dev1+passwordpolicy.1/keystone/common/policies
copying keystone/common/policies/s3tokens.py -> keystone-27.1.1.dev1+passwordpolicy.1/keystone/common/policies
copying keystone/common/policies/service.py -> keystone-27.1.1.dev1+passwordpolicy.1/keystone/common/policies
copying keystone/common/policies/service_provider.py -> keystone-27.1.1.dev1+passwordpolicy.1/keystone/common/policies
copying keystone/common/policies/token.py -> keystone-27.1.1.dev1+passwordpolicy.1/keystone/common/policies
copying keystone/common/policies/token_revocation.py -> keystone-27.1.1.dev1+passwordpolicy.1/keystone/common/policies
copying keystone/common/policies/trust.py -> keystone-27.1.1.dev1+passwordpolicy.1/keystone/common/policies
copying keystone/common/policies/user.py -> keystone-27.1.1.dev1+passwordpolicy.1/keystone/common/policies
copying keystone/common/rbac_enforcer/__init__.py -> keystone-27.1.1.dev1+passwordpolicy.1/keystone/common/rbac_enforcer
copying keystone/common/rbac_enforcer/enforcer.py -> keystone-27.1.1.dev1+passwordpolicy.1/keystone/common/rbac_enforcer
copying keystone/common/rbac_enforcer/policy.py -> keystone-27.1.1.dev1+passwordpolicy.1/keystone/common/rbac_enforcer
copying keystone/common/resource_options/__init__.py -> keystone-27.1.1.dev1+passwordpolicy.1/keystone/common/resource_options
copying keystone/common/resource_options/core.py -> keystone-27.1.1.dev1+passwordpolicy.1/keystone/common/resource_options
copying keystone/common/resource_options/options/__init__.py -> keystone-27.1.1.dev1+passwordpolicy.1/keystone/common/resource_options/options
copying keystone/common/resource_options/options/immutable.py -> keystone-27.1.1.dev1+passwordpolicy.1/keystone/common/resource_options/options
copying keystone/common/sql/__init__.py -> keystone-27.1.1.dev1+passwordpolicy.1/keystone/common/sql
copying keystone/common/sql/alembic.ini -> keystone-27.1.1.dev1+passwordpolicy.1/keystone/common/sql
copying keystone/common/sql/core.py -> keystone-27.1.1.dev1+passwordpolicy.1/keystone/common/sql
copying keystone/common/sql/upgrades.py -> keystone-27.1.1.dev1+passwordpolicy.1/keystone/common/sql
copying keystone/common/sql/migrations/README.rst -> keystone-27.1.1.dev1+passwordpolicy.1/keystone/common/sql/migrations
copying keystone/common/sql/migrations/__init__.py -> keystone-27.1.1.dev1+passwordpolicy.1/keystone/common/sql/migrations
copying keystone/common/sql/migrations/autogen.py -> keystone-27.1.1.dev1+passwordpolicy.1/keystone/common/sql/migrations
copying keystone/common/sql/migrations/env.py -> keystone-27.1.1.dev1+passwordpolicy.1/keystone/common/sql/migrations
copying keystone/common/sql/migrations/manage.py -> keystone-27.1.1.dev1+passwordpolicy.1/keystone/common/sql/migrations
copying keystone/common/sql/migrations/script.py.mako -> keystone-27.1.1.dev1+passwordpolicy.1/keystone/common/sql/migrations
copying keystone/common/sql/migrations/versions/27e647c0fad4_initial_version.py -> keystone-27.1.1.dev1+passwordpolicy.1/keystone/common/sql/migrations/versions
copying keystone/common/sql/migrations/versions/CONTRACT_HEAD -> keystone-27.1.1.dev1+passwordpolicy.1/keystone/common/sql/migrations/versions
copying keystone/common/sql/migrations/versions/EXPAND_HEAD -> keystone-27.1.1.dev1+passwordpolicy.1/keystone/common/sql/migrations/versions
copying keystone/common/sql/migrations/versions/2024.01/expand/47147121_add_identity_federation_attribute_mapping_schema_version.py -> keystone-27.1.1.dev1+passwordpolicy.1/keystone/common/sql/migrations/versions/2024.01/expand
copying keystone/common/sql/migrations/versions/bobcat/contract/99de3849d860_fix_incorrect_constraints.py -> keystone-27.1.1.dev1+passwordpolicy.1/keystone/common/sql/migrations/versions/bobcat/contract
copying keystone/common/sql/migrations/versions/bobcat/contract/c88cdce8f248_remove_duplicate_constraints.py -> keystone-27.1.1.dev1+passwordpolicy.1/keystone/common/sql/migrations/versions/bobcat/contract
copying keystone/common/sql/migrations/versions/bobcat/expand/11c3b243b4cb_remove_service_provider_relay_state_server_default.py -> keystone-27.1.1.dev1+passwordpolicy.1/keystone/common/sql/migrations/versions/bobcat/expand
copying keystone/common/sql/migrations/versions/bobcat/expand/b4f8b3f584e0_fix_incorrect_constraints.py -> keystone-27.1.1.dev1+passwordpolicy.1/keystone/common/sql/migrations/versions/bobcat/expand
copying keystone/common/sql/migrations/versions/yoga/contract/e25ffa003242_initial.py -> keystone-27.1.1.dev1+passwordpolicy.1/keystone/common/sql/migrations/versions/yoga/contract
copying keystone/common/sql/migrations/versions/yoga/expand/29e87d24a316_initial.py -> keystone-27.1.1.dev1+passwordpolicy.1/keystone/common/sql/migrations/versions/yoga/expand
copying keystone/common/validation/__init__.py -> keystone-27.1.1.dev1+passwordpolicy.1/keystone/common/validation
copying keystone/common/validation/parameter_types.py -> keystone-27.1.1.dev1+passwordpolicy.1/keystone/common/validation
copying keystone/common/validation/validators.py -> keystone-27.1.1.dev1+passwordpolicy.1/keystone/common/validation
copying keystone/conf/__init__.py -> keystone-27.1.1.dev1+passwordpolicy.1/keystone/conf
copying keystone/conf/api.py -> keystone-27.1.1.dev1+passwordpolicy.1/keystone/conf
copying keystone/conf/application_credential.py -> keystone-27.1.1.dev1+passwordpolicy.1/keystone/conf
copying keystone/conf/assignment.py -> keystone-27.1.1.dev1+passwordpolicy.1/keystone/conf
copying keystone/conf/auth.py -> keystone-27.1.1.dev1+passwordpolicy.1/keystone/conf
copying keystone/conf/catalog.py -> keystone-27.1.1.dev1+passwordpolicy.1/keystone/conf
copying keystone/conf/constants.py -> keystone-27.1.1.dev1+passwordpolicy.1/keystone/conf
copying keystone/conf/credential.py -> keystone-27.1.1.dev1+passwordpolicy.1/keystone/conf
copying keystone/conf/default.py -> keystone-27.1.1.dev1+passwordpolicy.1/keystone/conf
copying keystone/conf/domain_config.py -> keystone-27.1.1.dev1+passwordpolicy.1/keystone/conf
copying keystone/conf/endpoint_filter.py -> keystone-27.1.1.dev1+passwordpolicy.1/keystone/conf
copying keystone/conf/endpoint_policy.py -> keystone-27.1.1.dev1+passwordpolicy.1/keystone/conf
copying keystone/conf/federation.py -> keystone-27.1.1.dev1+passwordpolicy.1/keystone/conf
copying keystone/conf/fernet_receipts.py -> keystone-27.1.1.dev1+passwordpolicy.1/keystone/conf
copying keystone/conf/fernet_tokens.py -> keystone-27.1.1.dev1+passwordpolicy.1/keystone/conf
copying keystone/conf/identity.py -> keystone-27.1.1.dev1+passwordpolicy.1/keystone/conf
copying keystone/conf/identity_mapping.py -> keystone-27.1.1.dev1+passwordpolicy.1/keystone/conf
copying keystone/conf/jwt_tokens.py -> keystone-27.1.1.dev1+passwordpolicy.1/keystone/conf
copying keystone/conf/ldap.py -> keystone-27.1.1.dev1+passwordpolicy.1/keystone/conf
copying keystone/conf/oauth1.py -> keystone-27.1.1.dev1+passwordpolicy.1/keystone/conf
copying keystone/conf/oauth2.py -> keystone-27.1.1.dev1+passwordpolicy.1/keystone/conf
copying keystone/conf/opts.py -> keystone-27.1.1.dev1+passwordpolicy.1/keystone/conf
copying keystone/conf/policy.py -> keystone-27.1.1.dev1+passwordpolicy.1/keystone/conf
copying keystone/conf/receipt.py -> keystone-27.1.1.dev1+passwordpolicy.1/keystone/conf
copying keystone/conf/resource.py -> keystone-27.1.1.dev1+passwordpolicy.1/keystone/conf
copying keystone/conf/revoke.py -> keystone-27.1.1.dev1+passwordpolicy.1/keystone/conf
copying keystone/conf/role.py -> keystone-27.1.1.dev1+passwordpolicy.1/keystone/conf
copying keystone/conf/saml.py -> keystone-27.1.1.dev1+passwordpolicy.1/keystone/conf
copying keystone/conf/security_compliance.py -> keystone-27.1.1.dev1+passwordpolicy.1/keystone/conf
copying keystone/conf/shadow_users.py -> keystone-27.1.1.dev1+passwordpolicy.1/keystone/conf
copying keystone/conf/token.py -> keystone-27.1.1.dev1+passwordpolicy.1/keystone/conf
copying keystone/conf/tokenless_auth.py -> keystone-27.1.1.dev1+passwordpolicy.1/keystone/conf
copying keystone/conf/totp.py -> keystone-27.1.1.dev1+passwordpolicy.1/keystone/conf
copying keystone/conf/trust.py -> keystone-27.1.1.dev1+passwordpolicy.1/keystone/conf
copying keystone/conf/unified_limit.py -> keystone-27.1.1.dev1+passwordpolicy.1/keystone/conf
copying keystone/conf/utils.py -> keystone-27.1.1.dev1+passwordpolicy.1/keystone/conf
copying keystone/conf/wsgi.py -> keystone-27.1.1.dev1+passwordpolicy.1/keystone/conf
copying keystone/credential/__init__.py -> keystone-27.1.1.dev1+passwordpolicy.1/keystone/credential
copying keystone/credential/core.py -> keystone-27.1.1.dev1+passwordpolicy.1/keystone/credential
copying keystone/credential/provider.py -> keystone-27.1.1.dev1+passwordpolicy.1/keystone/credential
copying keystone/credential/schema.py -> keystone-27.1.1.dev1+passwordpolicy.1/keystone/credential
copying keystone/credential/backends/__init__.py -> keystone-27.1.1.dev1+passwordpolicy.1/keystone/credential/backends
copying keystone/credential/backends/base.py -> keystone-27.1.1.dev1+passwordpolicy.1/keystone/credential/backends
copying keystone/credential/backends/sql.py -> keystone-27.1.1.dev1+passwordpolicy.1/keystone/credential/backends
copying keystone/credential/providers/__init__.py -> keystone-27.1.1.dev1+passwordpolicy.1/keystone/credential/providers
copying keystone/credential/providers/core.py -> keystone-27.1.1.dev1+passwordpolicy.1/keystone/credential/providers
copying keystone/credential/providers/fernet/__init__.py -> keystone-27.1.1.dev1+passwordpolicy.1/keystone/credential/providers/fernet
copying keystone/credential/providers/fernet/core.py -> keystone-27.1.1.dev1+passwordpolicy.1/keystone/credential/providers/fernet
copying keystone/endpoint_policy/__init__.py -> keystone-27.1.1.dev1+passwordpolicy.1/keystone/endpoint_policy
copying keystone/endpoint_policy/core.py -> keystone-27.1.1.dev1+passwordpolicy.1/keystone/endpoint_policy
copying keystone/endpoint_policy/backends/__init__.py -> keystone-27.1.1.dev1+passwordpolicy.1/keystone/endpoint_policy/backends
copying keystone/endpoint_policy/backends/base.py -> keystone-27.1.1.dev1+passwordpolicy.1/keystone/endpoint_policy/backends
copying keystone/endpoint_policy/backends/sql.py -> keystone-27.1.1.dev1+passwordpolicy.1/keystone/endpoint_policy/backends
copying keystone/federation/__init__.py -> keystone-27.1.1.dev1+passwordpolicy.1/keystone/federation
copying keystone/federation/constants.py -> keystone-27.1.1.dev1+passwordpolicy.1/keystone/federation
copying keystone/federation/core.py -> keystone-27.1.1.dev1+passwordpolicy.1/keystone/federation
copying keystone/federation/idp.py -> keystone-27.1.1.dev1+passwordpolicy.1/keystone/federation
copying keystone/federation/schema.py -> keystone-27.1.1.dev1+passwordpolicy.1/keystone/federation
copying keystone/federation/utils.py -> keystone-27.1.1.dev1+passwordpolicy.1/keystone/federation
copying keystone/federation/backends/__init__.py -> keystone-27.1.1.dev1+passwordpolicy.1/keystone/federation/backends
copying keystone/federation/backends/base.py -> keystone-27.1.1.dev1+passwordpolicy.1/keystone/federation/backends
copying keystone/federation/backends/sql.py -> keystone-27.1.1.dev1+passwordpolicy.1/keystone/federation/backends
copying keystone/identity/__init__.py -> keystone-27.1.1.dev1+passwordpolicy.1/keystone/identity
copying keystone/identity/core.py -> keystone-27.1.1.dev1+passwordpolicy.1/keystone/identity
copying keystone/identity/generator.py -> keystone-27.1.1.dev1+passwordpolicy.1/keystone/identity
copying keystone/identity/schema.py -> keystone-27.1.1.dev1+passwordpolicy.1/keystone/identity
copying keystone/identity/backends/__init__.py -> keystone-27.1.1.dev1+passwordpolicy.1/keystone/identity/backends
copying keystone/identity/backends/base.py -> keystone-27.1.1.dev1+passwordpolicy.1/keystone/identity/backends
copying keystone/identity/backends/resource_options.py -> keystone-27.1.1.dev1+passwordpolicy.1/keystone/identity/backends
copying keystone/identity/backends/sql.py -> keystone-27.1.1.dev1+passwordpolicy.1/keystone/identity/backends
copying keystone/identity/backends/sql_model.py -> keystone-27.1.1.dev1+passwordpolicy.1/keystone/identity/backends
copying keystone/identity/backends/ldap/__init__.py -> keystone-27.1.1.dev1+passwordpolicy.1/keystone/identity/backends/ldap
copying keystone/identity/backends/ldap/common.py -> keystone-27.1.1.dev1+passwordpolicy.1/keystone/identity/backends/ldap
copying keystone/identity/backends/ldap/core.py -> keystone-27.1.1.dev1+passwordpolicy.1/keystone/identity/backends/ldap
copying keystone/identity/backends/ldap/models.py -> keystone-27.1.1.dev1+passwordpolicy.1/keystone/identity/backends/ldap
copying keystone/identity/id_generators/__init__.py -> keystone-27.1.1.dev1+passwordpolicy.1/keystone/identity/id_generators
copying keystone/identity/id_generators/sha256.py -> keystone-27.1.1.dev1+passwordpolicy.1/keystone/identity/id_generators
copying keystone/identity/mapping_backends/__init__.py -> keystone-27.1.1.dev1+passwordpolicy.1/keystone/identity/mapping_backends
copying keystone/identity/mapping_backends/base.py -> keystone-27.1.1.dev1+passwordpolicy.1/keystone/identity/mapping_backends
copying keystone/identity/mapping_backends/mapping.py -> keystone-27.1.1.dev1+passwordpolicy.1/keystone/identity/mapping_backends
copying keystone/identity/mapping_backends/sql.py -> keystone-27.1.1.dev1+passwordpolicy.1/keystone/identity/mapping_backends
copying keystone/identity/shadow_backends/__init__.py -> keystone-27.1.1.dev1+passwordpolicy.1/keystone/identity/shadow_backends
copying keystone/identity/shadow_backends/base.py -> keystone-27.1.1.dev1+passwordpolicy.1/keystone/identity/shadow_backends
copying keystone/identity/shadow_backends/sql.py -> keystone-27.1.1.dev1+passwordpolicy.1/keystone/identity/shadow_backends
copying keystone/limit/__init__.py -> keystone-27.1.1.dev1+passwordpolicy.1/keystone/limit
copying keystone/limit/core.py -> keystone-27.1.1.dev1+passwordpolicy.1/keystone/limit
copying keystone/limit/schema.py -> keystone-27.1.1.dev1+passwordpolicy.1/keystone/limit
copying keystone/limit/backends/__init__.py -> keystone-27.1.1.dev1+passwordpolicy.1/keystone/limit/backends
copying keystone/limit/backends/base.py -> keystone-27.1.1.dev1+passwordpolicy.1/keystone/limit/backends
copying keystone/limit/backends/sql.py -> keystone-27.1.1.dev1+passwordpolicy.1/keystone/limit/backends
copying keystone/limit/models/__init__.py -> keystone-27.1.1.dev1+passwordpolicy.1/keystone/limit/models
copying keystone/limit/models/base.py -> keystone-27.1.1.dev1+passwordpolicy.1/keystone/limit/models
copying keystone/limit/models/flat.py -> keystone-27.1.1.dev1+passwordpolicy.1/keystone/limit/models
copying keystone/limit/models/strict_two_level.py -> keystone-27.1.1.dev1+passwordpolicy.1/keystone/limit/models
copying keystone/locale/de/LC_MESSAGES/keystone.po -> keystone-27.1.1.dev1+passwordpolicy.1/keystone/locale/de/LC_MESSAGES
copying keystone/locale/en_GB/LC_MESSAGES/keystone.po -> keystone-27.1.1.dev1+passwordpolicy.1/keystone/locale/en_GB/LC_MESSAGES
copying keystone/locale/es/LC_MESSAGES/keystone.po -> keystone-27.1.1.dev1+passwordpolicy.1/keystone/locale/es/LC_MESSAGES
copying keystone/locale/fr/LC_MESSAGES/keystone.po -> keystone-27.1.1.dev1+passwordpolicy.1/keystone/locale/fr/LC_MESSAGES
copying keystone/locale/it/LC_MESSAGES/keystone.po -> keystone-27.1.1.dev1+passwordpolicy.1/keystone/locale/it/LC_MESSAGES
copying keystone/locale/ja/LC_MESSAGES/keystone.po -> keystone-27.1.1.dev1+passwordpolicy.1/keystone/locale/ja/LC_MESSAGES
copying keystone/locale/ko_KR/LC_MESSAGES/keystone.po -> keystone-27.1.1.dev1+passwordpolicy.1/keystone/locale/ko_KR/LC_MESSAGES
copying keystone/locale/pt_BR/LC_MESSAGES/keystone.po -> keystone-27.1.1.dev1+passwordpolicy.1/keystone/locale/pt_BR/LC_MESSAGES
copying keystone/locale/ru/LC_MESSAGES/keystone.po -> keystone-27.1.1.dev1+passwordpolicy.1/keystone/locale/ru/LC_MESSAGES
copying keystone/locale/zh_CN/LC_MESSAGES/keystone.po -> keystone-27.1.1.dev1+passwordpolicy.1/keystone/locale/zh_CN/LC_MESSAGES
copying keystone/locale/zh_TW/LC_MESSAGES/keystone.po -> keystone-27.1.1.dev1+passwordpolicy.1/keystone/locale/zh_TW/LC_MESSAGES
copying keystone/models/__init__.py -> keystone-27.1.1.dev1+passwordpolicy.1/keystone/models
copying keystone/models/receipt_model.py -> keystone-27.1.1.dev1+passwordpolicy.1/keystone/models
copying keystone/models/revoke_model.py -> keystone-27.1.1.dev1+passwordpolicy.1/keystone/models
copying keystone/models/token_model.py -> keystone-27.1.1.dev1+passwordpolicy.1/keystone/models
copying keystone/oauth1/__init__.py -> keystone-27.1.1.dev1+passwordpolicy.1/keystone/oauth1
copying keystone/oauth1/core.py -> keystone-27.1.1.dev1+passwordpolicy.1/keystone/oauth1
copying keystone/oauth1/schema.py -> keystone-27.1.1.dev1+passwordpolicy.1/keystone/oauth1
copying keystone/oauth1/validator.py -> keystone-27.1.1.dev1+passwordpolicy.1/keystone/oauth1
copying keystone/oauth1/backends/__init__.py -> keystone-27.1.1.dev1+passwordpolicy.1/keystone/oauth1/backends
copying keystone/oauth1/backends/base.py -> keystone-27.1.1.dev1+passwordpolicy.1/keystone/oauth1/backends
copying keystone/oauth1/backends/sql.py -> keystone-27.1.1.dev1+passwordpolicy.1/keystone/oauth1/backends
copying keystone/oauth2/__init__.py -> keystone-27.1.1.dev1+passwordpolicy.1/keystone/oauth2
copying keystone/oauth2/handlers.py -> keystone-27.1.1.dev1+passwordpolicy.1/keystone/oauth2
copying keystone/policy/__init__.py -> keystone-27.1.1.dev1+passwordpolicy.1/keystone/policy
copying keystone/policy/core.py -> keystone-27.1.1.dev1+passwordpolicy.1/keystone/policy
copying keystone/policy/schema.py -> keystone-27.1.1.dev1+passwordpolicy.1/keystone/policy
copying keystone/policy/backends/__init__.py -> keystone-27.1.1.dev1+passwordpolicy.1/keystone/policy/backends
copying keystone/policy/backends/base.py -> keystone-27.1.1.dev1+passwordpolicy.1/keystone/policy/backends
copying keystone/policy/backends/rules.py -> keystone-27.1.1.dev1+passwordpolicy.1/keystone/policy/backends
copying keystone/policy/backends/sql.py -> keystone-27.1.1.dev1+passwordpolicy.1/keystone/policy/backends
copying keystone/receipt/__init__.py -> keystone-27.1.1.dev1+passwordpolicy.1/keystone/receipt
copying keystone/receipt/handlers.py -> keystone-27.1.1.dev1+passwordpolicy.1/keystone/receipt
copying keystone/receipt/provider.py -> keystone-27.1.1.dev1+passwordpolicy.1/keystone/receipt
copying keystone/receipt/receipt_formatters.py -> keystone-27.1.1.dev1+passwordpolicy.1/keystone/receipt
copying keystone/receipt/providers/__init__.py -> keystone-27.1.1.dev1+passwordpolicy.1/keystone/receipt/providers
copying keystone/receipt/providers/base.py -> keystone-27.1.1.dev1+passwordpolicy.1/keystone/receipt/providers
copying keystone/receipt/providers/fernet/__init__.py -> keystone-27.1.1.dev1+passwordpolicy.1/keystone/receipt/providers/fernet
copying keystone/receipt/providers/fernet/core.py -> keystone-27.1.1.dev1+passwordpolicy.1/keystone/receipt/providers/fernet
copying keystone/resource/__init__.py -> keystone-27.1.1.dev1+passwordpolicy.1/keystone/resource
copying keystone/resource/core.py -> keystone-27.1.1.dev1+passwordpolicy.1/keystone/resource
copying keystone/resource/schema.py -> keystone-27.1.1.dev1+passwordpolicy.1/keystone/resource
copying keystone/resource/backends/__init__.py -> keystone-27.1.1.dev1+passwordpolicy.1/keystone/resource/backends
copying keystone/resource/backends/base.py -> keystone-27.1.1.dev1+passwordpolicy.1/keystone/resource/backends
copying keystone/resource/backends/resource_options.py -> keystone-27.1.1.dev1+passwordpolicy.1/keystone/resource/backends
copying keystone/resource/backends/sql.py -> keystone-27.1.1.dev1+passwordpolicy.1/keystone/resource/backends
copying keystone/resource/backends/sql_model.py -> keystone-27.1.1.dev1+passwordpolicy.1/keystone/resource/backends
copying keystone/resource/config_backends/__init__.py -> keystone-27.1.1.dev1+passwordpolicy.1/keystone/resource/config_backends
copying keystone/resource/config_backends/base.py -> keystone-27.1.1.dev1+passwordpolicy.1/keystone/resource/config_backends
copying keystone/resource/config_backends/sql.py -> keystone-27.1.1.dev1+passwordpolicy.1/keystone/resource/config_backends
copying keystone/revoke/__init__.py -> keystone-27.1.1.dev1+passwordpolicy.1/keystone/revoke
copying keystone/revoke/core.py -> keystone-27.1.1.dev1+passwordpolicy.1/keystone/revoke
copying keystone/revoke/model.py -> keystone-27.1.1.dev1+passwordpolicy.1/keystone/revoke
copying keystone/revoke/backends/__init__.py -> keystone-27.1.1.dev1+passwordpolicy.1/keystone/revoke/backends
copying keystone/revoke/backends/base.py -> keystone-27.1.1.dev1+passwordpolicy.1/keystone/revoke/backends
copying keystone/revoke/backends/sql.py -> keystone-27.1.1.dev1+passwordpolicy.1/keystone/revoke/backends
copying keystone/server/__init__.py -> keystone-27.1.1.dev1+passwordpolicy.1/keystone/server
copying keystone/server/backends.py -> keystone-27.1.1.dev1+passwordpolicy.1/keystone/server
copying keystone/server/wsgi.py -> keystone-27.1.1.dev1+passwordpolicy.1/keystone/server
copying keystone/server/flask/__init__.py -> keystone-27.1.1.dev1+passwordpolicy.1/keystone/server/flask
copying keystone/server/flask/application.py -> keystone-27.1.1.dev1+passwordpolicy.1/keystone/server/flask
copying keystone/server/flask/common.py -> keystone-27.1.1.dev1+passwordpolicy.1/keystone/server/flask
copying keystone/server/flask/core.py -> keystone-27.1.1.dev1+passwordpolicy.1/keystone/server/flask
copying keystone/server/flask/request_processing/__init__.py -> keystone-27.1.1.dev1+passwordpolicy.1/keystone/server/flask/request_processing
copying keystone/server/flask/request_processing/json_body.py -> keystone-27.1.1.dev1+passwordpolicy.1/keystone/server/flask/request_processing
copying keystone/server/flask/request_processing/req_logging.py -> keystone-27.1.1.dev1+passwordpolicy.1/keystone/server/flask/request_processing
copying keystone/server/flask/request_processing/middleware/__init__.py -> keystone-27.1.1.dev1+passwordpolicy.1/keystone/server/flask/request_processing/middleware
copying keystone/server/flask/request_processing/middleware/auth_context.py -> keystone-27.1.1.dev1+passwordpolicy.1/keystone/server/flask/request_processing/middleware
copying keystone/server/flask/request_processing/middleware/url_normalize.py -> keystone-27.1.1.dev1+passwordpolicy.1/keystone/server/flask/request_processing/middleware
copying keystone/tests/__init__.py -> keystone-27.1.1.dev1+passwordpolicy.1/keystone/tests
copying keystone/tests/common/__init__.py -> keystone-27.1.1.dev1+passwordpolicy.1/keystone/tests/common
copying keystone/tests/common/auth.py -> keystone-27.1.1.dev1+passwordpolicy.1/keystone/tests/common
copying keystone/tests/functional/__init__.py -> keystone-27.1.1.dev1+passwordpolicy.1/keystone/tests/functional
copying keystone/tests/functional/core.py -> keystone-27.1.1.dev1+passwordpolicy.1/keystone/tests/functional
copying keystone/tests/functional/shared/__init__.py -> keystone-27.1.1.dev1+passwordpolicy.1/keystone/tests/functional/shared
copying keystone/tests/functional/shared/test_running.py -> keystone-27.1.1.dev1+passwordpolicy.1/keystone/tests/functional/shared
copying keystone/tests/hacking/__init__.py -> keystone-27.1.1.dev1+passwordpolicy.1/keystone/tests/hacking
copying keystone/tests/hacking/checks.py -> keystone-27.1.1.dev1+passwordpolicy.1/keystone/tests/hacking
copying keystone/tests/protection/__init__.py -> keystone-27.1.1.dev1+passwordpolicy.1/keystone/tests/protection
copying keystone/tests/protection/v3/__init__.py -> keystone-27.1.1.dev1+passwordpolicy.1/keystone/tests/protection/v3
copying keystone/tests/protection/v3/test_access_rules.py -> keystone-27.1.1.dev1+passwordpolicy.1/keystone/tests/protection/v3
copying keystone/tests/protection/v3/test_application_credential.py -> keystone-27.1.1.dev1+passwordpolicy.1/keystone/tests/protection/v3
copying keystone/tests/protection/v3/test_assignment.py -> keystone-27.1.1.dev1+passwordpolicy.1/keystone/tests/protection/v3
copying keystone/tests/protection/v3/test_consumer.py -> keystone-27.1.1.dev1+passwordpolicy.1/keystone/tests/protection/v3
copying keystone/tests/protection/v3/test_credentials.py -> keystone-27.1.1.dev1+passwordpolicy.1/keystone/tests/protection/v3
copying keystone/tests/protection/v3/test_domain_config.py -> keystone-27.1.1.dev1+passwordpolicy.1/keystone/tests/protection/v3
copying keystone/tests/protection/v3/test_domain_roles.py -> keystone-27.1.1.dev1+passwordpolicy.1/keystone/tests/protection/v3
copying keystone/tests/protection/v3/test_domains.py -> keystone-27.1.1.dev1+passwordpolicy.1/keystone/tests/protection/v3
copying keystone/tests/protection/v3/test_ec2_credential.py -> keystone-27.1.1.dev1+passwordpolicy.1/keystone/tests/protection/v3
copying keystone/tests/protection/v3/test_endpoint_group.py -> keystone-27.1.1.dev1+passwordpolicy.1/keystone/tests/protection/v3
copying keystone/tests/protection/v3/test_endpoints.py -> keystone-27.1.1.dev1+passwordpolicy.1/keystone/tests/protection/v3
copying keystone/tests/protection/v3/test_grants.py -> keystone-27.1.1.dev1+passwordpolicy.1/keystone/tests/protection/v3
copying keystone/tests/protection/v3/test_groups.py -> keystone-27.1.1.dev1+passwordpolicy.1/keystone/tests/protection/v3
copying keystone/tests/protection/v3/test_identity_providers.py -> keystone-27.1.1.dev1+passwordpolicy.1/keystone/tests/protection/v3
copying keystone/tests/protection/v3/test_implied_roles.py -> keystone-27.1.1.dev1+passwordpolicy.1/keystone/tests/protection/v3
copying keystone/tests/protection/v3/test_limits.py -> keystone-27.1.1.dev1+passwordpolicy.1/keystone/tests/protection/v3
copying keystone/tests/protection/v3/test_mappings.py -> keystone-27.1.1.dev1+passwordpolicy.1/keystone/tests/protection/v3
copying keystone/tests/protection/v3/test_policy.py -> keystone-27.1.1.dev1+passwordpolicy.1/keystone/tests/protection/v3
copying keystone/tests/protection/v3/test_policy_association.py -> keystone-27.1.1.dev1+passwordpolicy.1/keystone/tests/protection/v3
copying keystone/tests/protection/v3/test_project_endpoint.py -> keystone-27.1.1.dev1+passwordpolicy.1/keystone/tests/protection/v3
copying keystone/tests/protection/v3/test_project_tags.py -> keystone-27.1.1.dev1+passwordpolicy.1/keystone/tests/protection/v3
copying keystone/tests/protection/v3/test_projects.py -> keystone-27.1.1.dev1+passwordpolicy.1/keystone/tests/protection/v3
copying keystone/tests/protection/v3/test_protocols.py -> keystone-27.1.1.dev1+passwordpolicy.1/keystone/tests/protection/v3
copying keystone/tests/protection/v3/test_regions.py -> keystone-27.1.1.dev1+passwordpolicy.1/keystone/tests/protection/v3
copying keystone/tests/protection/v3/test_registered_limits.py -> keystone-27.1.1.dev1+passwordpolicy.1/keystone/tests/protection/v3
copying keystone/tests/protection/v3/test_roles.py -> keystone-27.1.1.dev1+passwordpolicy.1/keystone/tests/protection/v3
copying keystone/tests/protection/v3/test_service_providers.py -> keystone-27.1.1.dev1+passwordpolicy.1/keystone/tests/protection/v3
copying keystone/tests/protection/v3/test_services.py -> keystone-27.1.1.dev1+passwordpolicy.1/keystone/tests/protection/v3
copying keystone/tests/protection/v3/test_system_assignments.py -> keystone-27.1.1.dev1+passwordpolicy.1/keystone/tests/protection/v3
copying keystone/tests/protection/v3/test_tokens.py -> keystone-27.1.1.dev1+passwordpolicy.1/keystone/tests/protection/v3
copying keystone/tests/protection/v3/test_trusts.py -> keystone-27.1.1.dev1+passwordpolicy.1/keystone/tests/protection/v3
copying keystone/tests/protection/v3/test_users.py -> keystone-27.1.1.dev1+passwordpolicy.1/keystone/tests/protection/v3
copying keystone/tests/unit/__init__.py -> keystone-27.1.1.dev1+passwordpolicy.1/keystone/tests/unit
copying keystone/tests/unit/base_classes.py -> keystone-27.1.1.dev1+passwordpolicy.1/keystone/tests/unit
copying keystone/tests/unit/core.py -> keystone-27.1.1.dev1+passwordpolicy.1/keystone/tests/unit
copying keystone/tests/unit/default_fixtures.py -> keystone-27.1.1.dev1+passwordpolicy.1/keystone/tests/unit
copying keystone/tests/unit/fakeldap.py -> keystone-27.1.1.dev1+passwordpolicy.1/keystone/tests/unit
copying keystone/tests/unit/federation_fixtures.py -> keystone-27.1.1.dev1+passwordpolicy.1/keystone/tests/unit
copying keystone/tests/unit/filtering.py -> keystone-27.1.1.dev1+passwordpolicy.1/keystone/tests/unit
copying keystone/tests/unit/identity_mapping.py -> keystone-27.1.1.dev1+passwordpolicy.1/keystone/tests/unit
copying keystone/tests/unit/mapping_fixtures.py -> keystone-27.1.1.dev1+passwordpolicy.1/keystone/tests/unit
copying keystone/tests/unit/rest.py -> keystone-27.1.1.dev1+passwordpolicy.1/keystone/tests/unit
copying keystone/tests/unit/test_app_config.py -> keystone-27.1.1.dev1+passwordpolicy.1/keystone/tests/unit
copying keystone/tests/unit/test_associate_project_endpoint_extension.py -> keystone-27.1.1.dev1+passwordpolicy.1/keystone/tests/unit
copying keystone/tests/unit/test_auth_plugin.py -> keystone-27.1.1.dev1+passwordpolicy.1/keystone/tests/unit
copying keystone/tests/unit/test_backend_endpoint_policy.py -> keystone-27.1.1.dev1+passwordpolicy.1/keystone/tests/unit
copying keystone/tests/unit/test_backend_endpoint_policy_sql.py -> keystone-27.1.1.dev1+passwordpolicy.1/keystone/tests/unit
copying keystone/tests/unit/test_backend_federation_sql.py -> keystone-27.1.1.dev1+passwordpolicy.1/keystone/tests/unit
copying keystone/tests/unit/test_backend_id_mapping_sql.py -> keystone-27.1.1.dev1+passwordpolicy.1/keystone/tests/unit
copying keystone/tests/unit/test_backend_ldap.py -> keystone-27.1.1.dev1+passwordpolicy.1/keystone/tests/unit
copying keystone/tests/unit/test_backend_ldap_pool.py -> keystone-27.1.1.dev1+passwordpolicy.1/keystone/tests/unit
copying keystone/tests/unit/test_backend_rules.py -> keystone-27.1.1.dev1+passwordpolicy.1/keystone/tests/unit
copying keystone/tests/unit/test_backend_sql.py -> keystone-27.1.1.dev1+passwordpolicy.1/keystone/tests/unit
copying keystone/tests/unit/test_cli.py -> keystone-27.1.1.dev1+passwordpolicy.1/keystone/tests/unit
copying keystone/tests/unit/test_config.py -> keystone-27.1.1.dev1+passwordpolicy.1/keystone/tests/unit
copying keystone/tests/unit/test_contrib_ec2_core.py -> keystone-27.1.1.dev1+passwordpolicy.1/keystone/tests/unit
copying keystone/tests/unit/test_contrib_s3_core.py -> keystone-27.1.1.dev1+passwordpolicy.1/keystone/tests/unit
copying keystone/tests/unit/test_contrib_simple_cert.py -> keystone-27.1.1.dev1+passwordpolicy.1/keystone/tests/unit
copying keystone/tests/unit/test_driver_hints.py -> keystone-27.1.1.dev1+passwordpolicy.1/keystone/tests/unit
copying keystone/tests/unit/test_entry_points.py -> keystone-27.1.1.dev1+passwordpolicy.1/keystone/tests/unit
copying keystone/tests/unit/test_exception.py -> keystone-27.1.1.dev1+passwordpolicy.1/keystone/tests/unit
copying keystone/tests/unit/test_hacking_checks.py -> keystone-27.1.1.dev1+passwordpolicy.1/keystone/tests/unit
copying keystone/tests/unit/test_healthcheck.py -> keystone-27.1.1.dev1+passwordpolicy.1/keystone/tests/unit
copying keystone/tests/unit/test_ldap_livetest.py -> keystone-27.1.1.dev1+passwordpolicy.1/keystone/tests/unit
copying keystone/tests/unit/test_ldap_pool_livetest.py -> keystone-27.1.1.dev1+passwordpolicy.1/keystone/tests/unit
copying keystone/tests/unit/test_ldap_tls_livetest.py -> keystone-27.1.1.dev1+passwordpolicy.1/keystone/tests/unit
copying keystone/tests/unit/test_limits.py -> keystone-27.1.1.dev1+passwordpolicy.1/keystone/tests/unit
copying keystone/tests/unit/test_middleware.py -> keystone-27.1.1.dev1+passwordpolicy.1/keystone/tests/unit
copying keystone/tests/unit/test_password_policy_exemption.py -> keystone-27.1.1.dev1+passwordpolicy.1/keystone/tests/unit
copying keystone/tests/unit/test_policy.py -> keystone-27.1.1.dev1+passwordpolicy.1/keystone/tests/unit
copying keystone/tests/unit/test_receipt_provider.py -> keystone-27.1.1.dev1+passwordpolicy.1/keystone/tests/unit
copying keystone/tests/unit/test_revoke.py -> keystone-27.1.1.dev1+passwordpolicy.1/keystone/tests/unit
copying keystone/tests/unit/test_shadow_users.py -> keystone-27.1.1.dev1+passwordpolicy.1/keystone/tests/unit
copying keystone/tests/unit/test_sql_banned_operations.py -> keystone-27.1.1.dev1+passwordpolicy.1/keystone/tests/unit
copying keystone/tests/unit/test_sql_upgrade.py -> keystone-27.1.1.dev1+passwordpolicy.1/keystone/tests/unit
copying keystone/tests/unit/test_token_provider.py -> keystone-27.1.1.dev1+passwordpolicy.1/keystone/tests/unit
copying keystone/tests/unit/test_url_middleware.py -> keystone-27.1.1.dev1+passwordpolicy.1/keystone/tests/unit
copying keystone/tests/unit/test_v3.py -> keystone-27.1.1.dev1+passwordpolicy.1/keystone/tests/unit
copying keystone/tests/unit/test_v3_application_credential.py -> keystone-27.1.1.dev1+passwordpolicy.1/keystone/tests/unit
copying keystone/tests/unit/test_v3_assignment.py -> keystone-27.1.1.dev1+passwordpolicy.1/keystone/tests/unit
copying keystone/tests/unit/test_v3_auth.py -> keystone-27.1.1.dev1+passwordpolicy.1/keystone/tests/unit
copying keystone/tests/unit/test_v3_catalog.py -> keystone-27.1.1.dev1+passwordpolicy.1/keystone/tests/unit
copying keystone/tests/unit/test_v3_credential.py -> keystone-27.1.1.dev1+passwordpolicy.1/keystone/tests/unit
copying keystone/tests/unit/test_v3_domain_config.py -> keystone-27.1.1.dev1+passwordpolicy.1/keystone/tests/unit
copying keystone/tests/unit/test_v3_endpoint_policy.py -> keystone-27.1.1.dev1+passwordpolicy.1/keystone/tests/unit
copying keystone/tests/unit/test_v3_federation.py -> keystone-27.1.1.dev1+passwordpolicy.1/keystone/tests/unit
copying keystone/tests/unit/test_v3_filters.py -> keystone-27.1.1.dev1+passwordpolicy.1/keystone/tests/unit
copying keystone/tests/unit/test_v3_identity.py -> keystone-27.1.1.dev1+passwordpolicy.1/keystone/tests/unit
copying keystone/tests/unit/test_v3_oauth1.py -> keystone-27.1.1.dev1+passwordpolicy.1/keystone/tests/unit
copying keystone/tests/unit/test_v3_oauth2.py -> keystone-27.1.1.dev1+passwordpolicy.1/keystone/tests/unit
copying keystone/tests/unit/test_v3_os_revoke.py -> keystone-27.1.1.dev1+passwordpolicy.1/keystone/tests/unit
copying keystone/tests/unit/test_v3_policy.py -> keystone-27.1.1.dev1+passwordpolicy.1/keystone/tests/unit
copying keystone/tests/unit/test_v3_resource.py -> keystone-27.1.1.dev1+passwordpolicy.1/keystone/tests/unit
copying keystone/tests/unit/test_v3_trust.py -> keystone-27.1.1.dev1+passwordpolicy.1/keystone/tests/unit
copying keystone/tests/unit/test_validation.py -> keystone-27.1.1.dev1+passwordpolicy.1/keystone/tests/unit
copying keystone/tests/unit/test_versions.py -> keystone-27.1.1.dev1+passwordpolicy.1/keystone/tests/unit
copying keystone/tests/unit/utils.py -> keystone-27.1.1.dev1+passwordpolicy.1/keystone/tests/unit
copying keystone/tests/unit/application_credential/__init__.py -> keystone-27.1.1.dev1+passwordpolicy.1/keystone/tests/unit/application_credential
copying keystone/tests/unit/application_credential/test_backends.py -> keystone-27.1.1.dev1+passwordpolicy.1/keystone/tests/unit/application_credential
copying keystone/tests/unit/application_credential/backends/__init__.py -> keystone-27.1.1.dev1+passwordpolicy.1/keystone/tests/unit/application_credential/backends
copying keystone/tests/unit/application_credential/backends/test_sql.py -> keystone-27.1.1.dev1+passwordpolicy.1/keystone/tests/unit/application_credential/backends
copying keystone/tests/unit/assignment/__init__.py -> keystone-27.1.1.dev1+passwordpolicy.1/keystone/tests/unit/assignment
copying keystone/tests/unit/assignment/test_backends.py -> keystone-27.1.1.dev1+passwordpolicy.1/keystone/tests/unit/assignment
copying keystone/tests/unit/assignment/test_core.py -> keystone-27.1.1.dev1+passwordpolicy.1/keystone/tests/unit/assignment
copying keystone/tests/unit/assignment/role_backends/__init__.py -> keystone-27.1.1.dev1+passwordpolicy.1/keystone/tests/unit/assignment/role_backends
copying keystone/tests/unit/assignment/role_backends/test_sql.py -> keystone-27.1.1.dev1+passwordpolicy.1/keystone/tests/unit/assignment/role_backends
copying keystone/tests/unit/auth/__init__.py -> keystone-27.1.1.dev1+passwordpolicy.1/keystone/tests/unit/auth
copying keystone/tests/unit/auth/test_controllers.py -> keystone-27.1.1.dev1+passwordpolicy.1/keystone/tests/unit/auth
copying keystone/tests/unit/auth/test_schema.py -> keystone-27.1.1.dev1+passwordpolicy.1/keystone/tests/unit/auth
copying keystone/tests/unit/auth/plugins/__init__.py -> keystone-27.1.1.dev1+passwordpolicy.1/keystone/tests/unit/auth/plugins
copying keystone/tests/unit/auth/plugins/test_core.py -> keystone-27.1.1.dev1+passwordpolicy.1/keystone/tests/unit/auth/plugins
copying keystone/tests/unit/auth/plugins/test_mapped.py -> keystone-27.1.1.dev1+passwordpolicy.1/keystone/tests/unit/auth/plugins
copying keystone/tests/unit/backend/__init__.py -> keystone-27.1.1.dev1+passwordpolicy.1/keystone/tests/unit/backend
copying keystone/tests/unit/backend/core_ldap.py -> keystone-27.1.1.dev1+passwordpolicy.1/keystone/tests/unit/backend
copying keystone/tests/unit/backend/core_sql.py -> keystone-27.1.1.dev1+passwordpolicy.1/keystone/tests/unit/backend
copying keystone/tests/unit/catalog/__init__.py -> keystone-27.1.1.dev1+passwordpolicy.1/keystone/tests/unit/catalog
copying keystone/tests/unit/catalog/test_backends.py -> keystone-27.1.1.dev1+passwordpolicy.1/keystone/tests/unit/catalog
copying keystone/tests/unit/catalog/test_core.py -> keystone-27.1.1.dev1+passwordpolicy.1/keystone/tests/unit/catalog
copying keystone/tests/unit/common/__init__.py -> keystone-27.1.1.dev1+passwordpolicy.1/keystone/tests/unit/common
copying keystone/tests/unit/common/test_cache.py -> keystone-27.1.1.dev1+passwordpolicy.1/keystone/tests/unit/common
copying keystone/tests/unit/common/test_database_conflicts.py -> keystone-27.1.1.dev1+passwordpolicy.1/keystone/tests/unit/common
copying keystone/tests/unit/common/test_json_home.py -> keystone-27.1.1.dev1+passwordpolicy.1/keystone/tests/unit/common
copying keystone/tests/unit/common/test_notifications.py -> keystone-27.1.1.dev1+passwordpolicy.1/keystone/tests/unit/common
copying keystone/tests/unit/common/test_password_hashing.py -> keystone-27.1.1.dev1+passwordpolicy.1/keystone/tests/unit/common
copying keystone/tests/unit/common/test_provider_api.py -> keystone-27.1.1.dev1+passwordpolicy.1/keystone/tests/unit/common
copying keystone/tests/unit/common/test_rbac_enforcer.py -> keystone-27.1.1.dev1+passwordpolicy.1/keystone/tests/unit/common
copying keystone/tests/unit/common/test_resource_options_common.py -> keystone-27.1.1.dev1+passwordpolicy.1/keystone/tests/unit/common
copying keystone/tests/unit/common/test_sql_core.py -> keystone-27.1.1.dev1+passwordpolicy.1/keystone/tests/unit/common
copying keystone/tests/unit/common/test_utils.py -> keystone-27.1.1.dev1+passwordpolicy.1/keystone/tests/unit/common
copying keystone/tests/unit/common/sql/__init__.py -> keystone-27.1.1.dev1+passwordpolicy.1/keystone/tests/unit/common/sql
copying keystone/tests/unit/common/sql/test_upgrades.py -> keystone-27.1.1.dev1+passwordpolicy.1/keystone/tests/unit/common/sql
copying keystone/tests/unit/config_files/backend_ldap.conf -> keystone-27.1.1.dev1+passwordpolicy.1/keystone/tests/unit/config_files
copying keystone/tests/unit/config_files/backend_ldap_pool.conf -> keystone-27.1.1.dev1+passwordpolicy.1/keystone/tests/unit/config_files
copying keystone/tests/unit/config_files/backend_ldap_sql.conf -> keystone-27.1.1.dev1+passwordpolicy.1/keystone/tests/unit/config_files
copying keystone/tests/unit/config_files/backend_liveldap.conf -> keystone-27.1.1.dev1+passwordpolicy.1/keystone/tests/unit/config_files
copying keystone/tests/unit/config_files/backend_multi_ldap_sql.conf -> keystone-27.1.1.dev1+passwordpolicy.1/keystone/tests/unit/config_files
copying keystone/tests/unit/config_files/backend_pool_liveldap.conf -> keystone-27.1.1.dev1+passwordpolicy.1/keystone/tests/unit/config_files
copying keystone/tests/unit/config_files/backend_sql.conf -> keystone-27.1.1.dev1+passwordpolicy.1/keystone/tests/unit/config_files
copying keystone/tests/unit/config_files/backend_tls_liveldap.conf -> keystone-27.1.1.dev1+passwordpolicy.1/keystone/tests/unit/config_files
copying keystone/tests/unit/config_files/test_auth_plugin.conf -> keystone-27.1.1.dev1+passwordpolicy.1/keystone/tests/unit/config_files
copying keystone/tests/unit/config_files/domain_configs_default_ldap_one_sql/keystone.domain1.conf -> keystone-27.1.1.dev1+passwordpolicy.1/keystone/tests/unit/config_files/domain_configs_default_ldap_one_sql
copying keystone/tests/unit/config_files/domain_configs_multi_ldap/keystone.Default.conf -> keystone-27.1.1.dev1+passwordpolicy.1/keystone/tests/unit/config_files/domain_configs_multi_ldap
copying keystone/tests/unit/config_files/domain_configs_multi_ldap/keystone.domain1.conf -> keystone-27.1.1.dev1+passwordpolicy.1/keystone/tests/unit/config_files/domain_configs_multi_ldap
copying keystone/tests/unit/config_files/domain_configs_multi_ldap/keystone.domain2.conf -> keystone-27.1.1.dev1+passwordpolicy.1/keystone/tests/unit/config_files/domain_configs_multi_ldap
copying keystone/tests/unit/config_files/domain_configs_one_extra_sql/keystone.domain2.conf -> keystone-27.1.1.dev1+passwordpolicy.1/keystone/tests/unit/config_files/domain_configs_one_extra_sql
copying keystone/tests/unit/config_files/domain_configs_one_sql_one_ldap/keystone.Default.conf -> keystone-27.1.1.dev1+passwordpolicy.1/keystone/tests/unit/config_files/domain_configs_one_sql_one_ldap
copying keystone/tests/unit/config_files/domain_configs_one_sql_one_ldap/keystone.domain1.conf -> keystone-27.1.1.dev1+passwordpolicy.1/keystone/tests/unit/config_files/domain_configs_one_sql_one_ldap
copying keystone/tests/unit/contrib/__init__.py -> keystone-27.1.1.dev1+passwordpolicy.1/keystone/tests/unit/contrib
copying keystone/tests/unit/contrib/federation/__init__.py -> keystone-27.1.1.dev1+passwordpolicy.1/keystone/tests/unit/contrib/federation
copying keystone/tests/unit/contrib/federation/test_utils.py -> keystone-27.1.1.dev1+passwordpolicy.1/keystone/tests/unit/contrib/federation
copying keystone/tests/unit/credential/__init__.py -> keystone-27.1.1.dev1+passwordpolicy.1/keystone/tests/unit/credential
copying keystone/tests/unit/credential/test_backend_sql.py -> keystone-27.1.1.dev1+passwordpolicy.1/keystone/tests/unit/credential
copying keystone/tests/unit/credential/test_fernet_provider.py -> keystone-27.1.1.dev1+passwordpolicy.1/keystone/tests/unit/credential
copying keystone/tests/unit/endpoint_policy/__init__.py -> keystone-27.1.1.dev1+passwordpolicy.1/keystone/tests/unit/endpoint_policy
copying keystone/tests/unit/endpoint_policy/backends/__init__.py -> keystone-27.1.1.dev1+passwordpolicy.1/keystone/tests/unit/endpoint_policy/backends
copying keystone/tests/unit/endpoint_policy/backends/test_base.py -> keystone-27.1.1.dev1+passwordpolicy.1/keystone/tests/unit/endpoint_policy/backends
copying keystone/tests/unit/endpoint_policy/backends/test_sql.py -> keystone-27.1.1.dev1+passwordpolicy.1/keystone/tests/unit/endpoint_policy/backends
copying keystone/tests/unit/external/README.rst -> keystone-27.1.1.dev1+passwordpolicy.1/keystone/tests/unit/external
copying keystone/tests/unit/external/__init__.py -> keystone-27.1.1.dev1+passwordpolicy.1/keystone/tests/unit/external
copying keystone/tests/unit/external/test_timeutils.py -> keystone-27.1.1.dev1+passwordpolicy.1/keystone/tests/unit/external
copying keystone/tests/unit/federation/__init__.py -> keystone-27.1.1.dev1+passwordpolicy.1/keystone/tests/unit/federation
copying keystone/tests/unit/federation/test_core.py -> keystone-27.1.1.dev1+passwordpolicy.1/keystone/tests/unit/federation
copying keystone/tests/unit/federation/test_utils.py -> keystone-27.1.1.dev1+passwordpolicy.1/keystone/tests/unit/federation
copying keystone/tests/unit/identity/__init__.py -> keystone-27.1.1.dev1+passwordpolicy.1/keystone/tests/unit/identity
copying keystone/tests/unit/identity/test_backend_sql.py -> keystone-27.1.1.dev1+passwordpolicy.1/keystone/tests/unit/identity
copying keystone/tests/unit/identity/test_backends.py -> keystone-27.1.1.dev1+passwordpolicy.1/keystone/tests/unit/identity
copying keystone/tests/unit/identity/test_core.py -> keystone-27.1.1.dev1+passwordpolicy.1/keystone/tests/unit/identity
copying keystone/tests/unit/identity/backends/__init__.py -> keystone-27.1.1.dev1+passwordpolicy.1/keystone/tests/unit/identity/backends
copying keystone/tests/unit/identity/backends/fake_driver.py -> keystone-27.1.1.dev1+passwordpolicy.1/keystone/tests/unit/identity/backends
copying keystone/tests/unit/identity/backends/test_base.py -> keystone-27.1.1.dev1+passwordpolicy.1/keystone/tests/unit/identity/backends
copying keystone/tests/unit/identity/backends/test_ldap.py -> keystone-27.1.1.dev1+passwordpolicy.1/keystone/tests/unit/identity/backends
copying keystone/tests/unit/identity/backends/test_ldap_common.py -> keystone-27.1.1.dev1+passwordpolicy.1/keystone/tests/unit/identity/backends
copying keystone/tests/unit/identity/backends/test_sql.py -> keystone-27.1.1.dev1+passwordpolicy.1/keystone/tests/unit/identity/backends
copying keystone/tests/unit/identity/shadow_users/__init__.py -> keystone-27.1.1.dev1+passwordpolicy.1/keystone/tests/unit/identity/shadow_users
copying keystone/tests/unit/identity/shadow_users/test_backend.py -> keystone-27.1.1.dev1+passwordpolicy.1/keystone/tests/unit/identity/shadow_users
copying keystone/tests/unit/identity/shadow_users/test_core.py -> keystone-27.1.1.dev1+passwordpolicy.1/keystone/tests/unit/identity/shadow_users
copying keystone/tests/unit/ksfixtures/__init__.py -> keystone-27.1.1.dev1+passwordpolicy.1/keystone/tests/unit/ksfixtures
copying keystone/tests/unit/ksfixtures/auth_plugins.py -> keystone-27.1.1.dev1+passwordpolicy.1/keystone/tests/unit/ksfixtures
copying keystone/tests/unit/ksfixtures/backendloader.py -> keystone-27.1.1.dev1+passwordpolicy.1/keystone/tests/unit/ksfixtures
copying keystone/tests/unit/ksfixtures/cache.py -> keystone-27.1.1.dev1+passwordpolicy.1/keystone/tests/unit/ksfixtures
copying keystone/tests/unit/ksfixtures/database.py -> keystone-27.1.1.dev1+passwordpolicy.1/keystone/tests/unit/ksfixtures
copying keystone/tests/unit/ksfixtures/hacking.py -> keystone-27.1.1.dev1+passwordpolicy.1/keystone/tests/unit/ksfixtures
copying keystone/tests/unit/ksfixtures/jws_key_repository.py -> keystone-27.1.1.dev1+passwordpolicy.1/keystone/tests/unit/ksfixtures
copying keystone/tests/unit/ksfixtures/key_repository.py -> keystone-27.1.1.dev1+passwordpolicy.1/keystone/tests/unit/ksfixtures
copying keystone/tests/unit/ksfixtures/ldapdb.py -> keystone-27.1.1.dev1+passwordpolicy.1/keystone/tests/unit/ksfixtures
copying keystone/tests/unit/ksfixtures/logging.py -> keystone-27.1.1.dev1+passwordpolicy.1/keystone/tests/unit/ksfixtures
copying keystone/tests/unit/ksfixtures/policy.py -> keystone-27.1.1.dev1+passwordpolicy.1/keystone/tests/unit/ksfixtures
copying keystone/tests/unit/ksfixtures/temporaryfile.py -> keystone-27.1.1.dev1+passwordpolicy.1/keystone/tests/unit/ksfixtures
copying keystone/tests/unit/ksfixtures/warnings.py -> keystone-27.1.1.dev1+passwordpolicy.1/keystone/tests/unit/ksfixtures
copying keystone/tests/unit/limit/__init__.py -> keystone-27.1.1.dev1+passwordpolicy.1/keystone/tests/unit/limit
copying keystone/tests/unit/limit/test_backends.py -> keystone-27.1.1.dev1+passwordpolicy.1/keystone/tests/unit/limit
copying keystone/tests/unit/policy/__init__.py -> keystone-27.1.1.dev1+passwordpolicy.1/keystone/tests/unit/policy
copying keystone/tests/unit/policy/test_backends.py -> keystone-27.1.1.dev1+passwordpolicy.1/keystone/tests/unit/policy
copying keystone/tests/unit/policy/backends/__init__.py -> keystone-27.1.1.dev1+passwordpolicy.1/keystone/tests/unit/policy/backends
copying keystone/tests/unit/policy/backends/test_base.py -> keystone-27.1.1.dev1+passwordpolicy.1/keystone/tests/unit/policy/backends
copying keystone/tests/unit/policy/backends/test_sql.py -> keystone-27.1.1.dev1+passwordpolicy.1/keystone/tests/unit/policy/backends
copying keystone/tests/unit/receipt/__init__.py -> keystone-27.1.1.dev1+passwordpolicy.1/keystone/tests/unit/receipt
copying keystone/tests/unit/receipt/test_fernet_provider.py -> keystone-27.1.1.dev1+passwordpolicy.1/keystone/tests/unit/receipt
copying keystone/tests/unit/receipt/test_receipt_serialization.py -> keystone-27.1.1.dev1+passwordpolicy.1/keystone/tests/unit/receipt
copying keystone/tests/unit/resource/__init__.py -> keystone-27.1.1.dev1+passwordpolicy.1/keystone/tests/unit/resource
copying keystone/tests/unit/resource/test_backends.py -> keystone-27.1.1.dev1+passwordpolicy.1/keystone/tests/unit/resource
copying keystone/tests/unit/resource/test_core.py -> keystone-27.1.1.dev1+passwordpolicy.1/keystone/tests/unit/resource
copying keystone/tests/unit/resource/backends/__init__.py -> keystone-27.1.1.dev1+passwordpolicy.1/keystone/tests/unit/resource/backends
copying keystone/tests/unit/resource/backends/test_sql.py -> keystone-27.1.1.dev1+passwordpolicy.1/keystone/tests/unit/resource/backends
copying keystone/tests/unit/resource/config_backends/__init__.py -> keystone-27.1.1.dev1+passwordpolicy.1/keystone/tests/unit/resource/config_backends
copying keystone/tests/unit/resource/config_backends/test_sql.py -> keystone-27.1.1.dev1+passwordpolicy.1/keystone/tests/unit/resource/config_backends
copying keystone/tests/unit/saml2/idp_saml2_metadata.xml -> keystone-27.1.1.dev1+passwordpolicy.1/keystone/tests/unit/saml2
copying keystone/tests/unit/saml2/signed_saml2_assertion.xml -> keystone-27.1.1.dev1+passwordpolicy.1/keystone/tests/unit/saml2
copying keystone/tests/unit/server/__init__.py -> keystone-27.1.1.dev1+passwordpolicy.1/keystone/tests/unit/server
copying keystone/tests/unit/server/test_keystone_flask.py -> keystone-27.1.1.dev1+passwordpolicy.1/keystone/tests/unit/server
copying keystone/tests/unit/tests/__init__.py -> keystone-27.1.1.dev1+passwordpolicy.1/keystone/tests/unit/tests
copying keystone/tests/unit/tests/test_core.py -> keystone-27.1.1.dev1+passwordpolicy.1/keystone/tests/unit/tests
copying keystone/tests/unit/tests/test_utils.py -> keystone-27.1.1.dev1+passwordpolicy.1/keystone/tests/unit/tests
copying keystone/tests/unit/token/__init__.py -> keystone-27.1.1.dev1+passwordpolicy.1/keystone/tests/unit/token
copying keystone/tests/unit/token/test_fernet_provider.py -> keystone-27.1.1.dev1+passwordpolicy.1/keystone/tests/unit/token
copying keystone/tests/unit/token/test_jws_provider.py -> keystone-27.1.1.dev1+passwordpolicy.1/keystone/tests/unit/token
copying keystone/tests/unit/token/test_token_serialization.py -> keystone-27.1.1.dev1+passwordpolicy.1/keystone/tests/unit/token
copying keystone/tests/unit/trust/__init__.py -> keystone-27.1.1.dev1+passwordpolicy.1/keystone/tests/unit/trust
copying keystone/tests/unit/trust/test_backends.py -> keystone-27.1.1.dev1+passwordpolicy.1/keystone/tests/unit/trust
copying keystone/token/__init__.py -> keystone-27.1.1.dev1+passwordpolicy.1/keystone/token
copying keystone/token/provider.py -> keystone-27.1.1.dev1+passwordpolicy.1/keystone/token
copying keystone/token/token_formatters.py -> keystone-27.1.1.dev1+passwordpolicy.1/keystone/token
copying keystone/token/providers/__init__.py -> keystone-27.1.1.dev1+passwordpolicy.1/keystone/token/providers
copying keystone/token/providers/base.py -> keystone-27.1.1.dev1+passwordpolicy.1/keystone/token/providers
copying keystone/token/providers/fernet/__init__.py -> keystone-27.1.1.dev1+passwordpolicy.1/keystone/token/providers/fernet
copying keystone/token/providers/fernet/core.py -> keystone-27.1.1.dev1+passwordpolicy.1/keystone/token/providers/fernet
copying keystone/token/providers/jws/__init__.py -> keystone-27.1.1.dev1+passwordpolicy.1/keystone/token/providers/jws
copying keystone/token/providers/jws/core.py -> keystone-27.1.1.dev1+passwordpolicy.1/keystone/token/providers/jws
copying keystone/trust/__init__.py -> keystone-27.1.1.dev1+passwordpolicy.1/keystone/trust
copying keystone/trust/core.py -> keystone-27.1.1.dev1+passwordpolicy.1/keystone/trust
copying keystone/trust/schema.py -> keystone-27.1.1.dev1+passwordpolicy.1/keystone/trust
copying keystone/trust/backends/__init__.py -> keystone-27.1.1.dev1+passwordpolicy.1/keystone/trust/backends
copying keystone/trust/backends/base.py -> keystone-27.1.1.dev1+passwordpolicy.1/keystone/trust/backends
copying keystone/trust/backends/sql.py -> keystone-27.1.1.dev1+passwordpolicy.1/keystone/trust/backends
copying keystone/wsgi/__init__.py -> keystone-27.1.1.dev1+passwordpolicy.1/keystone/wsgi
copying keystone/wsgi/api.py -> keystone-27.1.1.dev1+passwordpolicy.1/keystone/wsgi
copying keystone_tempest_plugin/README.rst -> keystone-27.1.1.dev1+passwordpolicy.1/keystone_tempest_plugin
copying playbooks/enable-fips.yaml -> keystone-27.1.1.dev1+passwordpolicy.1/playbooks
copying rally-jobs/README.rst -> keystone-27.1.1.dev1+passwordpolicy.1/rally-jobs
copying rally-jobs/keystone.yaml -> keystone-27.1.1.dev1+passwordpolicy.1/rally-jobs
copying releasenotes/notes/.placeholder -> keystone-27.1.1.dev1+passwordpolicy.1/releasenotes/notes
copying releasenotes/notes/Assignment_V9_driver-c22be069f7baccb0.yaml -> keystone-27.1.1.dev1+passwordpolicy.1/releasenotes/notes
copying releasenotes/notes/DomainSpecificRoles-fc5dd2ef74a1442c.yaml -> keystone-27.1.1.dev1+passwordpolicy.1/releasenotes/notes
copying releasenotes/notes/Role_V9_driver-971c3aae14d9963d.yaml -> keystone-27.1.1.dev1+passwordpolicy.1/releasenotes/notes
copying releasenotes/notes/V9ResourceDriver-26716f97c0cc1a80.yaml -> keystone-27.1.1.dev1+passwordpolicy.1/releasenotes/notes
copying releasenotes/notes/add-bootstrap-cli-192500228cc6e574.yaml -> keystone-27.1.1.dev1+passwordpolicy.1/releasenotes/notes
copying releasenotes/notes/add-description-to-role-88ab5bb8a96cc002.yaml -> keystone-27.1.1.dev1+passwordpolicy.1/releasenotes/notes
copying releasenotes/notes/add-expires-at-int-to-trusts-60ae3c5d0c00808a.yaml -> keystone-27.1.1.dev1+passwordpolicy.1/releasenotes/notes
copying releasenotes/notes/add-keystone-wsgi-module-afae3f86df07eca9.yaml -> keystone-27.1.1.dev1+passwordpolicy.1/releasenotes/notes
copying releasenotes/notes/add-limit-description-c1f42641d9c6c33d.yaml -> keystone-27.1.1.dev1+passwordpolicy.1/releasenotes/notes
copying releasenotes/notes/add-unified-limit-apis-c9ebc5116bc2cf93.yaml -> keystone-27.1.1.dev1+passwordpolicy.1/releasenotes/notes
copying releasenotes/notes/add_bcrypt_sha256_algo-d6b146a59df9373c.yaml -> keystone-27.1.1.dev1+passwordpolicy.1/releasenotes/notes
copying releasenotes/notes/add_password_expires_at_to_user_response-22f14ab629c48bc2.yaml -> keystone-27.1.1.dev1+passwordpolicy.1/releasenotes/notes
copying releasenotes/notes/admin_token-a5678d712783c145.yaml -> keystone-27.1.1.dev1+passwordpolicy.1/releasenotes/notes
copying releasenotes/notes/admin_token-c634ec12fc714255.yaml -> keystone-27.1.1.dev1+passwordpolicy.1/releasenotes/notes
copying releasenotes/notes/ban-ec2credential-tokens-backport-9f3c7a1b2d4e5f6a.yaml -> keystone-27.1.1.dev1+passwordpolicy.1/releasenotes/notes
copying releasenotes/notes/bcrypt_truncation_fix-674dc5d7f1e776f2.yaml -> keystone-27.1.1.dev1+passwordpolicy.1/releasenotes/notes
copying releasenotes/notes/bootstrap-update-endpoint-7a63a2329822b6e7.yaml -> keystone-27.1.1.dev1+passwordpolicy.1/releasenotes/notes
copying releasenotes/notes/bp-allow-expired-f5d845b9601bc1ef.yaml -> keystone-27.1.1.dev1+passwordpolicy.1/releasenotes/notes
copying releasenotes/notes/bp-application-credentials-c699f1f17c7d4e2f.yaml -> keystone-27.1.1.dev1+passwordpolicy.1/releasenotes/notes
copying releasenotes/notes/bp-basic-default-roles-4ff6502b6ac57d48.yaml -> keystone-27.1.1.dev1+passwordpolicy.1/releasenotes/notes
copying releasenotes/notes/bp-domain-config-as-stable-716ca5ab33c0cc42.yaml -> keystone-27.1.1.dev1+passwordpolicy.1/releasenotes/notes
copying releasenotes/notes/bp-domain-config-default-82e42d946ee7cb43.yaml -> keystone-27.1.1.dev1+passwordpolicy.1/releasenotes/notes
copying releasenotes/notes/bp-json-web-tokens-37ce3bcd1356cf1b.yaml -> keystone-27.1.1.dev1+passwordpolicy.1/releasenotes/notes
copying releasenotes/notes/bp-manage-migration-c398963a943a89fe.yaml -> keystone-27.1.1.dev1+passwordpolicy.1/releasenotes/notes
copying releasenotes/notes/bp-mfa-auth-receipt-8b459431c1f360ce.yaml -> keystone-27.1.1.dev1+passwordpolicy.1/releasenotes/notes
copying releasenotes/notes/bp-oauth2-client-credentials-ext-c8933f00a7b45be8.yaml -> keystone-27.1.1.dev1+passwordpolicy.1/releasenotes/notes
copying releasenotes/notes/bp-password-expires-validation-4b32fe7032595932.yaml -> keystone-27.1.1.dev1+passwordpolicy.1/releasenotes/notes
copying releasenotes/notes/bp-pci-dss-notifications-808a205a637bac25.yaml -> keystone-27.1.1.dev1+passwordpolicy.1/releasenotes/notes
copying releasenotes/notes/bp-pci-dss-password-requirements-api-87bc724b2aa554f7.yaml -> keystone-27.1.1.dev1+passwordpolicy.1/releasenotes/notes
copying releasenotes/notes/bp-pci-dss-query-password-expired-users-a7c96a3843bb9abc.yaml -> keystone-27.1.1.dev1+passwordpolicy.1/releasenotes/notes
copying releasenotes/notes/bp-per-user-auth-plugin-reqs-feb95fd907be4b40.yaml -> keystone-27.1.1.dev1+passwordpolicy.1/releasenotes/notes
copying releasenotes/notes/bp-policy-in-code-722372a27291b9cd.yaml -> keystone-27.1.1.dev1+passwordpolicy.1/releasenotes/notes
copying releasenotes/notes/bp-shadow-mapping-06fc7c71a401d707.yaml -> keystone-27.1.1.dev1+passwordpolicy.1/releasenotes/notes
copying releasenotes/notes/bp-strict-two-level-model.yaml -> keystone-27.1.1.dev1+passwordpolicy.1/releasenotes/notes
copying releasenotes/notes/bp-support-federated-attr-94084d4073f50280.yaml -> keystone-27.1.1.dev1+passwordpolicy.1/releasenotes/notes
copying releasenotes/notes/bp-support-oauth2-mtls-8552892a8e0c72d2.yaml -> keystone-27.1.1.dev1+passwordpolicy.1/releasenotes/notes
copying releasenotes/notes/bp-system-scope-7d236ee5992d4e20.yaml -> keystone-27.1.1.dev1+passwordpolicy.1/releasenotes/notes
copying releasenotes/notes/bp-upgrade-checks-0dc692a392a96879.yaml -> keystone-27.1.1.dev1+passwordpolicy.1/releasenotes/notes
copying releasenotes/notes/bp-url-safe-naming-ad90d6a659f5bf3c.yaml -> keystone-27.1.1.dev1+passwordpolicy.1/releasenotes/notes
copying releasenotes/notes/bp-whitelist-extension-for-app-creds-90e5bcd7b2b78b02.yaml -> keystone-27.1.1.dev1+passwordpolicy.1/releasenotes/notes
copying releasenotes/notes/bug-1017606-98313bb4c1edf250.yaml -> keystone-27.1.1.dev1+passwordpolicy.1/releasenotes/notes
copying releasenotes/notes/bug-1291157-00b5c714a097e84c.yaml -> keystone-27.1.1.dev1+passwordpolicy.1/releasenotes/notes
copying releasenotes/notes/bug-1332058-f25e2de40411b711.yaml -> keystone-27.1.1.dev1+passwordpolicy.1/releasenotes/notes
copying releasenotes/notes/bug-1473292-c21481e6aec29ec2.yaml -> keystone-27.1.1.dev1+passwordpolicy.1/releasenotes/notes
copying releasenotes/notes/bug-1490804-de58a9606edb31eb.yaml -> keystone-27.1.1.dev1+passwordpolicy.1/releasenotes/notes
copying releasenotes/notes/bug-1519210-de76097c974f9c93.yaml -> keystone-27.1.1.dev1+passwordpolicy.1/releasenotes/notes
copying releasenotes/notes/bug-1523369-4d42c841b6e7e54e.yaml -> keystone-27.1.1.dev1+passwordpolicy.1/releasenotes/notes
copying releasenotes/notes/bug-1524030-0814724d5c2b7c8d.yaml -> keystone-27.1.1.dev1+passwordpolicy.1/releasenotes/notes
copying releasenotes/notes/bug-1524030-ccff6b0ec9d1cbf2.yaml -> keystone-27.1.1.dev1+passwordpolicy.1/releasenotes/notes
copying releasenotes/notes/bug-1535878-change-get_project-permission-e460af1256a2c056.yaml -> keystone-27.1.1.dev1+passwordpolicy.1/releasenotes/notes
copying releasenotes/notes/bug-1542417-d630b7886bb0b369.yaml -> keystone-27.1.1.dev1+passwordpolicy.1/releasenotes/notes
copying releasenotes/notes/bug-1547684-911aed68a0d3df17.yaml -> keystone-27.1.1.dev1+passwordpolicy.1/releasenotes/notes
copying releasenotes/notes/bug-1561054-dbe88b552a936a05.yaml -> keystone-27.1.1.dev1+passwordpolicy.1/releasenotes/notes
copying releasenotes/notes/bug-1563101-134df5b99ea48f00.yaml -> keystone-27.1.1.dev1+passwordpolicy.1/releasenotes/notes
copying releasenotes/notes/bug-1571878-1bcaea5337905af0.yaml -> keystone-27.1.1.dev1+passwordpolicy.1/releasenotes/notes
copying releasenotes/notes/bug-1582585-a368ac5a252ec84f.yaml -> keystone-27.1.1.dev1+passwordpolicy.1/releasenotes/notes
copying releasenotes/notes/bug-1590587-domain-specific-role-assignment-8f120604a6625852.yaml -> keystone-27.1.1.dev1+passwordpolicy.1/releasenotes/notes
copying releasenotes/notes/bug-1594482-52a5dd1d8477b694.yaml -> keystone-27.1.1.dev1+passwordpolicy.1/releasenotes/notes
copying releasenotes/notes/bug-1611102-e1348cbec9b1110a.yaml -> keystone-27.1.1.dev1+passwordpolicy.1/releasenotes/notes
copying releasenotes/notes/bug-1613466-credential-update-ec2-type-8fb51ff3ad3a449c.yaml -> keystone-27.1.1.dev1+passwordpolicy.1/releasenotes/notes
copying releasenotes/notes/bug-1615014-b30f606a2d202428.yaml -> keystone-27.1.1.dev1+passwordpolicy.1/releasenotes/notes
copying releasenotes/notes/bug-1616424-c46ba773f7ac40ae.yaml -> keystone-27.1.1.dev1+passwordpolicy.1/releasenotes/notes
copying releasenotes/notes/bug-1622310-c501cf77437fdfa6.yaml -> keystone-27.1.1.dev1+passwordpolicy.1/releasenotes/notes
copying releasenotes/notes/bug-1636950-8fa1a47fce440977.yaml -> keystone-27.1.1.dev1+passwordpolicy.1/releasenotes/notes
copying releasenotes/notes/bug-1638603-354ee4167e6e.yaml -> keystone-27.1.1.dev1+passwordpolicy.1/releasenotes/notes
copying releasenotes/notes/bug-1641625-fe463874dc5edb10.yaml -> keystone-27.1.1.dev1+passwordpolicy.1/releasenotes/notes
copying releasenotes/notes/bug-1641639-b9accc163e61ca15.yaml -> keystone-27.1.1.dev1+passwordpolicy.1/releasenotes/notes
copying releasenotes/notes/bug-1641645-516709f9da3de26f.yaml -> keystone-27.1.1.dev1+passwordpolicy.1/releasenotes/notes
copying releasenotes/notes/bug-1641654-8630ce7bcde43a7e.yaml -> keystone-27.1.1.dev1+passwordpolicy.1/releasenotes/notes
copying releasenotes/notes/bug-1641660-f938267e1ec54071.yaml -> keystone-27.1.1.dev1+passwordpolicy.1/releasenotes/notes
copying releasenotes/notes/bug-1641816-8b39f3f73359c778.yaml -> keystone-27.1.1.dev1+passwordpolicy.1/releasenotes/notes
copying releasenotes/notes/bug-1642212-9964dfd3af0184bd.yaml -> keystone-27.1.1.dev1+passwordpolicy.1/releasenotes/notes
copying releasenotes/notes/bug-1642348-83d4c86ad3984d75.yaml -> keystone-27.1.1.dev1+passwordpolicy.1/releasenotes/notes
copying releasenotes/notes/bug-1642457-4533f9810a8cd927.yaml -> keystone-27.1.1.dev1+passwordpolicy.1/releasenotes/notes
copying releasenotes/notes/bug-1642687-5497fb56fe86806d.yaml -> keystone-27.1.1.dev1+passwordpolicy.1/releasenotes/notes
copying releasenotes/notes/bug-1642687-c7ab1c9be152db20.yaml -> keystone-27.1.1.dev1+passwordpolicy.1/releasenotes/notes
copying releasenotes/notes/bug-1642692-d669c8fcf9e171d9.yaml -> keystone-27.1.1.dev1+passwordpolicy.1/releasenotes/notes
copying releasenotes/notes/bug-1645487-ca22c216ec26cc9b.yaml -> keystone-27.1.1.dev1+passwordpolicy.1/releasenotes/notes
copying releasenotes/notes/bug-1649138-c53974f6bb0eab14.yaml -> keystone-27.1.1.dev1+passwordpolicy.1/releasenotes/notes
copying releasenotes/notes/bug-1649446-efff94143823755d.yaml -> keystone-27.1.1.dev1+passwordpolicy.1/releasenotes/notes
copying releasenotes/notes/bug-1649616-b835d1dac3401e8c.yaml -> keystone-27.1.1.dev1+passwordpolicy.1/releasenotes/notes
copying releasenotes/notes/bug-1656076-c4422270f73b43b.yaml -> keystone-27.1.1.dev1+passwordpolicy.1/releasenotes/notes
copying releasenotes/notes/bug-1659730-17834ba2dde668ae.yaml -> keystone-27.1.1.dev1+passwordpolicy.1/releasenotes/notes
copying releasenotes/notes/bug-1659995-f3e716de743b7291.yaml -> keystone-27.1.1.dev1+passwordpolicy.1/releasenotes/notes
copying releasenotes/notes/bug-1670382-ee851ba4f364d608.yaml -> keystone-27.1.1.dev1+passwordpolicy.1/releasenotes/notes
copying releasenotes/notes/bug-1676497-92271e25f642e2de.yaml -> keystone-27.1.1.dev1+passwordpolicy.1/releasenotes/notes
copying releasenotes/notes/bug-1684994-264fb8f182ced180.yaml -> keystone-27.1.1.dev1+passwordpolicy.1/releasenotes/notes
copying releasenotes/notes/bug-1687593-95e1568291ecd70b.yaml -> keystone-27.1.1.dev1+passwordpolicy.1/releasenotes/notes
copying releasenotes/notes/bug-1688137-e4203c9a728690a7.yaml -> keystone-27.1.1.dev1+passwordpolicy.1/releasenotes/notes
copying releasenotes/notes/bug-1696574-15a728396350a95a.yaml -> keystone-27.1.1.dev1+passwordpolicy.1/releasenotes/notes
copying releasenotes/notes/bug-1700852-de775d0eb2ddfdd1.yaml -> keystone-27.1.1.dev1+passwordpolicy.1/releasenotes/notes
copying releasenotes/notes/bug-1701324-739a31f38037f77b.yaml -> keystone-27.1.1.dev1+passwordpolicy.1/releasenotes/notes
copying releasenotes/notes/bug-1702211-abb59adda73fd78e.yaml -> keystone-27.1.1.dev1+passwordpolicy.1/releasenotes/notes
copying releasenotes/notes/bug-1703369-9a901d627a1e0316.yaml -> keystone-27.1.1.dev1+passwordpolicy.1/releasenotes/notes
copying releasenotes/notes/bug-1703666-b8a990f2bf5b62f0.yaml -> keystone-27.1.1.dev1+passwordpolicy.1/releasenotes/notes
copying releasenotes/notes/bug-1704205-bc0570feeb3ec5c4.yaml -> keystone-27.1.1.dev1+passwordpolicy.1/releasenotes/notes
copying releasenotes/notes/bug-1705485-7a1ad17b9cc99b9d.yaml -> keystone-27.1.1.dev1+passwordpolicy.1/releasenotes/notes
copying releasenotes/notes/bug-1718747-50d39fa87bdbb12b.yaml -> keystone-27.1.1.dev1+passwordpolicy.1/releasenotes/notes
copying releasenotes/notes/bug-1724645-a94659dfd0f45b9a.yaml -> keystone-27.1.1.dev1+passwordpolicy.1/releasenotes/notes
copying releasenotes/notes/bug-1727099-1af277b35db34372.yaml -> keystone-27.1.1.dev1+passwordpolicy.1/releasenotes/notes
copying releasenotes/notes/bug-1727726-0b47608811a2cd16.yaml -> keystone-27.1.1.dev1+passwordpolicy.1/releasenotes/notes
copying releasenotes/notes/bug-1728907-bab6769ab46bd8aa.yaml -> keystone-27.1.1.dev1+passwordpolicy.1/releasenotes/notes
copying releasenotes/notes/bug-1729933-4a09201e9dface2a.yaml -> keystone-27.1.1.dev1+passwordpolicy.1/releasenotes/notes
copying releasenotes/notes/bug-1733754-4d9d3042b8501ec6.yaml -> keystone-27.1.1.dev1+passwordpolicy.1/releasenotes/notes
copying releasenotes/notes/bug-1734244-1b4ea83baa72566d.yaml -> keystone-27.1.1.dev1+passwordpolicy.1/releasenotes/notes
copying releasenotes/notes/bug-1735250-b60332a7f288cf94.yaml -> keystone-27.1.1.dev1+passwordpolicy.1/releasenotes/notes
copying releasenotes/notes/bug-1736875-c790f568c5f4d671.yaml -> keystone-27.1.1.dev1+passwordpolicy.1/releasenotes/notes
copying releasenotes/notes/bug-1738895-342864cd0285bc42.yaml -> keystone-27.1.1.dev1+passwordpolicy.1/releasenotes/notes
copying releasenotes/notes/bug-1740951-82b7e4bd608742ab.yaml -> keystone-27.1.1.dev1+passwordpolicy.1/releasenotes/notes
copying releasenotes/notes/bug-1744195-a7154ac2e8556efc.yaml -> keystone-27.1.1.dev1+passwordpolicy.1/releasenotes/notes
copying releasenotes/notes/bug-1746599-848a1163e52ac0a6.yaml -> keystone-27.1.1.dev1+passwordpolicy.1/releasenotes/notes
copying releasenotes/notes/bug-1747694-48c8caa4871300e3.yaml -> keystone-27.1.1.dev1+passwordpolicy.1/releasenotes/notes
copying releasenotes/notes/bug-1748027-decc2e11154b97cf.yaml -> keystone-27.1.1.dev1+passwordpolicy.1/releasenotes/notes
copying releasenotes/notes/bug-1748970-eb63ad2030e296f3.yaml -> keystone-27.1.1.dev1+passwordpolicy.1/releasenotes/notes
copying releasenotes/notes/bug-1749264-676ca02902bcd169.yaml -> keystone-27.1.1.dev1+passwordpolicy.1/releasenotes/notes
copying releasenotes/notes/bug-1749267-96153d2fa6868f67.yaml -> keystone-27.1.1.dev1+passwordpolicy.1/releasenotes/notes
copying releasenotes/notes/bug-1750415-95ede3a9685b6e0c.yaml -> keystone-27.1.1.dev1+passwordpolicy.1/releasenotes/notes
copying releasenotes/notes/bug-1750660-e2a360ddd6790fc4.yaml -> keystone-27.1.1.dev1+passwordpolicy.1/releasenotes/notes
copying releasenotes/notes/bug-1750669-dfce859550126f03.yaml -> keystone-27.1.1.dev1+passwordpolicy.1/releasenotes/notes
copying releasenotes/notes/bug-1750673-b53f74944d767ae9.yaml -> keystone-27.1.1.dev1+passwordpolicy.1/releasenotes/notes
copying releasenotes/notes/bug-1750676-cf70c1a27b2c8de3.yaml -> keystone-27.1.1.dev1+passwordpolicy.1/releasenotes/notes
copying releasenotes/notes/bug-1750678-88a38851ca80fc64.yaml -> keystone-27.1.1.dev1+passwordpolicy.1/releasenotes/notes
copying releasenotes/notes/bug-1751045-f950e3fb85e2b573.yaml -> keystone-27.1.1.dev1+passwordpolicy.1/releasenotes/notes
copying releasenotes/notes/bug-1753584-e052bc7805f001b4.yaml -> keystone-27.1.1.dev1+passwordpolicy.1/releasenotes/notes
copying releasenotes/notes/bug-1753585-7e11213743754999.yaml -> keystone-27.1.1.dev1+passwordpolicy.1/releasenotes/notes
copying releasenotes/notes/bug-1754048-correct-federated-domain-47cb889d88d7770a.yaml -> keystone-27.1.1.dev1+passwordpolicy.1/releasenotes/notes
copying releasenotes/notes/bug-1754677-13ee75ed1b473f26.yaml -> keystone-27.1.1.dev1+passwordpolicy.1/releasenotes/notes
copying releasenotes/notes/bug-1755874-9951f77c6d18431c.yaml -> keystone-27.1.1.dev1+passwordpolicy.1/releasenotes/notes
copying releasenotes/notes/bug-1756190-0e5d86d334555931.yaml -> keystone-27.1.1.dev1+passwordpolicy.1/releasenotes/notes
copying releasenotes/notes/bug-1757022-664d0b0db1242bf8.yaml -> keystone-27.1.1.dev1+passwordpolicy.1/releasenotes/notes
copying releasenotes/notes/bug-1757151-43eb3baaa175f904.yaml -> keystone-27.1.1.dev1+passwordpolicy.1/releasenotes/notes
copying releasenotes/notes/bug-1759289-466cdf4514de3498.yaml -> keystone-27.1.1.dev1+passwordpolicy.1/releasenotes/notes
copying releasenotes/notes/bug-1760205-87dedd6d8812db3f.yaml -> keystone-27.1.1.dev1+passwordpolicy.1/releasenotes/notes
copying releasenotes/notes/bug-1760521-fec5c88af214401f.yaml -> keystone-27.1.1.dev1+passwordpolicy.1/releasenotes/notes
copying releasenotes/notes/bug-1760809-711df870a9d67c0d.yaml -> keystone-27.1.1.dev1+passwordpolicy.1/releasenotes/notes
copying releasenotes/notes/bug-1763824-3d2f5169af9d42f.yaml -> keystone-27.1.1.dev1+passwordpolicy.1/releasenotes/notes
copying releasenotes/notes/bug-1765193-b40318b9fb5d1c7b.yaml -> keystone-27.1.1.dev1+passwordpolicy.1/releasenotes/notes
copying releasenotes/notes/bug-1773967-b59517a09e0e6141.yaml -> keystone-27.1.1.dev1+passwordpolicy.1/releasenotes/notes
copying releasenotes/notes/bug-1774229-cb968e95c9d81c4d.yaml -> keystone-27.1.1.dev1+passwordpolicy.1/releasenotes/notes
copying releasenotes/notes/bug-1776504-keystone-conversion-to-flask-372a5654a55675c6.yaml -> keystone-27.1.1.dev1+passwordpolicy.1/releasenotes/notes
copying releasenotes/notes/bug-1778109-ea15ce6a8207f857.yaml -> keystone-27.1.1.dev1+passwordpolicy.1/releasenotes/notes
copying releasenotes/notes/bug-1778945-b7f2db3052525ca8.yaml -> keystone-27.1.1.dev1+passwordpolicy.1/releasenotes/notes
copying releasenotes/notes/bug-1779889-12eb5edf4cc93a1d.yaml -> keystone-27.1.1.dev1+passwordpolicy.1/releasenotes/notes
copying releasenotes/notes/bug-1779903-f2b22cf23a9e01f9.yaml -> keystone-27.1.1.dev1+passwordpolicy.1/releasenotes/notes
copying releasenotes/notes/bug-1780159-095ffa0e53be2464.yaml -> keystone-27.1.1.dev1+passwordpolicy.1/releasenotes/notes
copying releasenotes/notes/bug-1780503-70ca1ba3f428dd41.yaml -> keystone-27.1.1.dev1+passwordpolicy.1/releasenotes/notes
copying releasenotes/notes/bug-1782704-0b053eaf5d801dee.yaml -> keystone-27.1.1.dev1+passwordpolicy.1/releasenotes/notes
copying releasenotes/notes/bug-1782922-db822fda486ac773.yaml -> keystone-27.1.1.dev1+passwordpolicy.1/releasenotes/notes
copying releasenotes/notes/bug-1784536-9d1d1e149c605a1d.yaml -> keystone-27.1.1.dev1+passwordpolicy.1/releasenotes/notes
copying releasenotes/notes/bug-1785164-2b7ed29266eb4792.yaml -> keystone-27.1.1.dev1+passwordpolicy.1/releasenotes/notes
copying releasenotes/notes/bug-1787874-13499ec227b8e26c.yaml -> keystone-27.1.1.dev1+passwordpolicy.1/releasenotes/notes
copying releasenotes/notes/bug-1788415-3190279e9c900f76.yaml -> keystone-27.1.1.dev1+passwordpolicy.1/releasenotes/notes
copying releasenotes/notes/bug-1788694-4dc8b3ec47fc6084.yaml -> keystone-27.1.1.dev1+passwordpolicy.1/releasenotes/notes
copying releasenotes/notes/bug-1789450-9dec1383ffd3de01.yaml -> keystone-27.1.1.dev1+passwordpolicy.1/releasenotes/notes
copying releasenotes/notes/bug-1792026-2de8345a89e2256b.yaml -> keystone-27.1.1.dev1+passwordpolicy.1/releasenotes/notes
copying releasenotes/notes/bug-1794376-53ce14528f00f01d.yaml -> keystone-27.1.1.dev1+passwordpolicy.1/releasenotes/notes
copying releasenotes/notes/bug-1794527-866b1caff67977f3.yaml -> keystone-27.1.1.dev1+passwordpolicy.1/releasenotes/notes
copying releasenotes/notes/bug-1794864-3116bf165a146be6.yaml -> keystone-27.1.1.dev1+passwordpolicy.1/releasenotes/notes
copying releasenotes/notes/bug-1796887-eaea84e3f9a8ff9f.yaml -> keystone-27.1.1.dev1+passwordpolicy.1/releasenotes/notes
copying releasenotes/notes/bug-1801095-6e28d7a86719da74.yaml -> keystone-27.1.1.dev1+passwordpolicy.1/releasenotes/notes
copying releasenotes/notes/bug-1801873-0eb9a5ec3e801190.yaml -> keystone-27.1.1.dev1+passwordpolicy.1/releasenotes/notes
copying releasenotes/notes/bug-1804292-0107869c7029f79e.yaml -> keystone-27.1.1.dev1+passwordpolicy.1/releasenotes/notes
copying releasenotes/notes/bug-1804446-1a281eadbb044070.yaml -> keystone-27.1.1.dev1+passwordpolicy.1/releasenotes/notes
copying releasenotes/notes/bug-1804462-59ad43f98242dea0.yaml -> keystone-27.1.1.dev1+passwordpolicy.1/releasenotes/notes
copying releasenotes/notes/bug-1804463-74537652166cf656.yaml -> keystone-27.1.1.dev1+passwordpolicy.1/releasenotes/notes
copying releasenotes/notes/bug-1804482-aa95619320d098fa.yaml -> keystone-27.1.1.dev1+passwordpolicy.1/releasenotes/notes
copying releasenotes/notes/bug-1804483-1d9ccfcb24f25f51.yaml -> keystone-27.1.1.dev1+passwordpolicy.1/releasenotes/notes
copying releasenotes/notes/bug-1804516-24b0b10ed6fe0589.yaml -> keystone-27.1.1.dev1+passwordpolicy.1/releasenotes/notes
copying releasenotes/notes/bug-1804517-a351aec088fee066.yaml -> keystone-27.1.1.dev1+passwordpolicy.1/releasenotes/notes
copying releasenotes/notes/bug-1804519-8384a9ead261d4c2.yaml -> keystone-27.1.1.dev1+passwordpolicy.1/releasenotes/notes
copying releasenotes/notes/bug-1804520-d124599967923052.yaml -> keystone-27.1.1.dev1+passwordpolicy.1/releasenotes/notes
copying releasenotes/notes/bug-1804521-3c0d9f567e8f532f.yaml -> keystone-27.1.1.dev1+passwordpolicy.1/releasenotes/notes
copying releasenotes/notes/bug-1804522-00df902cd2d74ee3.yaml -> keystone-27.1.1.dev1+passwordpolicy.1/releasenotes/notes
copying releasenotes/notes/bug-1804523-d1768909b13b167e.yaml -> keystone-27.1.1.dev1+passwordpolicy.1/releasenotes/notes
copying releasenotes/notes/bug-1805363-0b85d71917ad09d1.yaml -> keystone-27.1.1.dev1+passwordpolicy.1/releasenotes/notes
copying releasenotes/notes/bug-1805366-670867516c6fc4bc.yaml -> keystone-27.1.1.dev1+passwordpolicy.1/releasenotes/notes
copying releasenotes/notes/bug-1805368-ea32c2db2ae57225.yaml -> keystone-27.1.1.dev1+passwordpolicy.1/releasenotes/notes
copying releasenotes/notes/bug-1805369-ed98d3fcfafb5c43.yaml -> keystone-27.1.1.dev1+passwordpolicy.1/releasenotes/notes
copying releasenotes/notes/bug-1805371-249c8c9b562ab371.yaml -> keystone-27.1.1.dev1+passwordpolicy.1/releasenotes/notes
copying releasenotes/notes/bug-1805372-af4ebf4b19500b72.yaml -> keystone-27.1.1.dev1+passwordpolicy.1/releasenotes/notes
copying releasenotes/notes/bug-1805400-c192be936d277ade.yaml -> keystone-27.1.1.dev1+passwordpolicy.1/releasenotes/notes
copying releasenotes/notes/bug-1805402-75d0d93f31af620f.yaml -> keystone-27.1.1.dev1+passwordpolicy.1/releasenotes/notes
copying releasenotes/notes/bug-1805403-c003627a64768716.yaml -> keystone-27.1.1.dev1+passwordpolicy.1/releasenotes/notes
copying releasenotes/notes/bug-1805406-252b45d443af20b3.yaml -> keystone-27.1.1.dev1+passwordpolicy.1/releasenotes/notes
copying releasenotes/notes/bug-1805409-8bc6cc9f1c5bc672.yaml -> keystone-27.1.1.dev1+passwordpolicy.1/releasenotes/notes
copying releasenotes/notes/bug-1805880-0032024ea6b83563.yaml -> keystone-27.1.1.dev1+passwordpolicy.1/releasenotes/notes
copying releasenotes/notes/bug-1805880-3fc6b30309a4370f.yaml -> keystone-27.1.1.dev1+passwordpolicy.1/releasenotes/notes
copying releasenotes/notes/bug-1806713-cf5feab23fc78a23.yaml -> keystone-27.1.1.dev1+passwordpolicy.1/releasenotes/notes
copying releasenotes/notes/bug-1806762-08ff9eecdc03c554.yaml -> keystone-27.1.1.dev1+passwordpolicy.1/releasenotes/notes
copying releasenotes/notes/bug-1806762-09f414995924db23.yaml -> keystone-27.1.1.dev1+passwordpolicy.1/releasenotes/notes
copying releasenotes/notes/bug-1806762-0b7356ace200a5d3.yaml -> keystone-27.1.1.dev1+passwordpolicy.1/releasenotes/notes
copying releasenotes/notes/bug-1806762-2092fee9f6c87dc3.yaml -> keystone-27.1.1.dev1+passwordpolicy.1/releasenotes/notes
copying releasenotes/notes/bug-1806762-c3bfc71cb9bb94f3.yaml -> keystone-27.1.1.dev1+passwordpolicy.1/releasenotes/notes
copying releasenotes/notes/bug-1806762-daed3e27f58f0f6d.yaml -> keystone-27.1.1.dev1+passwordpolicy.1/releasenotes/notes
copying releasenotes/notes/bug-1809116-b65502f3b606b060.yaml -> keystone-27.1.1.dev1+passwordpolicy.1/releasenotes/notes
copying releasenotes/notes/bug-1810393-5a7d379842c51d9b.yaml -> keystone-27.1.1.dev1+passwordpolicy.1/releasenotes/notes
copying releasenotes/notes/bug-1811605-9d23080d7e949c25.yaml -> keystone-27.1.1.dev1+passwordpolicy.1/releasenotes/notes
copying releasenotes/notes/bug-1813085-cf24b204e95fd7f5.yaml -> keystone-27.1.1.dev1+passwordpolicy.1/releasenotes/notes
copying releasenotes/notes/bug-1814589-f3e7f554bee1c317.yaml -> keystone-27.1.1.dev1+passwordpolicy.1/releasenotes/notes
copying releasenotes/notes/bug-1815771-ae0e4118c552f01e.yaml -> keystone-27.1.1.dev1+passwordpolicy.1/releasenotes/notes
copying releasenotes/notes/bug-1816076-ba39508e6ade529e.yaml -> keystone-27.1.1.dev1+passwordpolicy.1/releasenotes/notes
copying releasenotes/notes/bug-1816927-e17f4e596e611380.yaml -> keystone-27.1.1.dev1+passwordpolicy.1/releasenotes/notes
copying releasenotes/notes/bug-1817313-c11481e6eed29ec2.yaml -> keystone-27.1.1.dev1+passwordpolicy.1/releasenotes/notes
copying releasenotes/notes/bug-1818725-96d698e22e648764.yaml -> keystone-27.1.1.dev1+passwordpolicy.1/releasenotes/notes
copying releasenotes/notes/bug-1818734-d753bfae60ffd030.yaml -> keystone-27.1.1.dev1+passwordpolicy.1/releasenotes/notes
copying releasenotes/notes/bug-1818736-98ea186a074056f4.yaml -> keystone-27.1.1.dev1+passwordpolicy.1/releasenotes/notes
copying releasenotes/notes/bug-1818845-05f8c3af5ea9abc7.yaml -> keystone-27.1.1.dev1+passwordpolicy.1/releasenotes/notes
copying releasenotes/notes/bug-1818846-d1a8c77d20659ad6.yaml -> keystone-27.1.1.dev1+passwordpolicy.1/releasenotes/notes
copying releasenotes/notes/bug-1819036-e2d24655c70d0aad.yaml -> keystone-27.1.1.dev1+passwordpolicy.1/releasenotes/notes
copying releasenotes/notes/bug-1820333-356dcc8bf9f73fed.yaml -> keystone-27.1.1.dev1+passwordpolicy.1/releasenotes/notes
copying releasenotes/notes/bug-1823258-9649b56a440b5ae1.yaml -> keystone-27.1.1.dev1+passwordpolicy.1/releasenotes/notes
copying releasenotes/notes/bug-1823258-9f93dbdc0fa8441d.yaml -> keystone-27.1.1.dev1+passwordpolicy.1/releasenotes/notes
copying releasenotes/notes/bug-1827431-2f078c13dfc9a02a.yaml -> keystone-27.1.1.dev1+passwordpolicy.1/releasenotes/notes
copying releasenotes/notes/bug-1831918-c70cf87ef086d871.yaml -> keystone-27.1.1.dev1+passwordpolicy.1/releasenotes/notes
copying releasenotes/notes/bug-1832265-cb76ccf505c2d9d1.yaml -> keystone-27.1.1.dev1+passwordpolicy.1/releasenotes/notes
copying releasenotes/notes/bug-1833739-f962e8caf3e22068.yaml -> keystone-27.1.1.dev1+passwordpolicy.1/releasenotes/notes
copying releasenotes/notes/bug-1836568-66d853a1f22c5530.yaml -> keystone-27.1.1.dev1+passwordpolicy.1/releasenotes/notes
copying releasenotes/notes/bug-1839133-24570c9fbacb530d.yaml -> keystone-27.1.1.dev1+passwordpolicy.1/releasenotes/notes
copying releasenotes/notes/bug-1839577-1226d86ea0744055.yaml -> keystone-27.1.1.dev1+passwordpolicy.1/releasenotes/notes
copying releasenotes/notes/bug-1840291-35af1ac7ba06e166.yaml -> keystone-27.1.1.dev1+passwordpolicy.1/releasenotes/notes
copying releasenotes/notes/bug-1841486-425f367925f5e03f.yaml -> keystone-27.1.1.dev1+passwordpolicy.1/releasenotes/notes
copying releasenotes/notes/bug-1843609-8498b132222596b7.yaml -> keystone-27.1.1.dev1+passwordpolicy.1/releasenotes/notes
copying releasenotes/notes/bug-1844157-7808af9bcea0429d.yaml -> keystone-27.1.1.dev1+passwordpolicy.1/releasenotes/notes
copying releasenotes/notes/bug-1844194-48ae60db49f91bd4.yaml -> keystone-27.1.1.dev1+passwordpolicy.1/releasenotes/notes
copying releasenotes/notes/bug-1844207-x27a31f3403xfd7y.yaml -> keystone-27.1.1.dev1+passwordpolicy.1/releasenotes/notes
copying releasenotes/notes/bug-1844461-08a8bdc5f613b88d.yaml -> keystone-27.1.1.dev1+passwordpolicy.1/releasenotes/notes
copying releasenotes/notes/bug-1844664-905cf6cad2e032a7.yaml -> keystone-27.1.1.dev1+passwordpolicy.1/releasenotes/notes
copying releasenotes/notes/bug-1848238-f6533644f7907358.yaml -> keystone-27.1.1.dev1+passwordpolicy.1/releasenotes/notes
copying releasenotes/notes/bug-1848342-317c9e4afa65a3ff.yaml -> keystone-27.1.1.dev1+passwordpolicy.1/releasenotes/notes
copying releasenotes/notes/bug-1855080-08b28181b7cb2470.yaml -> keystone-27.1.1.dev1+passwordpolicy.1/releasenotes/notes
copying releasenotes/notes/bug-1856881-277103af343187f1.yaml -> keystone-27.1.1.dev1+passwordpolicy.1/releasenotes/notes
copying releasenotes/notes/bug-1856904-101af15bb48eb3ca.yaml -> keystone-27.1.1.dev1+passwordpolicy.1/releasenotes/notes
copying releasenotes/notes/bug-1856962-2c87d541da61c727.yaml -> keystone-27.1.1.dev1+passwordpolicy.1/releasenotes/notes
copying releasenotes/notes/bug-1858012-584267ada7e33f2c.yaml -> keystone-27.1.1.dev1+passwordpolicy.1/releasenotes/notes
copying releasenotes/notes/bug-1872732-7261816d0b170008.yaml -> keystone-27.1.1.dev1+passwordpolicy.1/releasenotes/notes
copying releasenotes/notes/bug-1872733-2377f456a57ad32c.yaml -> keystone-27.1.1.dev1+passwordpolicy.1/releasenotes/notes
copying releasenotes/notes/bug-1872735-0989e51d2248ce1e.yaml -> keystone-27.1.1.dev1+passwordpolicy.1/releasenotes/notes
copying releasenotes/notes/bug-1872737-f8e1ad3b6705b766.yaml -> keystone-27.1.1.dev1+passwordpolicy.1/releasenotes/notes
copying releasenotes/notes/bug-1872753-e2a934eac919ccde.yaml -> keystone-27.1.1.dev1+passwordpolicy.1/releasenotes/notes
copying releasenotes/notes/bug-1872755-2c81d3267b89f124.yaml -> keystone-27.1.1.dev1+passwordpolicy.1/releasenotes/notes
copying releasenotes/notes/bug-1873290-ff7f8e4cee15b75a.yaml -> keystone-27.1.1.dev1+passwordpolicy.1/releasenotes/notes
copying releasenotes/notes/bug-1878938-70ee2af6fdf66004.yaml -> keystone-27.1.1.dev1+passwordpolicy.1/releasenotes/notes
copying releasenotes/notes/bug-1880252-51036d5353125e15.yaml -> keystone-27.1.1.dev1+passwordpolicy.1/releasenotes/notes
copying releasenotes/notes/bug-1885753-51df25f3ff1d9ae8.yaml -> keystone-27.1.1.dev1+passwordpolicy.1/releasenotes/notes
copying releasenotes/notes/bug-1886017-bc2ad648d57101a2.yaml -> keystone-27.1.1.dev1+passwordpolicy.1/releasenotes/notes
copying releasenotes/notes/bug-1889936-78d6853b5212b8f1.yaml -> keystone-27.1.1.dev1+passwordpolicy.1/releasenotes/notes
copying releasenotes/notes/bug-1896125-b17a4d12730fe493.yaml -> keystone-27.1.1.dev1+passwordpolicy.1/releasenotes/notes
copying releasenotes/notes/bug-1897280-e7065c4368a325ad.yaml -> keystone-27.1.1.dev1+passwordpolicy.1/releasenotes/notes
copying releasenotes/notes/bug-1901207-13762f85b8a04481.yaml -> keystone-27.1.1.dev1+passwordpolicy.1/releasenotes/notes
copying releasenotes/notes/bug-1901654-69b9f35d11cd0c75.yaml -> keystone-27.1.1.dev1+passwordpolicy.1/releasenotes/notes
copying releasenotes/notes/bug-1926483-a77ab887e0e7f5c9.yaml -> keystone-27.1.1.dev1+passwordpolicy.1/releasenotes/notes
copying releasenotes/notes/bug-1929066-6e741c9182620a37.yaml -> keystone-27.1.1.dev1+passwordpolicy.1/releasenotes/notes
copying releasenotes/notes/bug-1941020-cleanup-541a2d372a1cf4cd.yaml -> keystone-27.1.1.dev1+passwordpolicy.1/releasenotes/notes
copying releasenotes/notes/bug-1941020-f694395a9bcea72f.yaml -> keystone-27.1.1.dev1+passwordpolicy.1/releasenotes/notes
copying releasenotes/notes/bug-1951632-11272e49e2fa439d.yaml -> keystone-27.1.1.dev1+passwordpolicy.1/releasenotes/notes
copying releasenotes/notes/bug-2074018-28f7bbe8f28f5efe.yaml -> keystone-27.1.1.dev1+passwordpolicy.1/releasenotes/notes
copying releasenotes/notes/bug-2148398-e35dd449b3a330e6.yaml -> keystone-27.1.1.dev1+passwordpolicy.1/releasenotes/notes
copying releasenotes/notes/bug-2150089-e91b592c948e5771.yaml -> keystone-27.1.1.dev1+passwordpolicy.1/releasenotes/notes
copying releasenotes/notes/bug-2153453-6f2a1d9e0c7b4a83.yaml -> keystone-27.1.1.dev1+passwordpolicy.1/releasenotes/notes
copying releasenotes/notes/bug-2154645-role-assignment-tree-domain-bypass-f126c413bd62c375.yaml -> keystone-27.1.1.dev1+passwordpolicy.1/releasenotes/notes
copying releasenotes/notes/bug-2158538-delegated-token-rescope-a1b2c3d4e5f6.yaml -> keystone-27.1.1.dev1+passwordpolicy.1/releasenotes/notes
copying releasenotes/notes/bug1828565-0790c4c60ba34100.yaml -> keystone-27.1.1.dev1+passwordpolicy.1/releasenotes/notes
copying releasenotes/notes/bug_1526462-df9a3f3974d9040f.yaml -> keystone-27.1.1.dev1+passwordpolicy.1/releasenotes/notes
copying releasenotes/notes/bug_1543048_and_1668503-7ead4e15faaab778.yaml -> keystone-27.1.1.dev1+passwordpolicy.1/releasenotes/notes
copying releasenotes/notes/bug_1674415-e8a7345aa2b05ab7.yaml -> keystone-27.1.1.dev1+passwordpolicy.1/releasenotes/notes
copying releasenotes/notes/bug_1688188-256e3572295231a1.yaml -> keystone-27.1.1.dev1+passwordpolicy.1/releasenotes/notes
copying releasenotes/notes/bug_1698900-f195125bf341d887.yaml -> keystone-27.1.1.dev1+passwordpolicy.1/releasenotes/notes
copying releasenotes/notes/catalog-caching-12f2532cfb71325a.yaml -> keystone-27.1.1.dev1+passwordpolicy.1/releasenotes/notes
copying releasenotes/notes/catalog_project_id-519f5a70f9f7c4c6.yaml -> keystone-27.1.1.dev1+passwordpolicy.1/releasenotes/notes
copying releasenotes/notes/change_min_pool_retry_max-f5e7c8d315401426.yaml -> keystone-27.1.1.dev1+passwordpolicy.1/releasenotes/notes
copying releasenotes/notes/convert-keystone-to-flask-80d980e239b662b0.yaml -> keystone-27.1.1.dev1+passwordpolicy.1/releasenotes/notes
copying releasenotes/notes/deprecate-endpoint-policy-cfg-option-d018acab72a398a0.yaml -> keystone-27.1.1.dev1+passwordpolicy.1/releasenotes/notes
copying releasenotes/notes/deprecate-json-formatted-policy-file-95f6307f88358f58.yaml -> keystone-27.1.1.dev1+passwordpolicy.1/releasenotes/notes
copying releasenotes/notes/deprecate-max-param-size-6e0770e0c9d21dd6.yaml -> keystone-27.1.1.dev1+passwordpolicy.1/releasenotes/notes
copying releasenotes/notes/deprecate-memcache-token-persistence-eac88c80147ea241.yaml -> keystone-27.1.1.dev1+passwordpolicy.1/releasenotes/notes
copying releasenotes/notes/deprecate-policies-api-b104fbd1d2367b1b.yaml -> keystone-27.1.1.dev1+passwordpolicy.1/releasenotes/notes
copying releasenotes/notes/deprecate-templated-catalog-driver-f811a6040abdc4a8.yaml -> keystone-27.1.1.dev1+passwordpolicy.1/releasenotes/notes
copying releasenotes/notes/deprecate-v2-apis-894284c17be881d2.yaml -> keystone-27.1.1.dev1+passwordpolicy.1/releasenotes/notes
copying releasenotes/notes/deprecated-as-of-mitaka-8534e43fa40c1d09.yaml -> keystone-27.1.1.dev1+passwordpolicy.1/releasenotes/notes
copying releasenotes/notes/deprecated-as-of-newton-be1d8dbcc6bdc68f.yaml -> keystone-27.1.1.dev1+passwordpolicy.1/releasenotes/notes
copying releasenotes/notes/deprecated-as-of-ocata-a5b2f1e3e39f818e.yaml -> keystone-27.1.1.dev1+passwordpolicy.1/releasenotes/notes
copying releasenotes/notes/deprecated-as-of-pike-506f9aca91674550.yaml -> keystone-27.1.1.dev1+passwordpolicy.1/releasenotes/notes
copying releasenotes/notes/deprecated-as-of-queens-8ad7f826e4f08f57.yaml -> keystone-27.1.1.dev1+passwordpolicy.1/releasenotes/notes
copying releasenotes/notes/deprecated-as-of-rocky-60b2fa05d07d3a28.yaml -> keystone-27.1.1.dev1+passwordpolicy.1/releasenotes/notes
copying releasenotes/notes/deprecated-as-of-stein-0166965502cb3be2.yaml -> keystone-27.1.1.dev1+passwordpolicy.1/releasenotes/notes
copying releasenotes/notes/deprecated-as-of-train-de3fe41ff2251385.yaml -> keystone-27.1.1.dev1+passwordpolicy.1/releasenotes/notes
copying releasenotes/notes/deprecated-socket_timeout-option-d3358b4f2310706c.yaml -> keystone-27.1.1.dev1+passwordpolicy.1/releasenotes/notes
copying releasenotes/notes/domain-level-limit-support-60e1e330d06227ed.yaml -> keystone-27.1.1.dev1+passwordpolicy.1/releasenotes/notes
copying releasenotes/notes/domain-manager-persona-7921587ce2fab4fd.yaml -> keystone-27.1.1.dev1+passwordpolicy.1/releasenotes/notes
copying releasenotes/notes/dont-enforce-get-s3tokens-ec2tokens-62b90b199e8075d8.yaml -> keystone-27.1.1.dev1+passwordpolicy.1/releasenotes/notes
copying releasenotes/notes/drop-passlib-9b398c8f08f5e9ee.yaml -> keystone-27.1.1.dev1+passwordpolicy.1/releasenotes/notes
copying releasenotes/notes/drop-project-id-fk-b683b414e1585be8.yaml -> keystone-27.1.1.dev1+passwordpolicy.1/releasenotes/notes
copying releasenotes/notes/drop-python-3-6-and-3-7-dc90b86cedced92b.yaml -> keystone-27.1.1.dev1+passwordpolicy.1/releasenotes/notes
copying releasenotes/notes/enable-filter-idp-d0135f4615178cfc.yaml -> keystone-27.1.1.dev1+passwordpolicy.1/releasenotes/notes
copying releasenotes/notes/enable-inherit-on-default-54ac435230261a6a.yaml -> keystone-27.1.1.dev1+passwordpolicy.1/releasenotes/notes
copying releasenotes/notes/endpoints-from-endpoint_group-project-association-7271fba600322fb6.yaml -> keystone-27.1.1.dev1+passwordpolicy.1/releasenotes/notes
copying releasenotes/notes/eventlet-cleanup-f35fc5f83c16ea1c.yaml -> keystone-27.1.1.dev1+passwordpolicy.1/releasenotes/notes
copying releasenotes/notes/extensions-to-core-a0d270d216d47276.yaml -> keystone-27.1.1.dev1+passwordpolicy.1/releasenotes/notes
copying releasenotes/notes/federation-group-ids-mapping-6c56120d65a5cb22.yaml -> keystone-27.1.1.dev1+passwordpolicy.1/releasenotes/notes
copying releasenotes/notes/filter-mappings-by-entity-77162a146d375385.yaml -> keystone-27.1.1.dev1+passwordpolicy.1/releasenotes/notes
copying releasenotes/notes/fix_application_credentials_implied_roles-b445fa56cb335a4d.yaml -> keystone-27.1.1.dev1+passwordpolicy.1/releasenotes/notes
copying releasenotes/notes/fix_ldap_enabled_boolean-6281eb00e5aaed26.yaml -> keystone-27.1.1.dev1+passwordpolicy.1/releasenotes/notes
copying releasenotes/notes/httpd-keystone-d51b7335559b09c8.yaml -> keystone-27.1.1.dev1+passwordpolicy.1/releasenotes/notes
copying releasenotes/notes/identity_driver_new_change_password_method-e8c0e06795bca2d8.yaml -> keystone-27.1.1.dev1+passwordpolicy.1/releasenotes/notes
copying releasenotes/notes/immutable-resource-options-bug-1807751-acc1e3c689484337.yaml -> keystone-27.1.1.dev1+passwordpolicy.1/releasenotes/notes
copying releasenotes/notes/impl-templated-catalog-1d8f6333726b34f8.yaml -> keystone-27.1.1.dev1+passwordpolicy.1/releasenotes/notes
copying releasenotes/notes/implied-roles-026f401adc0f7fb6.yaml -> keystone-27.1.1.dev1+passwordpolicy.1/releasenotes/notes
copying releasenotes/notes/implied-roles-stable-8b293e187c5620ad.yaml -> keystone-27.1.1.dev1+passwordpolicy.1/releasenotes/notes
copying releasenotes/notes/improve-driver-donfiguration-ecedaf6ad0c3f9d2.yaml -> keystone-27.1.1.dev1+passwordpolicy.1/releasenotes/notes
copying releasenotes/notes/insecure_reponse-2a168230709bc8e7.yaml -> keystone-27.1.1.dev1+passwordpolicy.1/releasenotes/notes
copying releasenotes/notes/integrate-osprofiler-ad0e16a542b12899.yaml -> keystone-27.1.1.dev1+passwordpolicy.1/releasenotes/notes
copying releasenotes/notes/invalidate-token-disabled-user-readonly-backend-5fa09c3e40e8d795.yaml -> keystone-27.1.1.dev1+passwordpolicy.1/releasenotes/notes
copying releasenotes/notes/is-admin-24b34238c83b3a82.yaml -> keystone-27.1.1.dev1+passwordpolicy.1/releasenotes/notes
copying releasenotes/notes/ldap-conn-pool-enabled-90df94652f1ded53.yaml -> keystone-27.1.1.dev1+passwordpolicy.1/releasenotes/notes
copying releasenotes/notes/ldap-emulation-91c4d535eb9c3d10.yaml -> keystone-27.1.1.dev1+passwordpolicy.1/releasenotes/notes
copying releasenotes/notes/limits-api-refactor-05abf9e6c2e75852.yaml -> keystone-27.1.1.dev1+passwordpolicy.1/releasenotes/notes
copying releasenotes/notes/list_limit-ldap-support-5d31d51466fc49a6.yaml -> keystone-27.1.1.dev1+passwordpolicy.1/releasenotes/notes
copying releasenotes/notes/list_role_assignment_names-33aedc1e521230b6.yaml -> keystone-27.1.1.dev1+passwordpolicy.1/releasenotes/notes
copying releasenotes/notes/mapping_populate-521d92445505b8a3.yaml -> keystone-27.1.1.dev1+passwordpolicy.1/releasenotes/notes
copying releasenotes/notes/max-password-length-truncation-and-warning-bd69090315ec18a7.yaml -> keystone-27.1.1.dev1+passwordpolicy.1/releasenotes/notes
copying releasenotes/notes/migration_squash-f655329ddad7fc2a.yaml -> keystone-27.1.1.dev1+passwordpolicy.1/releasenotes/notes
copying releasenotes/notes/no-default-domain-2161ada44bf7a3f7.yaml -> keystone-27.1.1.dev1+passwordpolicy.1/releasenotes/notes
copying releasenotes/notes/notify-on-user-group-membership-8c0136ee0484e255.yaml -> keystone-27.1.1.dev1+passwordpolicy.1/releasenotes/notes
copying releasenotes/notes/oauth1-headers-content-type-9a9245d9bbec8f8e.yaml -> keystone-27.1.1.dev1+passwordpolicy.1/releasenotes/notes
copying releasenotes/notes/oslo.cache-a9ce47bfa8809efa.yaml -> keystone-27.1.1.dev1+passwordpolicy.1/releasenotes/notes
copying releasenotes/notes/pagination-identity-b127b6d3042d3d3a.yaml -> keystone-27.1.1.dev1+passwordpolicy.1/releasenotes/notes
copying releasenotes/notes/pagination-projects-ea311579da4bb83b.yaml -> keystone-27.1.1.dev1+passwordpolicy.1/releasenotes/notes
copying releasenotes/notes/password-created_at-nullable-b3c284be50d93ef5.yaml -> keystone-27.1.1.dev1+passwordpolicy.1/releasenotes/notes
copying releasenotes/notes/password-policy-exemption-4bf467dde2ba4413.yaml -> keystone-27.1.1.dev1+passwordpolicy.1/releasenotes/notes
copying releasenotes/notes/policy_new_federated_projects_for_user-dcd7bd148efef049.yaml -> keystone-27.1.1.dev1+passwordpolicy.1/releasenotes/notes
copying releasenotes/notes/pre-cache-tokens-73450934918af26b.yaml -> keystone-27.1.1.dev1+passwordpolicy.1/releasenotes/notes
copying releasenotes/notes/project-tags-1e72a6779d9d02c5.yaml -> keystone-27.1.1.dev1+passwordpolicy.1/releasenotes/notes
copying releasenotes/notes/projects_as_domains-3ea8a58b4c2965e1.yaml -> keystone-27.1.1.dev1+passwordpolicy.1/releasenotes/notes
copying releasenotes/notes/python3-support-e4189e0a1a6e2e4f.yaml -> keystone-27.1.1.dev1+passwordpolicy.1/releasenotes/notes
copying releasenotes/notes/randomize_urls-c0c19f48b2bfa299.yaml -> keystone-27.1.1.dev1+passwordpolicy.1/releasenotes/notes
copying releasenotes/notes/remove-db_sync-extension-opt-2ab1f29340281215.yaml -> keystone-27.1.1.dev1+passwordpolicy.1/releasenotes/notes
copying releasenotes/notes/remove-legacy-migrations-647f60019c8dd9e8.yaml -> keystone-27.1.1.dev1+passwordpolicy.1/releasenotes/notes
copying releasenotes/notes/remove-py38-4e33bcf77029f0d0.yaml -> keystone-27.1.1.dev1+passwordpolicy.1/releasenotes/notes
copying releasenotes/notes/remove-sha512_crypt-password-hashing-module-be4c5ed3f50017c0.yaml -> keystone-27.1.1.dev1+passwordpolicy.1/releasenotes/notes
copying releasenotes/notes/remove-sqlalchemy-migrate-a4fa47685c7e28c6.yaml -> keystone-27.1.1.dev1+passwordpolicy.1/releasenotes/notes
copying releasenotes/notes/remove-templated-catalog-driver-042dd821dbad684a.yaml -> keystone-27.1.1.dev1+passwordpolicy.1/releasenotes/notes
copying releasenotes/notes/remove-token-auth-middleware-5ea3b3734ce1d9e6.yaml -> keystone-27.1.1.dev1+passwordpolicy.1/releasenotes/notes
copying releasenotes/notes/remove-trust-auth-support-from-v2-de316c9ba46d556d.yaml -> keystone-27.1.1.dev1+passwordpolicy.1/releasenotes/notes
copying releasenotes/notes/removed-as-of-mitaka-9ff14f87d0b98e7e.yaml -> keystone-27.1.1.dev1+passwordpolicy.1/releasenotes/notes
copying releasenotes/notes/removed-as-of-newton-721c06b5dcb1b34a.yaml -> keystone-27.1.1.dev1+passwordpolicy.1/releasenotes/notes
copying releasenotes/notes/removed-as-of-ocata-436bb4b839e74494.yaml -> keystone-27.1.1.dev1+passwordpolicy.1/releasenotes/notes
copying releasenotes/notes/removed-as-of-pike-deadbeefdeadbeef.yaml -> keystone-27.1.1.dev1+passwordpolicy.1/releasenotes/notes
copying releasenotes/notes/removed-as-of-queens-94c04e88c08f89aa.yaml -> keystone-27.1.1.dev1+passwordpolicy.1/releasenotes/notes
copying releasenotes/notes/removed-as-of-rocky-f44c3ba7c3e73d01.yaml -> keystone-27.1.1.dev1+passwordpolicy.1/releasenotes/notes
copying releasenotes/notes/removed-as-of-stein-5eb23253b72ab54e.yaml -> keystone-27.1.1.dev1+passwordpolicy.1/releasenotes/notes
copying releasenotes/notes/removed-as-of-train-92b2942a680eb859.yaml -> keystone-27.1.1.dev1+passwordpolicy.1/releasenotes/notes
copying releasenotes/notes/removed-as-of-ussuri-d2f6ef8901ef54ed.yaml -> keystone-27.1.1.dev1+passwordpolicy.1/releasenotes/notes
copying releasenotes/notes/request_context-e143ba9c446a5952.yaml -> keystone-27.1.1.dev1+passwordpolicy.1/releasenotes/notes
copying releasenotes/notes/resource-backend-sql-only-03154d8712b36bd0.yaml -> keystone-27.1.1.dev1+passwordpolicy.1/releasenotes/notes
copying releasenotes/notes/resource-driver-33793dd5080ee4d2.yaml -> keystone-27.1.1.dev1+passwordpolicy.1/releasenotes/notes
copying releasenotes/notes/revert-v2-token-issued-for-non-default-domain-25ea5337f158ef13.yaml -> keystone-27.1.1.dev1+passwordpolicy.1/releasenotes/notes
copying releasenotes/notes/s3-aws-v4-c6cb75ce8d2289d4.yaml -> keystone-27.1.1.dev1+passwordpolicy.1/releasenotes/notes
copying releasenotes/notes/scope-and-default-roles-a733c235731bb558.yaml -> keystone-27.1.1.dev1+passwordpolicy.1/releasenotes/notes
copying releasenotes/notes/sha512_crypt_deprecation-91a19080f1e884e4.yaml -> keystone-27.1.1.dev1+passwordpolicy.1/releasenotes/notes
copying releasenotes/notes/support_encrypted_credentials_at_rest-93dcb67b3508e91a.yaml -> keystone-27.1.1.dev1+passwordpolicy.1/releasenotes/notes
copying releasenotes/notes/switch-to-alembic-1fa5248f0ce824ae.yaml -> keystone-27.1.1.dev1+passwordpolicy.1/releasenotes/notes
copying releasenotes/notes/tenant_id_to_project_id-42d95d93011785cb.yaml -> keystone-27.1.1.dev1+passwordpolicy.1/releasenotes/notes
copying releasenotes/notes/token-formatter-ec58aba00fa83706.yaml -> keystone-27.1.1.dev1+passwordpolicy.1/releasenotes/notes
copying releasenotes/notes/token-provider-refactor-a3a64146807daf36.yaml -> keystone-27.1.1.dev1+passwordpolicy.1/releasenotes/notes
copying releasenotes/notes/token_expiration_to_match_application_credential-56d058355a9f240d.yaml -> keystone-27.1.1.dev1+passwordpolicy.1/releasenotes/notes
copying releasenotes/notes/totp-40d93231714c6a20.yaml -> keystone-27.1.1.dev1+passwordpolicy.1/releasenotes/notes
copying releasenotes/notes/unified-limit-api-improvment-b34d18769d18a0a7.yaml -> keystone-27.1.1.dev1+passwordpolicy.1/releasenotes/notes
copying releasenotes/notes/use-correct-inspect-8142e317c1e39c2a.yaml -> keystone-27.1.1.dev1+passwordpolicy.1/releasenotes/notes
copying releasenotes/notes/use-pyldap-6e811c28bf350d6d.yaml -> keystone-27.1.1.dev1+passwordpolicy.1/releasenotes/notes
copying releasenotes/notes/use-python-ldap-0318ff7798bdd98d.yaml -> keystone-27.1.1.dev1+passwordpolicy.1/releasenotes/notes
copying releasenotes/notes/v2-dep-d6e7ab2d08119549.yaml -> keystone-27.1.1.dev1+passwordpolicy.1/releasenotes/notes
copying releasenotes/notes/v3-endpoints-in-v2-list-b0439816938713d6.yaml -> keystone-27.1.1.dev1+passwordpolicy.1/releasenotes/notes
copying releasenotes/notes/v9FederationDriver-cbebcf5f97e1eae2.yaml -> keystone-27.1.1.dev1+passwordpolicy.1/releasenotes/notes
copying releasenotes/notes/x509-auth-df0a229780b8e3ff.yaml -> keystone-27.1.1.dev1+passwordpolicy.1/releasenotes/notes
copying releasenotes/source/2023.1.rst -> keystone-27.1.1.dev1+passwordpolicy.1/releasenotes/source
copying releasenotes/source/2023.2.rst -> keystone-27.1.1.dev1+passwordpolicy.1/releasenotes/source
copying releasenotes/source/2024.1.rst -> keystone-27.1.1.dev1+passwordpolicy.1/releasenotes/source
copying releasenotes/source/2024.2.rst -> keystone-27.1.1.dev1+passwordpolicy.1/releasenotes/source
copying releasenotes/source/conf.py -> keystone-27.1.1.dev1+passwordpolicy.1/releasenotes/source
copying releasenotes/source/index.rst -> keystone-27.1.1.dev1+passwordpolicy.1/releasenotes/source
copying releasenotes/source/liberty.rst -> keystone-27.1.1.dev1+passwordpolicy.1/releasenotes/source
copying releasenotes/source/mitaka.rst -> keystone-27.1.1.dev1+passwordpolicy.1/releasenotes/source
copying releasenotes/source/newton.rst -> keystone-27.1.1.dev1+passwordpolicy.1/releasenotes/source
copying releasenotes/source/ocata.rst -> keystone-27.1.1.dev1+passwordpolicy.1/releasenotes/source
copying releasenotes/source/pike.rst -> keystone-27.1.1.dev1+passwordpolicy.1/releasenotes/source
copying releasenotes/source/queens.rst -> keystone-27.1.1.dev1+passwordpolicy.1/releasenotes/source
copying releasenotes/source/rocky.rst -> keystone-27.1.1.dev1+passwordpolicy.1/releasenotes/source
copying releasenotes/source/stein.rst -> keystone-27.1.1.dev1+passwordpolicy.1/releasenotes/source
copying releasenotes/source/train.rst -> keystone-27.1.1.dev1+passwordpolicy.1/releasenotes/source
copying releasenotes/source/unreleased.rst -> keystone-27.1.1.dev1+passwordpolicy.1/releasenotes/source
copying releasenotes/source/ussuri.rst -> keystone-27.1.1.dev1+passwordpolicy.1/releasenotes/source
copying releasenotes/source/victoria.rst -> keystone-27.1.1.dev1+passwordpolicy.1/releasenotes/source
copying releasenotes/source/wallaby.rst -> keystone-27.1.1.dev1+passwordpolicy.1/releasenotes/source
copying releasenotes/source/xena.rst -> keystone-27.1.1.dev1+passwordpolicy.1/releasenotes/source
copying releasenotes/source/yoga.rst -> keystone-27.1.1.dev1+passwordpolicy.1/releasenotes/source
copying releasenotes/source/zed.rst -> keystone-27.1.1.dev1+passwordpolicy.1/releasenotes/source
copying releasenotes/source/_static/.placeholder -> keystone-27.1.1.dev1+passwordpolicy.1/releasenotes/source/_static
copying releasenotes/source/_templates/.placeholder -> keystone-27.1.1.dev1+passwordpolicy.1/releasenotes/source/_templates
copying releasenotes/source/locale/en_GB/LC_MESSAGES/releasenotes.po -> keystone-27.1.1.dev1+passwordpolicy.1/releasenotes/source/locale/en_GB/LC_MESSAGES
copying releasenotes/source/locale/ja/LC_MESSAGES/releasenotes.po -> keystone-27.1.1.dev1+passwordpolicy.1/releasenotes/source/locale/ja/LC_MESSAGES
copying tools/cover.sh -> keystone-27.1.1.dev1+passwordpolicy.1/tools
copying tools/fast8.sh -> keystone-27.1.1.dev1+passwordpolicy.1/tools
copying tools/sample_data.sh -> keystone-27.1.1.dev1+passwordpolicy.1/tools
copying tools/test-setup.sh -> keystone-27.1.1.dev1+passwordpolicy.1/tools
copying keystone.egg-info/SOURCES.txt -> keystone-27.1.1.dev1+passwordpolicy.1/keystone.egg-info
Writing keystone-27.1.1.dev1+passwordpolicy.1/setup.cfg
Creating tar archive
removing 'keystone-27.1.1.dev1+passwordpolicy.1' (and everything under it)
